noisy_path,clean_path,snr_db
C:\Users\jeswa\Downloads\file\data\train_set\noisy\synth_00000.wav,C:\Users\jeswa\Downloads\file\data\train_set\clean\synth_00000.wav,3.6
C:\Users\jeswa\Downloads\file\data\train_set\noisy\synth_00001.wav,C:\Users\jeswa\Downloads\file\data\train_set\clean\synth_00001.wav,3.3
C:\Users\jeswa\Downloads\file\data\train_set\noisy\synth_00002.wav,C:\Users\jeswa\Downloads\file\data\train_set\clean\synth_00002.wav,11.4
C:\Users\jeswa\Downloads\file\data\train_set\noisy\synth_00003.wav,C:\Users\jeswa\Downloads\file\data\train_set\clean\synth_00003.wav,-5.7
C:\Users\jeswa\Downloads\file\data\train_set\noisy\synth_00004.wav,C:\Users\jeswa\Downloads\file\data\train_set\clean\synth_00004.wav,9.9
C:\Users\jeswa\Downloads\file\data\train_set\noisy\synth_00005.wav,C:\Users\jeswa\Downloads\file\data\train_set\clean\synth_00005.wav,10.0
C:\Users\jeswa\Downloads\file\data\train_set\noisy\synth_00006.wav,C:\Users\jeswa\Downloads\file\data\train_set\clean\synth_00006.wav,3.0
C:\Users\jeswa\Downloads\file\data\train_set\noisy\synth_00007.wav,C:\Users\jeswa\Downloads\file\data\train_set\clean\synth_00007.wav,2.2
C:\Users\jeswa\Downloads\file\data\train_set\noisy\synth_00008.wav,C:\Users\jeswa\Downloads\file\data\train_set\clean\synth_00008.wav,-5.8
C:\Users\jeswa\Downloads\file\data\train_set\noisy\synth_00009.wav,C:\Users\jeswa\Downloads\file\data\train_set\clean\synth_00009.wav,-7.5
C:\Users\jeswa\Downloads\file\data\train_set\noisy\synth_00010.wav,C:\Users\jeswa\Downloads\file\data\train_set\clean\synth_00010.wav,1.0
C:\Users\jeswa\Downloads\file\data\train_set\noisy\synth_00011.wav,C:\Users\jeswa\Downloads\file\data\train_set\clean\synth_00011.wav,12.5
C:\Users\jeswa\Downloads\file\data\train_set\noisy\synth_00012.wav,C:\Users\jeswa\Downloads\file\data\train_set\clean\synth_00012.wav,8.4
C:\Users\jeswa\Downloads\file\data\train_set\noisy\synth_00013.wav,C:\Users\jeswa\Downloads\file\data\train_set\clean\synth_00013.wav,-6.6
C:\Users\jeswa\Downloads\file\data\train_set\noisy\synth_00014.wav,C:\Users\jeswa\Downloads\file\data\train_set\clean\synth_00014.wav,1.3
C:\Users\jeswa\Downloads\file\data\train_set\noisy\synth_00015.wav,C:\Users\jeswa\Downloads\file\data\train_set\clean\synth_00015.wav,5.6
C:\Users\jeswa\Downloads\file\data\train_set\noisy\synth_00016.wav,C:\Users\jeswa\Downloads\file\data\train_set\clean\synth_00016.wav,-4.6
C:\Users\jeswa\Downloads\file\data\train_set\noisy\synth_00017.wav,C:\Users\jeswa\Downloads\file\data\train_set\clean\synth_00017.wav,13.3
C:\Users\jeswa\Downloads\file\data\train_set\noisy\synth_00018.wav,C:\Users\jeswa\Downloads\file\data\train_set\clean\synth_00018.wav,4.2
C:\Users\jeswa\Downloads\file\data\train_set\noisy\synth_00019.wav,C:\Users\jeswa\Downloads\file\data\train_set\clean\synth_00019.wav,2.2
C:\Users\jeswa\Downloads\file\data\train_set\noisy\synth_00020.wav,C:\Users\jeswa\Downloads\file\data\train_set\clean\synth_00020.wav,-0.9
C:\Users\jeswa\Downloads\file\data\train_set\noisy\synth_00021.wav,C:\Users\jeswa\Downloads\file\data\train_set\clean\synth_00021.wav,-9.4
C:\Users\jeswa\Downloads\file\data\train_set\noisy\synth_00022.wav,C:\Users\jeswa\Downloads\file\data\train_set\clean\synth_00022.wav,-3.2
C:\Users\jeswa\Downloads\file\data\train_set\noisy\synth_00023.wav,C:\Users\jeswa\Downloads\file\data\train_set\clean\synth_00023.wav,-6.6
C:\Users\jeswa\Downloads\file\data\train_set\noisy\synth_00024.wav,C:\Users\jeswa\Downloads\file\data\train_set\clean\synth_00024.wav,4.0
C:\Users\jeswa\Downloads\file\data\train_set\noisy\synth_00025.wav,C:\Users\jeswa\Downloads\file\data\train_set\clean\synth_00025.wav,3.4
C:\Users\jeswa\Downloads\file\data\train_set\noisy\synth_00026.wav,C:\Users\jeswa\Downloads\file\data\train_set\clean\synth_00026.wav,-6.4
C:\Users\jeswa\Downloads\file\data\train_set\noisy\synth_00027.wav,C:\Users\jeswa\Downloads\file\data\train_set\clean\synth_00027.wav,-0.8
C:\Users\jeswa\Downloads\file\data\train_set\noisy\synth_00028.wav,C:\Users\jeswa\Downloads\file\data\train_set\clean\synth_00028.wav,0.7
C:\Users\jeswa\Downloads\file\data\train_set\noisy\synth_00029.wav,C:\Users\jeswa\Downloads\file\data\train_set\clean\synth_00029.wav,-2.6
C:\Users\jeswa\Downloads\file\data\train_set\noisy\synth_00030.wav,C:\Users\jeswa\Downloads\file\data\train_set\clean\synth_00030.wav,8.0
C:\Users\jeswa\Downloads\file\data\train_set\noisy\synth_00031.wav,C:\Users\jeswa\Downloads\file\data\train_set\clean\synth_00031.wav,-6.1
C:\Users\jeswa\Downloads\file\data\train_set\noisy\synth_00032.wav,C:\Users\jeswa\Downloads\file\data\train_set\clean\synth_00032.wav,5.6
C:\Users\jeswa\Downloads\file\data\train_set\noisy\synth_00033.wav,C:\Users\jeswa\Downloads\file\data\train_set\clean\synth_00033.wav,-4.8
C:\Users\jeswa\Downloads\file\data\train_set\noisy\synth_00034.wav,C:\Users\jeswa\Downloads\file\data\train_set\clean\synth_00034.wav,14.6
C:\Users\jeswa\Downloads\file\data\train_set\noisy\synth_00035.wav,C:\Users\jeswa\Downloads\file\data\train_set\clean\synth_00035.wav,11.6
C:\Users\jeswa\Downloads\file\data\train_set\noisy\synth_00036.wav,C:\Users\jeswa\Downloads\file\data\train_set\clean\synth_00036.wav,-6.7
C:\Users\jeswa\Downloads\file\data\train_set\noisy\synth_00037.wav,C:\Users\jeswa\Downloads\file\data\train_set\clean\synth_00037.wav,6.8
C:\Users\jeswa\Downloads\file\data\train_set\noisy\synth_00038.wav,C:\Users\jeswa\Downloads\file\data\train_set\clean\synth_00038.wav,6.6
C:\Users\jeswa\Downloads\file\data\train_set\noisy\synth_00039.wav,C:\Users\jeswa\Downloads\file\data\train_set\clean\synth_00039.wav,7.1
C:\Users\jeswa\Downloads\file\data\train_set\noisy\synth_00040.wav,C:\Users\jeswa\Downloads\file\data\train_set\clean\synth_00040.wav,-8.7
C:\Users\jeswa\Downloads\file\data\train_set\noisy\synth_00041.wav,C:\Users\jeswa\Downloads\file\data\train_set\clean\synth_00041.wav,10.6
C:\Users\jeswa\Downloads\file\data\train_set\noisy\synth_00042.wav,C:\Users\jeswa\Downloads\file\data\train_set\clean\synth_00042.wav,5.9
C:\Users\jeswa\Downloads\file\data\train_set\noisy\synth_00043.wav,C:\Users\jeswa\Downloads\file\data\train_set\clean\synth_00043.wav,0.9
C:\Users\jeswa\Downloads\file\data\train_set\noisy\synth_00044.wav,C:\Users\jeswa\Downloads\file\data\train_set\clean\synth_00044.wav,4.3
C:\Users\jeswa\Downloads\file\data\train_set\noisy\synth_00045.wav,C:\Users\jeswa\Downloads\file\data\train_set\clean\synth_00045.wav,4.9
C:\Users\jeswa\Downloads\file\data\train_set\noisy\synth_00046.wav,C:\Users\jeswa\Downloads\file\data\train_set\clean\synth_00046.wav,0.8
C:\Users\jeswa\Downloads\file\data\train_set\noisy\synth_00047.wav,C:\Users\jeswa\Downloads\file\data\train_set\clean\synth_00047.wav,13.0
C:\Users\jeswa\Downloads\file\data\train_set\noisy\synth_00048.wav,C:\Users\jeswa\Downloads\file\data\train_set\clean\synth_00048.wav,-0.4
C:\Users\jeswa\Downloads\file\data\train_set\noisy\synth_00049.wav,C:\Users\jeswa\Downloads\file\data\train_set\clean\synth_00049.wav,4.0
C:\Users\jeswa\Downloads\file\data\train_set\noisy\synth_00050.wav,C:\Users\jeswa\Downloads\file\data\train_set\clean\synth_00050.wav,-7.1
C:\Users\jeswa\Downloads\file\data\train_set\noisy\synth_00051.wav,C:\Users\jeswa\Downloads\file\data\train_set\clean\synth_00051.wav,13.5
C:\Users\jeswa\Downloads\file\data\train_set\noisy\synth_00052.wav,C:\Users\jeswa\Downloads\file\data\train_set\clean\synth_00052.wav,-4.4
C:\Users\jeswa\Downloads\file\data\train_set\noisy\synth_00053.wav,C:\Users\jeswa\Downloads\file\data\train_set\clean\synth_00053.wav,14.4
C:\Users\jeswa\Downloads\file\data\train_set\noisy\synth_00054.wav,C:\Users\jeswa\Downloads\file\data\train_set\clean\synth_00054.wav,1.2
C:\Users\jeswa\Downloads\file\data\train_set\noisy\synth_00055.wav,C:\Users\jeswa\Downloads\file\data\train_set\clean\synth_00055.wav,10.7
C:\Users\jeswa\Downloads\file\data\train_set\noisy\synth_00056.wav,C:\Users\jeswa\Downloads\file\data\train_set\clean\synth_00056.wav,-0.6
C:\Users\jeswa\Downloads\file\data\train_set\noisy\synth_00057.wav,C:\Users\jeswa\Downloads\file\data\train_set\clean\synth_00057.wav,-0.5
C:\Users\jeswa\Downloads\file\data\train_set\noisy\synth_00058.wav,C:\Users\jeswa\Downloads\file\data\train_set\clean\synth_00058.wav,-8.9
C:\Users\jeswa\Downloads\file\data\train_set\noisy\synth_00059.wav,C:\Users\jeswa\Downloads\file\data\train_set\clean\synth_00059.wav,4.7
C:\Users\jeswa\Downloads\file\data\train_set\noisy\synth_00060.wav,C:\Users\jeswa\Downloads\file\data\train_set\clean\synth_00060.wav,-4.0
C:\Users\jeswa\Downloads\file\data\train_set\noisy\synth_00061.wav,C:\Users\jeswa\Downloads\file\data\train_set\clean\synth_00061.wav,6.1
C:\Users\jeswa\Downloads\file\data\train_set\noisy\synth_00062.wav,C:\Users\jeswa\Downloads\file\data\train_set\clean\synth_00062.wav,13.1
C:\Users\jeswa\Downloads\file\data\train_set\noisy\synth_00063.wav,C:\Users\jeswa\Downloads\file\data\train_set\clean\synth_00063.wav,9.8
C:\Users\jeswa\Downloads\file\data\train_set\noisy\synth_00064.wav,C:\Users\jeswa\Downloads\file\data\train_set\clean\synth_00064.wav,6.6
C:\Users\jeswa\Downloads\file\data\train_set\noisy\synth_00065.wav,C:\Users\jeswa\Downloads\file\data\train_set\clean\synth_00065.wav,-4.7
C:\Users\jeswa\Downloads\file\data\train_set\noisy\synth_00066.wav,C:\Users\jeswa\Downloads\file\data\train_set\clean\synth_00066.wav,5.7
C:\Users\jeswa\Downloads\file\data\train_set\noisy\synth_00067.wav,C:\Users\jeswa\Downloads\file\data\train_set\clean\synth_00067.wav,3.2
C:\Users\jeswa\Downloads\file\data\train_set\noisy\synth_00068.wav,C:\Users\jeswa\Downloads\file\data\train_set\clean\synth_00068.wav,10.7
C:\Users\jeswa\Downloads\file\data\train_set\noisy\synth_00069.wav,C:\Users\jeswa\Downloads\file\data\train_set\clean\synth_00069.wav,-4.7
C:\Users\jeswa\Downloads\file\data\train_set\noisy\synth_00070.wav,C:\Users\jeswa\Downloads\file\data\train_set\clean\synth_00070.wav,9.8
C:\Users\jeswa\Downloads\file\data\train_set\noisy\synth_00071.wav,C:\Users\jeswa\Downloads\file\data\train_set\clean\synth_00071.wav,13.3
C:\Users\jeswa\Downloads\file\data\train_set\noisy\synth_00072.wav,C:\Users\jeswa\Downloads\file\data\train_set\clean\synth_00072.wav,8.2
C:\Users\jeswa\Downloads\file\data\train_set\noisy\synth_00073.wav,C:\Users\jeswa\Downloads\file\data\train_set\clean\synth_00073.wav,-0.6
C:\Users\jeswa\Downloads\file\data\train_set\noisy\synth_00074.wav,C:\Users\jeswa\Downloads\file\data\train_set\clean\synth_00074.wav,-3.1
C:\Users\jeswa\Downloads\file\data\train_set\noisy\synth_00075.wav,C:\Users\jeswa\Downloads\file\data\train_set\clean\synth_00075.wav,-0.0
C:\Users\jeswa\Downloads\file\data\train_set\noisy\synth_00076.wav,C:\Users\jeswa\Downloads\file\data\train_set\clean\synth_00076.wav,-9.2
C:\Users\jeswa\Downloads\file\data\train_set\noisy\synth_00077.wav,C:\Users\jeswa\Downloads\file\data\train_set\clean\synth_00077.wav,0.3
C:\Users\jeswa\Downloads\file\data\train_set\noisy\synth_00078.wav,C:\Users\jeswa\Downloads\file\data\train_set\clean\synth_00078.wav,-0.7
C:\Users\jeswa\Downloads\file\data\train_set\noisy\synth_00079.wav,C:\Users\jeswa\Downloads\file\data\train_set\clean\synth_00079.wav,12.9
C:\Users\jeswa\Downloads\file\data\train_set\noisy\synth_00080.wav,C:\Users\jeswa\Downloads\file\data\train_set\clean\synth_00080.wav,10.1
C:\Users\jeswa\Downloads\file\data\train_set\noisy\synth_00081.wav,C:\Users\jeswa\Downloads\file\data\train_set\clean\synth_00081.wav,8.6
C:\Users\jeswa\Downloads\file\data\train_set\noisy\synth_00082.wav,C:\Users\jeswa\Downloads\file\data\train_set\clean\synth_00082.wav,-7.9
C:\Users\jeswa\Downloads\file\data\train_set\noisy\synth_00083.wav,C:\Users\jeswa\Downloads\file\data\train_set\clean\synth_00083.wav,-5.8
C:\Users\jeswa\Downloads\file\data\train_set\noisy\synth_00084.wav,C:\Users\jeswa\Downloads\file\data\train_set\clean\synth_00084.wav,9.5
C:\Users\jeswa\Downloads\file\data\train_set\noisy\synth_00085.wav,C:\Users\jeswa\Downloads\file\data\train_set\clean\synth_00085.wav,-0.7
C:\Users\jeswa\Downloads\file\data\train_set\noisy\synth_00086.wav,C:\Users\jeswa\Downloads\file\data\train_set\clean\synth_00086.wav,0.9
C:\Users\jeswa\Downloads\file\data\train_set\noisy\synth_00087.wav,C:\Users\jeswa\Downloads\file\data\train_set\clean\synth_00087.wav,-8.5
C:\Users\jeswa\Downloads\file\data\train_set\noisy\synth_00088.wav,C:\Users\jeswa\Downloads\file\data\train_set\clean\synth_00088.wav,-7.3
C:\Users\jeswa\Downloads\file\data\train_set\noisy\synth_00089.wav,C:\Users\jeswa\Downloads\file\data\train_set\clean\synth_00089.wav,4.4
C:\Users\jeswa\Downloads\file\data\train_set\noisy\synth_00090.wav,C:\Users\jeswa\Downloads\file\data\train_set\clean\synth_00090.wav,2.3
C:\Users\jeswa\Downloads\file\data\train_set\noisy\synth_00091.wav,C:\Users\jeswa\Downloads\file\data\train_set\clean\synth_00091.wav,-5.7
C:\Users\jeswa\Downloads\file\data\train_set\noisy\synth_00092.wav,C:\Users\jeswa\Downloads\file\data\train_set\clean\synth_00092.wav,12.2
C:\Users\jeswa\Downloads\file\data\train_set\noisy\synth_00093.wav,C:\Users\jeswa\Downloads\file\data\train_set\clean\synth_00093.wav,-7.9
C:\Users\jeswa\Downloads\file\data\train_set\noisy\synth_00094.wav,C:\Users\jeswa\Downloads\file\data\train_set\clean\synth_00094.wav,10.9
C:\Users\jeswa\Downloads\file\data\train_set\noisy\synth_00095.wav,C:\Users\jeswa\Downloads\file\data\train_set\clean\synth_00095.wav,3.5
C:\Users\jeswa\Downloads\file\data\train_set\noisy\synth_00096.wav,C:\Users\jeswa\Downloads\file\data\train_set\clean\synth_00096.wav,6.1
C:\Users\jeswa\Downloads\file\data\train_set\noisy\synth_00097.wav,C:\Users\jeswa\Downloads\file\data\train_set\clean\synth_00097.wav,-0.1
C:\Users\jeswa\Downloads\file\data\train_set\noisy\synth_00098.wav,C:\Users\jeswa\Downloads\file\data\train_set\clean\synth_00098.wav,12.0
C:\Users\jeswa\Downloads\file\data\train_set\noisy\synth_00099.wav,C:\Users\jeswa\Downloads\file\data\train_set\clean\synth_00099.wav,2.3
C:\Users\jeswa\Downloads\file\data\train_set\noisy\synth_00100.wav,C:\Users\jeswa\Downloads\file\data\train_set\clean\synth_00100.wav,2.1
C:\Users\jeswa\Downloads\file\data\train_set\noisy\synth_00101.wav,C:\Users\jeswa\Downloads\file\data\train_set\clean\synth_00101.wav,3.2
C:\Users\jeswa\Downloads\file\data\train_set\noisy\synth_00102.wav,C:\Users\jeswa\Downloads\file\data\train_set\clean\synth_00102.wav,9.2
C:\Users\jeswa\Downloads\file\data\train_set\noisy\synth_00103.wav,C:\Users\jeswa\Downloads\file\data\train_set\clean\synth_00103.wav,2.0
C:\Users\jeswa\Downloads\file\data\train_set\noisy\synth_00104.wav,C:\Users\jeswa\Downloads\file\data\train_set\clean\synth_00104.wav,4.1
C:\Users\jeswa\Downloads\file\data\train_set\noisy\synth_00105.wav,C:\Users\jeswa\Downloads\file\data\train_set\clean\synth_00105.wav,7.1
C:\Users\jeswa\Downloads\file\data\train_set\noisy\synth_00106.wav,C:\Users\jeswa\Downloads\file\data\train_set\clean\synth_00106.wav,12.1
C:\Users\jeswa\Downloads\file\data\train_set\noisy\synth_00107.wav,C:\Users\jeswa\Downloads\file\data\train_set\clean\synth_00107.wav,-4.9
C:\Users\jeswa\Downloads\file\data\train_set\noisy\synth_00108.wav,C:\Users\jeswa\Downloads\file\data\train_set\clean\synth_00108.wav,7.4
C:\Users\jeswa\Downloads\file\data\train_set\noisy\synth_00109.wav,C:\Users\jeswa\Downloads\file\data\train_set\clean\synth_00109.wav,-2.0
C:\Users\jeswa\Downloads\file\data\train_set\noisy\synth_00110.wav,C:\Users\jeswa\Downloads\file\data\train_set\clean\synth_00110.wav,10.5
C:\Users\jeswa\Downloads\file\data\train_set\noisy\synth_00111.wav,C:\Users\jeswa\Downloads\file\data\train_set\clean\synth_00111.wav,3.1
C:\Users\jeswa\Downloads\file\data\train_set\noisy\synth_00112.wav,C:\Users\jeswa\Downloads\file\data\train_set\clean\synth_00112.wav,2.5
C:\Users\jeswa\Downloads\file\data\train_set\noisy\synth_00113.wav,C:\Users\jeswa\Downloads\file\data\train_set\clean\synth_00113.wav,10.0
C:\Users\jeswa\Downloads\file\data\train_set\noisy\synth_00114.wav,C:\Users\jeswa\Downloads\file\data\train_set\clean\synth_00114.wav,-7.2
C:\Users\jeswa\Downloads\file\data\train_set\noisy\synth_00115.wav,C:\Users\jeswa\Downloads\file\data\train_set\clean\synth_00115.wav,-3.9
C:\Users\jeswa\Downloads\file\data\train_set\noisy\synth_00116.wav,C:\Users\jeswa\Downloads\file\data\train_set\clean\synth_00116.wav,0.0
C:\Users\jeswa\Downloads\file\data\train_set\noisy\synth_00117.wav,C:\Users\jeswa\Downloads\file\data\train_set\clean\synth_00117.wav,-9.5
C:\Users\jeswa\Downloads\file\data\train_set\noisy\synth_00118.wav,C:\Users\jeswa\Downloads\file\data\train_set\clean\synth_00118.wav,-2.5
C:\Users\jeswa\Downloads\file\data\train_set\noisy\synth_00119.wav,C:\Users\jeswa\Downloads\file\data\train_set\clean\synth_00119.wav,10.2
C:\Users\jeswa\Downloads\file\data\train_set\noisy\synth_00120.wav,C:\Users\jeswa\Downloads\file\data\train_set\clean\synth_00120.wav,4.9
C:\Users\jeswa\Downloads\file\data\train_set\noisy\synth_00121.wav,C:\Users\jeswa\Downloads\file\data\train_set\clean\synth_00121.wav,-0.2
C:\Users\jeswa\Downloads\file\data\train_set\noisy\synth_00122.wav,C:\Users\jeswa\Downloads\file\data\train_set\clean\synth_00122.wav,-3.2
C:\Users\jeswa\Downloads\file\data\train_set\noisy\synth_00123.wav,C:\Users\jeswa\Downloads\file\data\train_set\clean\synth_00123.wav,6.2
C:\Users\jeswa\Downloads\file\data\train_set\noisy\synth_00124.wav,C:\Users\jeswa\Downloads\file\data\train_set\clean\synth_00124.wav,10.3
C:\Users\jeswa\Downloads\file\data\train_set\noisy\synth_00125.wav,C:\Users\jeswa\Downloads\file\data\train_set\clean\synth_00125.wav,-6.4
C:\Users\jeswa\Downloads\file\data\train_set\noisy\synth_00126.wav,C:\Users\jeswa\Downloads\file\data\train_set\clean\synth_00126.wav,10.7
C:\Users\jeswa\Downloads\file\data\train_set\noisy\synth_00127.wav,C:\Users\jeswa\Downloads\file\data\train_set\clean\synth_00127.wav,-6.8
C:\Users\jeswa\Downloads\file\data\train_set\noisy\synth_00128.wav,C:\Users\jeswa\Downloads\file\data\train_set\clean\synth_00128.wav,-1.5
C:\Users\jeswa\Downloads\file\data\train_set\noisy\synth_00129.wav,C:\Users\jeswa\Downloads\file\data\train_set\clean\synth_00129.wav,-1.6
C:\Users\jeswa\Downloads\file\data\train_set\noisy\synth_00130.wav,C:\Users\jeswa\Downloads\file\data\train_set\clean\synth_00130.wav,-5.5
C:\Users\jeswa\Downloads\file\data\train_set\noisy\synth_00131.wav,C:\Users\jeswa\Downloads\file\data\train_set\clean\synth_00131.wav,6.7
C:\Users\jeswa\Downloads\file\data\train_set\noisy\synth_00132.wav,C:\Users\jeswa\Downloads\file\data\train_set\clean\synth_00132.wav,-7.1
C:\Users\jeswa\Downloads\file\data\train_set\noisy\synth_00133.wav,C:\Users\jeswa\Downloads\file\data\train_set\clean\synth_00133.wav,-0.9
C:\Users\jeswa\Downloads\file\data\train_set\noisy\synth_00134.wav,C:\Users\jeswa\Downloads\file\data\train_set\clean\synth_00134.wav,-4.7
C:\Users\jeswa\Downloads\file\data\train_set\noisy\synth_00135.wav,C:\Users\jeswa\Downloads\file\data\train_set\clean\synth_00135.wav,-7.1
C:\Users\jeswa\Downloads\file\data\train_set\noisy\synth_00136.wav,C:\Users\jeswa\Downloads\file\data\train_set\clean\synth_00136.wav,7.5
C:\Users\jeswa\Downloads\file\data\train_set\noisy\synth_00137.wav,C:\Users\jeswa\Downloads\file\data\train_set\clean\synth_00137.wav,-5.8
C:\Users\jeswa\Downloads\file\data\train_set\noisy\synth_00138.wav,C:\Users\jeswa\Downloads\file\data\train_set\clean\synth_00138.wav,10.8
C:\Users\jeswa\Downloads\file\data\train_set\noisy\synth_00139.wav,C:\Users\jeswa\Downloads\file\data\train_set\clean\synth_00139.wav,6.5
C:\Users\jeswa\Downloads\file\data\train_set\noisy\synth_00140.wav,C:\Users\jeswa\Downloads\file\data\train_set\clean\synth_00140.wav,-3.6
C:\Users\jeswa\Downloads\file\data\train_set\noisy\synth_00141.wav,C:\Users\jeswa\Downloads\file\data\train_set\clean\synth_00141.wav,4.9
C:\Users\jeswa\Downloads\file\data\train_set\noisy\synth_00142.wav,C:\Users\jeswa\Downloads\file\data\train_set\clean\synth_00142.wav,-7.1
C:\Users\jeswa\Downloads\file\data\train_set\noisy\synth_00143.wav,C:\Users\jeswa\Downloads\file\data\train_set\clean\synth_00143.wav,7.9
C:\Users\jeswa\Downloads\file\data\train_set\noisy\synth_00144.wav,C:\Users\jeswa\Downloads\file\data\train_set\clean\synth_00144.wav,-4.7
C:\Users\jeswa\Downloads\file\data\train_set\noisy\synth_00145.wav,C:\Users\jeswa\Downloads\file\data\train_set\clean\synth_00145.wav,-6.8
C:\Users\jeswa\Downloads\file\data\train_set\noisy\synth_00146.wav,C:\Users\jeswa\Downloads\file\data\train_set\clean\synth_00146.wav,-7.1
C:\Users\jeswa\Downloads\file\data\train_set\noisy\synth_00147.wav,C:\Users\jeswa\Downloads\file\data\train_set\clean\synth_00147.wav,8.3
C:\Users\jeswa\Downloads\file\data\train_set\noisy\synth_00148.wav,C:\Users\jeswa\Downloads\file\data\train_set\clean\synth_00148.wav,-2.7
C:\Users\jeswa\Downloads\file\data\train_set\noisy\synth_00149.wav,C:\Users\jeswa\Downloads\file\data\train_set\clean\synth_00149.wav,-4.9
C:\Users\jeswa\Downloads\file\data\train_set\noisy\synth_00150.wav,C:\Users\jeswa\Downloads\file\data\train_set\clean\synth_00150.wav,10.7
C:\Users\jeswa\Downloads\file\data\train_set\noisy\synth_00151.wav,C:\Users\jeswa\Downloads\file\data\train_set\clean\synth_00151.wav,2.4
C:\Users\jeswa\Downloads\file\data\train_set\noisy\synth_00152.wav,C:\Users\jeswa\Downloads\file\data\train_set\clean\synth_00152.wav,12.3
C:\Users\jeswa\Downloads\file\data\train_set\noisy\synth_00153.wav,C:\Users\jeswa\Downloads\file\data\train_set\clean\synth_00153.wav,1.4
C:\Users\jeswa\Downloads\file\data\train_set\noisy\synth_00154.wav,C:\Users\jeswa\Downloads\file\data\train_set\clean\synth_00154.wav,4.0
C:\Users\jeswa\Downloads\file\data\train_set\noisy\synth_00155.wav,C:\Users\jeswa\Downloads\file\data\train_set\clean\synth_00155.wav,13.8
C:\Users\jeswa\Downloads\file\data\train_set\noisy\synth_00156.wav,C:\Users\jeswa\Downloads\file\data\train_set\clean\synth_00156.wav,-2.1
C:\Users\jeswa\Downloads\file\data\train_set\noisy\synth_00157.wav,C:\Users\jeswa\Downloads\file\data\train_set\clean\synth_00157.wav,-8.8
C:\Users\jeswa\Downloads\file\data\train_set\noisy\synth_00158.wav,C:\Users\jeswa\Downloads\file\data\train_set\clean\synth_00158.wav,-3.6
C:\Users\jeswa\Downloads\file\data\train_set\noisy\synth_00159.wav,C:\Users\jeswa\Downloads\file\data\train_set\clean\synth_00159.wav,-5.9
C:\Users\jeswa\Downloads\file\data\train_set\noisy\synth_00160.wav,C:\Users\jeswa\Downloads\file\data\train_set\clean\synth_00160.wav,0.8
C:\Users\jeswa\Downloads\file\data\train_set\noisy\synth_00161.wav,C:\Users\jeswa\Downloads\file\data\train_set\clean\synth_00161.wav,-4.9
C:\Users\jeswa\Downloads\file\data\train_set\noisy\synth_00162.wav,C:\Users\jeswa\Downloads\file\data\train_set\clean\synth_00162.wav,2.8
C:\Users\jeswa\Downloads\file\data\train_set\noisy\synth_00163.wav,C:\Users\jeswa\Downloads\file\data\train_set\clean\synth_00163.wav,-6.6
C:\Users\jeswa\Downloads\file\data\train_set\noisy\synth_00164.wav,C:\Users\jeswa\Downloads\file\data\train_set\clean\synth_00164.wav,5.3
C:\Users\jeswa\Downloads\file\data\train_set\noisy\synth_00165.wav,C:\Users\jeswa\Downloads\file\data\train_set\clean\synth_00165.wav,-6.7
C:\Users\jeswa\Downloads\file\data\train_set\noisy\synth_00166.wav,C:\Users\jeswa\Downloads\file\data\train_set\clean\synth_00166.wav,13.5
C:\Users\jeswa\Downloads\file\data\train_set\noisy\synth_00167.wav,C:\Users\jeswa\Downloads\file\data\train_set\clean\synth_00167.wav,6.7
C:\Users\jeswa\Downloads\file\data\train_set\noisy\synth_00168.wav,C:\Users\jeswa\Downloads\file\data\train_set\clean\synth_00168.wav,4.5
C:\Users\jeswa\Downloads\file\data\train_set\noisy\synth_00169.wav,C:\Users\jeswa\Downloads\file\data\train_set\clean\synth_00169.wav,-2.1
C:\Users\jeswa\Downloads\file\data\train_set\noisy\synth_00170.wav,C:\Users\jeswa\Downloads\file\data\train_set\clean\synth_00170.wav,14.0
C:\Users\jeswa\Downloads\file\data\train_set\noisy\synth_00171.wav,C:\Users\jeswa\Downloads\file\data\train_set\clean\synth_00171.wav,-0.4
C:\Users\jeswa\Downloads\file\data\train_set\noisy\synth_00172.wav,C:\Users\jeswa\Downloads\file\data\train_set\clean\synth_00172.wav,-6.4
C:\Users\jeswa\Downloads\file\data\train_set\noisy\synth_00173.wav,C:\Users\jeswa\Downloads\file\data\train_set\clean\synth_00173.wav,5.0
C:\Users\jeswa\Downloads\file\data\train_set\noisy\synth_00174.wav,C:\Users\jeswa\Downloads\file\data\train_set\clean\synth_00174.wav,14.8
C:\Users\jeswa\Downloads\file\data\train_set\noisy\synth_00175.wav,C:\Users\jeswa\Downloads\file\data\train_set\clean\synth_00175.wav,9.1
C:\Users\jeswa\Downloads\file\data\train_set\noisy\synth_00176.wav,C:\Users\jeswa\Downloads\file\data\train_set\clean\synth_00176.wav,7.2
C:\Users\jeswa\Downloads\file\data\train_set\noisy\synth_00177.wav,C:\Users\jeswa\Downloads\file\data\train_set\clean\synth_00177.wav,-6.4
C:\Users\jeswa\Downloads\file\data\train_set\noisy\synth_00178.wav,C:\Users\jeswa\Downloads\file\data\train_set\clean\synth_00178.wav,7.8
C:\Users\jeswa\Downloads\file\data\train_set\noisy\synth_00179.wav,C:\Users\jeswa\Downloads\file\data\train_set\clean\synth_00179.wav,14.1
C:\Users\jeswa\Downloads\file\data\train_set\noisy\synth_00180.wav,C:\Users\jeswa\Downloads\file\data\train_set\clean\synth_00180.wav,2.9
C:\Users\jeswa\Downloads\file\data\train_set\noisy\synth_00181.wav,C:\Users\jeswa\Downloads\file\data\train_set\clean\synth_00181.wav,2.3
C:\Users\jeswa\Downloads\file\data\train_set\noisy\synth_00182.wav,C:\Users\jeswa\Downloads\file\data\train_set\clean\synth_00182.wav,-1.6
C:\Users\jeswa\Downloads\file\data\train_set\noisy\synth_00183.wav,C:\Users\jeswa\Downloads\file\data\train_set\clean\synth_00183.wav,-0.8
C:\Users\jeswa\Downloads\file\data\train_set\noisy\synth_00184.wav,C:\Users\jeswa\Downloads\file\data\train_set\clean\synth_00184.wav,11.3
C:\Users\jeswa\Downloads\file\data\train_set\noisy\synth_00185.wav,C:\Users\jeswa\Downloads\file\data\train_set\clean\synth_00185.wav,-5.9
C:\Users\jeswa\Downloads\file\data\train_set\noisy\synth_00186.wav,C:\Users\jeswa\Downloads\file\data\train_set\clean\synth_00186.wav,-5.6
C:\Users\jeswa\Downloads\file\data\train_set\noisy\synth_00187.wav,C:\Users\jeswa\Downloads\file\data\train_set\clean\synth_00187.wav,-8.4
C:\Users\jeswa\Downloads\file\data\train_set\noisy\synth_00188.wav,C:\Users\jeswa\Downloads\file\data\train_set\clean\synth_00188.wav,-5.5
C:\Users\jeswa\Downloads\file\data\train_set\noisy\synth_00189.wav,C:\Users\jeswa\Downloads\file\data\train_set\clean\synth_00189.wav,6.2
C:\Users\jeswa\Downloads\file\data\train_set\noisy\synth_00190.wav,C:\Users\jeswa\Downloads\file\data\train_set\clean\synth_00190.wav,-7.0
C:\Users\jeswa\Downloads\file\data\train_set\noisy\synth_00191.wav,C:\Users\jeswa\Downloads\file\data\train_set\clean\synth_00191.wav,-6.0
C:\Users\jeswa\Downloads\file\data\train_set\noisy\synth_00192.wav,C:\Users\jeswa\Downloads\file\data\train_set\clean\synth_00192.wav,-4.1
C:\Users\jeswa\Downloads\file\data\train_set\noisy\synth_00193.wav,C:\Users\jeswa\Downloads\file\data\train_set\clean\synth_00193.wav,12.2
C:\Users\jeswa\Downloads\file\data\train_set\noisy\synth_00194.wav,C:\Users\jeswa\Downloads\file\data\train_set\clean\synth_00194.wav,10.5
C:\Users\jeswa\Downloads\file\data\train_set\noisy\synth_00195.wav,C:\Users\jeswa\Downloads\file\data\train_set\clean\synth_00195.wav,-1.4
C:\Users\jeswa\Downloads\file\data\train_set\noisy\synth_00196.wav,C:\Users\jeswa\Downloads\file\data\train_set\clean\synth_00196.wav,-3.5
C:\Users\jeswa\Downloads\file\data\train_set\noisy\synth_00197.wav,C:\Users\jeswa\Downloads\file\data\train_set\clean\synth_00197.wav,13.5
C:\Users\jeswa\Downloads\file\data\train_set\noisy\synth_00198.wav,C:\Users\jeswa\Downloads\file\data\train_set\clean\synth_00198.wav,3.2
C:\Users\jeswa\Downloads\file\data\train_set\noisy\synth_00199.wav,C:\Users\jeswa\Downloads\file\data\train_set\clean\synth_00199.wav,14.1
C:\Users\jeswa\Downloads\file\data\train_set\noisy\synth_00200.wav,C:\Users\jeswa\Downloads\file\data\train_set\clean\synth_00200.wav,-5.9
C:\Users\jeswa\Downloads\file\data\train_set\noisy\synth_00201.wav,C:\Users\jeswa\Downloads\file\data\train_set\clean\synth_00201.wav,2.5
C:\Users\jeswa\Downloads\file\data\train_set\noisy\synth_00202.wav,C:\Users\jeswa\Downloads\file\data\train_set\clean\synth_00202.wav,-5.7
C:\Users\jeswa\Downloads\file\data\train_set\noisy\synth_00203.wav,C:\Users\jeswa\Downloads\file\data\train_set\clean\synth_00203.wav,13.4
C:\Users\jeswa\Downloads\file\data\train_set\noisy\synth_00204.wav,C:\Users\jeswa\Downloads\file\data\train_set\clean\synth_00204.wav,5.8
C:\Users\jeswa\Downloads\file\data\train_set\noisy\synth_00205.wav,C:\Users\jeswa\Downloads\file\data\train_set\clean\synth_00205.wav,2.3
C:\Users\jeswa\Downloads\file\data\train_set\noisy\synth_00206.wav,C:\Users\jeswa\Downloads\file\data\train_set\clean\synth_00206.wav,14.5
C:\Users\jeswa\Downloads\file\data\train_set\noisy\synth_00207.wav,C:\Users\jeswa\Downloads\file\data\train_set\clean\synth_00207.wav,9.0
C:\Users\jeswa\Downloads\file\data\train_set\noisy\synth_00208.wav,C:\Users\jeswa\Downloads\file\data\train_set\clean\synth_00208.wav,9.0
C:\Users\jeswa\Downloads\file\data\train_set\noisy\synth_00209.wav,C:\Users\jeswa\Downloads\file\data\train_set\clean\synth_00209.wav,3.5
C:\Users\jeswa\Downloads\file\data\train_set\noisy\synth_00210.wav,C:\Users\jeswa\Downloads\file\data\train_set\clean\synth_00210.wav,2.2
C:\Users\jeswa\Downloads\file\data\train_set\noisy\synth_00211.wav,C:\Users\jeswa\Downloads\file\data\train_set\clean\synth_00211.wav,-2.1
C:\Users\jeswa\Downloads\file\data\train_set\noisy\synth_00212.wav,C:\Users\jeswa\Downloads\file\data\train_set\clean\synth_00212.wav,0.5
C:\Users\jeswa\Downloads\file\data\train_set\noisy\synth_00213.wav,C:\Users\jeswa\Downloads\file\data\train_set\clean\synth_00213.wav,6.1
C:\Users\jeswa\Downloads\file\data\train_set\noisy\synth_00214.wav,C:\Users\jeswa\Downloads\file\data\train_set\clean\synth_00214.wav,-3.4
C:\Users\jeswa\Downloads\file\data\train_set\noisy\synth_00215.wav,C:\Users\jeswa\Downloads\file\data\train_set\clean\synth_00215.wav,-8.9
C:\Users\jeswa\Downloads\file\data\train_set\noisy\synth_00216.wav,C:\Users\jeswa\Downloads\file\data\train_set\clean\synth_00216.wav,-2.9
C:\Users\jeswa\Downloads\file\data\train_set\noisy\synth_00217.wav,C:\Users\jeswa\Downloads\file\data\train_set\clean\synth_00217.wav,13.8
C:\Users\jeswa\Downloads\file\data\train_set\noisy\synth_00218.wav,C:\Users\jeswa\Downloads\file\data\train_set\clean\synth_00218.wav,-0.4
C:\Users\jeswa\Downloads\file\data\train_set\noisy\synth_00219.wav,C:\Users\jeswa\Downloads\file\data\train_set\clean\synth_00219.wav,-4.7
C:\Users\jeswa\Downloads\file\data\train_set\noisy\synth_00220.wav,C:\Users\jeswa\Downloads\file\data\train_set\clean\synth_00220.wav,-2.6
C:\Users\jeswa\Downloads\file\data\train_set\noisy\synth_00221.wav,C:\Users\jeswa\Downloads\file\data\train_set\clean\synth_00221.wav,-0.3
C:\Users\jeswa\Downloads\file\data\train_set\noisy\synth_00222.wav,C:\Users\jeswa\Downloads\file\data\train_set\clean\synth_00222.wav,2.5
C:\Users\jeswa\Downloads\file\data\train_set\noisy\synth_00223.wav,C:\Users\jeswa\Downloads\file\data\train_set\clean\synth_00223.wav,10.6
C:\Users\jeswa\Downloads\file\data\train_set\noisy\synth_00224.wav,C:\Users\jeswa\Downloads\file\data\train_set\clean\synth_00224.wav,-9.8
C:\Users\jeswa\Downloads\file\data\train_set\noisy\synth_00225.wav,C:\Users\jeswa\Downloads\file\data\train_set\clean\synth_00225.wav,3.0
C:\Users\jeswa\Downloads\file\data\train_set\noisy\synth_00226.wav,C:\Users\jeswa\Downloads\file\data\train_set\clean\synth_00226.wav,10.4
C:\Users\jeswa\Downloads\file\data\train_set\noisy\synth_00227.wav,C:\Users\jeswa\Downloads\file\data\train_set\clean\synth_00227.wav,7.9
C:\Users\jeswa\Downloads\file\data\train_set\noisy\synth_00228.wav,C:\Users\jeswa\Downloads\file\data\train_set\clean\synth_00228.wav,4.4
C:\Users\jeswa\Downloads\file\data\train_set\noisy\synth_00229.wav,C:\Users\jeswa\Downloads\file\data\train_set\clean\synth_00229.wav,13.5
C:\Users\jeswa\Downloads\file\data\train_set\noisy\synth_00230.wav,C:\Users\jeswa\Downloads\file\data\train_set\clean\synth_00230.wav,7.0
C:\Users\jeswa\Downloads\file\data\train_set\noisy\synth_00231.wav,C:\Users\jeswa\Downloads\file\data\train_set\clean\synth_00231.wav,-2.4
C:\Users\jeswa\Downloads\file\data\train_set\noisy\synth_00232.wav,C:\Users\jeswa\Downloads\file\data\train_set\clean\synth_00232.wav,-3.6
C:\Users\jeswa\Downloads\file\data\train_set\noisy\synth_00233.wav,C:\Users\jeswa\Downloads\file\data\train_set\clean\synth_00233.wav,-0.2
C:\Users\jeswa\Downloads\file\data\train_set\noisy\synth_00234.wav,C:\Users\jeswa\Downloads\file\data\train_set\clean\synth_00234.wav,-0.0
C:\Users\jeswa\Downloads\file\data\train_set\noisy\synth_00235.wav,C:\Users\jeswa\Downloads\file\data\train_set\clean\synth_00235.wav,5.9
C:\Users\jeswa\Downloads\file\data\train_set\noisy\synth_00236.wav,C:\Users\jeswa\Downloads\file\data\train_set\clean\synth_00236.wav,-8.7
C:\Users\jeswa\Downloads\file\data\train_set\noisy\synth_00237.wav,C:\Users\jeswa\Downloads\file\data\train_set\clean\synth_00237.wav,4.9
C:\Users\jeswa\Downloads\file\data\train_set\noisy\synth_00238.wav,C:\Users\jeswa\Downloads\file\data\train_set\clean\synth_00238.wav,-4.9
C:\Users\jeswa\Downloads\file\data\train_set\noisy\synth_00239.wav,C:\Users\jeswa\Downloads\file\data\train_set\clean\synth_00239.wav,-9.7
C:\Users\jeswa\Downloads\file\data\train_set\noisy\synth_00240.wav,C:\Users\jeswa\Downloads\file\data\train_set\clean\synth_00240.wav,-1.8
C:\Users\jeswa\Downloads\file\data\train_set\noisy\synth_00241.wav,C:\Users\jeswa\Downloads\file\data\train_set\clean\synth_00241.wav,-8.2
C:\Users\jeswa\Downloads\file\data\train_set\noisy\synth_00242.wav,C:\Users\jeswa\Downloads\file\data\train_set\clean\synth_00242.wav,-8.0
C:\Users\jeswa\Downloads\file\data\train_set\noisy\synth_00243.wav,C:\Users\jeswa\Downloads\file\data\train_set\clean\synth_00243.wav,-2.3
C:\Users\jeswa\Downloads\file\data\train_set\noisy\synth_00244.wav,C:\Users\jeswa\Downloads\file\data\train_set\clean\synth_00244.wav,11.1
C:\Users\jeswa\Downloads\file\data\train_set\noisy\synth_00245.wav,C:\Users\jeswa\Downloads\file\data\train_set\clean\synth_00245.wav,12.1
C:\Users\jeswa\Downloads\file\data\train_set\noisy\synth_00246.wav,C:\Users\jeswa\Downloads\file\data\train_set\clean\synth_00246.wav,-4.9
C:\Users\jeswa\Downloads\file\data\train_set\noisy\synth_00247.wav,C:\Users\jeswa\Downloads\file\data\train_set\clean\synth_00247.wav,9.4
C:\Users\jeswa\Downloads\file\data\train_set\noisy\synth_00248.wav,C:\Users\jeswa\Downloads\file\data\train_set\clean\synth_00248.wav,7.5
C:\Users\jeswa\Downloads\file\data\train_set\noisy\synth_00249.wav,C:\Users\jeswa\Downloads\file\data\train_set\clean\synth_00249.wav,-6.4
C:\Users\jeswa\Downloads\file\data\train_set\noisy\synth_00250.wav,C:\Users\jeswa\Downloads\file\data\train_set\clean\synth_00250.wav,8.0
C:\Users\jeswa\Downloads\file\data\train_set\noisy\synth_00251.wav,C:\Users\jeswa\Downloads\file\data\train_set\clean\synth_00251.wav,-7.2
C:\Users\jeswa\Downloads\file\data\train_set\noisy\synth_00252.wav,C:\Users\jeswa\Downloads\file\data\train_set\clean\synth_00252.wav,5.5
C:\Users\jeswa\Downloads\file\data\train_set\noisy\synth_00253.wav,C:\Users\jeswa\Downloads\file\data\train_set\clean\synth_00253.wav,-5.1
C:\Users\jeswa\Downloads\file\data\train_set\noisy\synth_00254.wav,C:\Users\jeswa\Downloads\file\data\train_set\clean\synth_00254.wav,2.2
C:\Users\jeswa\Downloads\file\data\train_set\noisy\synth_00255.wav,C:\Users\jeswa\Downloads\file\data\train_set\clean\synth_00255.wav,8.3
C:\Users\jeswa\Downloads\file\data\train_set\noisy\synth_00256.wav,C:\Users\jeswa\Downloads\file\data\train_set\clean\synth_00256.wav,-2.1
C:\Users\jeswa\Downloads\file\data\train_set\noisy\synth_00257.wav,C:\Users\jeswa\Downloads\file\data\train_set\clean\synth_00257.wav,-9.3
C:\Users\jeswa\Downloads\file\data\train_set\noisy\synth_00258.wav,C:\Users\jeswa\Downloads\file\data\train_set\clean\synth_00258.wav,-4.6
C:\Users\jeswa\Downloads\file\data\train_set\noisy\synth_00259.wav,C:\Users\jeswa\Downloads\file\data\train_set\clean\synth_00259.wav,-4.7
C:\Users\jeswa\Downloads\file\data\train_set\noisy\synth_00260.wav,C:\Users\jeswa\Downloads\file\data\train_set\clean\synth_00260.wav,-3.2
C:\Users\jeswa\Downloads\file\data\train_set\noisy\synth_00261.wav,C:\Users\jeswa\Downloads\file\data\train_set\clean\synth_00261.wav,11.7
C:\Users\jeswa\Downloads\file\data\train_set\noisy\synth_00262.wav,C:\Users\jeswa\Downloads\file\data\train_set\clean\synth_00262.wav,-7.4
C:\Users\jeswa\Downloads\file\data\train_set\noisy\synth_00263.wav,C:\Users\jeswa\Downloads\file\data\train_set\clean\synth_00263.wav,-2.0
C:\Users\jeswa\Downloads\file\data\train_set\noisy\synth_00264.wav,C:\Users\jeswa\Downloads\file\data\train_set\clean\synth_00264.wav,-2.8
C:\Users\jeswa\Downloads\file\data\train_set\noisy\synth_00265.wav,C:\Users\jeswa\Downloads\file\data\train_set\clean\synth_00265.wav,13.2
C:\Users\jeswa\Downloads\file\data\train_set\noisy\synth_00266.wav,C:\Users\jeswa\Downloads\file\data\train_set\clean\synth_00266.wav,-6.4
C:\Users\jeswa\Downloads\file\data\train_set\noisy\synth_00267.wav,C:\Users\jeswa\Downloads\file\data\train_set\clean\synth_00267.wav,-0.8
C:\Users\jeswa\Downloads\file\data\train_set\noisy\synth_00268.wav,C:\Users\jeswa\Downloads\file\data\train_set\clean\synth_00268.wav,-2.7
C:\Users\jeswa\Downloads\file\data\train_set\noisy\synth_00269.wav,C:\Users\jeswa\Downloads\file\data\train_set\clean\synth_00269.wav,2.1
C:\Users\jeswa\Downloads\file\data\train_set\noisy\synth_00270.wav,C:\Users\jeswa\Downloads\file\data\train_set\clean\synth_00270.wav,12.7
C:\Users\jeswa\Downloads\file\data\train_set\noisy\synth_00271.wav,C:\Users\jeswa\Downloads\file\data\train_set\clean\synth_00271.wav,-3.1
C:\Users\jeswa\Downloads\file\data\train_set\noisy\synth_00272.wav,C:\Users\jeswa\Downloads\file\data\train_set\clean\synth_00272.wav,12.8
C:\Users\jeswa\Downloads\file\data\train_set\noisy\synth_00273.wav,C:\Users\jeswa\Downloads\file\data\train_set\clean\synth_00273.wav,0.2
C:\Users\jeswa\Downloads\file\data\train_set\noisy\synth_00274.wav,C:\Users\jeswa\Downloads\file\data\train_set\clean\synth_00274.wav,12.9
C:\Users\jeswa\Downloads\file\data\train_set\noisy\synth_00275.wav,C:\Users\jeswa\Downloads\file\data\train_set\clean\synth_00275.wav,3.2
C:\Users\jeswa\Downloads\file\data\train_set\noisy\synth_00276.wav,C:\Users\jeswa\Downloads\file\data\train_set\clean\synth_00276.wav,-2.6
C:\Users\jeswa\Downloads\file\data\train_set\noisy\synth_00277.wav,C:\Users\jeswa\Downloads\file\data\train_set\clean\synth_00277.wav,0.6
C:\Users\jeswa\Downloads\file\data\train_set\noisy\synth_00278.wav,C:\Users\jeswa\Downloads\file\data\train_set\clean\synth_00278.wav,0.0
C:\Users\jeswa\Downloads\file\data\train_set\noisy\synth_00279.wav,C:\Users\jeswa\Downloads\file\data\train_set\clean\synth_00279.wav,10.4
C:\Users\jeswa\Downloads\file\data\train_set\noisy\synth_00280.wav,C:\Users\jeswa\Downloads\file\data\train_set\clean\synth_00280.wav,0.4
C:\Users\jeswa\Downloads\file\data\train_set\noisy\synth_00281.wav,C:\Users\jeswa\Downloads\file\data\train_set\clean\synth_00281.wav,12.0
C:\Users\jeswa\Downloads\file\data\train_set\noisy\synth_00282.wav,C:\Users\jeswa\Downloads\file\data\train_set\clean\synth_00282.wav,6.4
C:\Users\jeswa\Downloads\file\data\train_set\noisy\synth_00283.wav,C:\Users\jeswa\Downloads\file\data\train_set\clean\synth_00283.wav,-9.6
C:\Users\jeswa\Downloads\file\data\train_set\noisy\synth_00284.wav,C:\Users\jeswa\Downloads\file\data\train_set\clean\synth_00284.wav,11.6
C:\Users\jeswa\Downloads\file\data\train_set\noisy\synth_00285.wav,C:\Users\jeswa\Downloads\file\data\train_set\clean\synth_00285.wav,-6.9
C:\Users\jeswa\Downloads\file\data\train_set\noisy\synth_00286.wav,C:\Users\jeswa\Downloads\file\data\train_set\clean\synth_00286.wav,-6.7
C:\Users\jeswa\Downloads\file\data\train_set\noisy\synth_00287.wav,C:\Users\jeswa\Downloads\file\data\train_set\clean\synth_00287.wav,13.7
C:\Users\jeswa\Downloads\file\data\train_set\noisy\synth_00288.wav,C:\Users\jeswa\Downloads\file\data\train_set\clean\synth_00288.wav,-8.4
C:\Users\jeswa\Downloads\file\data\train_set\noisy\synth_00289.wav,C:\Users\jeswa\Downloads\file\data\train_set\clean\synth_00289.wav,11.4
C:\Users\jeswa\Downloads\file\data\train_set\noisy\synth_00290.wav,C:\Users\jeswa\Downloads\file\data\train_set\clean\synth_00290.wav,10.0
C:\Users\jeswa\Downloads\file\data\train_set\noisy\synth_00291.wav,C:\Users\jeswa\Downloads\file\data\train_set\clean\synth_00291.wav,8.5
C:\Users\jeswa\Downloads\file\data\train_set\noisy\synth_00292.wav,C:\Users\jeswa\Downloads\file\data\train_set\clean\synth_00292.wav,0.1
C:\Users\jeswa\Downloads\file\data\train_set\noisy\synth_00293.wav,C:\Users\jeswa\Downloads\file\data\train_set\clean\synth_00293.wav,-4.3
C:\Users\jeswa\Downloads\file\data\train_set\noisy\synth_00294.wav,C:\Users\jeswa\Downloads\file\data\train_set\clean\synth_00294.wav,2.3
C:\Users\jeswa\Downloads\file\data\train_set\noisy\synth_00295.wav,C:\Users\jeswa\Downloads\file\data\train_set\clean\synth_00295.wav,-2.1
C:\Users\jeswa\Downloads\file\data\train_set\noisy\synth_00296.wav,C:\Users\jeswa\Downloads\file\data\train_set\clean\synth_00296.wav,0.0
C:\Users\jeswa\Downloads\file\data\train_set\noisy\synth_00297.wav,C:\Users\jeswa\Downloads\file\data\train_set\clean\synth_00297.wav,12.6
C:\Users\jeswa\Downloads\file\data\train_set\noisy\synth_00298.wav,C:\Users\jeswa\Downloads\file\data\train_set\clean\synth_00298.wav,8.6
C:\Users\jeswa\Downloads\file\data\train_set\noisy\synth_00299.wav,C:\Users\jeswa\Downloads\file\data\train_set\clean\synth_00299.wav,8.4
C:\Users\jeswa\Downloads\file\data\train_set\noisy\synth_00300.wav,C:\Users\jeswa\Downloads\file\data\train_set\clean\synth_00300.wav,8.5
C:\Users\jeswa\Downloads\file\data\train_set\noisy\synth_00301.wav,C:\Users\jeswa\Downloads\file\data\train_set\clean\synth_00301.wav,-0.9
C:\Users\jeswa\Downloads\file\data\train_set\noisy\synth_00302.wav,C:\Users\jeswa\Downloads\file\data\train_set\clean\synth_00302.wav,9.5
C:\Users\jeswa\Downloads\file\data\train_set\noisy\synth_00303.wav,C:\Users\jeswa\Downloads\file\data\train_set\clean\synth_00303.wav,13.1
C:\Users\jeswa\Downloads\file\data\train_set\noisy\synth_00304.wav,C:\Users\jeswa\Downloads\file\data\train_set\clean\synth_00304.wav,-2.4
C:\Users\jeswa\Downloads\file\data\train_set\noisy\synth_00305.wav,C:\Users\jeswa\Downloads\file\data\train_set\clean\synth_00305.wav,13.9
C:\Users\jeswa\Downloads\file\data\train_set\noisy\synth_00306.wav,C:\Users\jeswa\Downloads\file\data\train_set\clean\synth_00306.wav,2.9
C:\Users\jeswa\Downloads\file\data\train_set\noisy\synth_00307.wav,C:\Users\jeswa\Downloads\file\data\train_set\clean\synth_00307.wav,4.2
C:\Users\jeswa\Downloads\file\data\train_set\noisy\synth_00308.wav,C:\Users\jeswa\Downloads\file\data\train_set\clean\synth_00308.wav,9.1
C:\Users\jeswa\Downloads\file\data\train_set\noisy\synth_00309.wav,C:\Users\jeswa\Downloads\file\data\train_set\clean\synth_00309.wav,7.8
C:\Users\jeswa\Downloads\file\data\train_set\noisy\synth_00310.wav,C:\Users\jeswa\Downloads\file\data\train_set\clean\synth_00310.wav,1.3
C:\Users\jeswa\Downloads\file\data\train_set\noisy\synth_00311.wav,C:\Users\jeswa\Downloads\file\data\train_set\clean\synth_00311.wav,11.5
C:\Users\jeswa\Downloads\file\data\train_set\noisy\synth_00312.wav,C:\Users\jeswa\Downloads\file\data\train_set\clean\synth_00312.wav,-7.9
C:\Users\jeswa\Downloads\file\data\train_set\noisy\synth_00313.wav,C:\Users\jeswa\Downloads\file\data\train_set\clean\synth_00313.wav,-8.2
C:\Users\jeswa\Downloads\file\data\train_set\noisy\synth_00314.wav,C:\Users\jeswa\Downloads\file\data\train_set\clean\synth_00314.wav,8.3
C:\Users\jeswa\Downloads\file\data\train_set\noisy\synth_00315.wav,C:\Users\jeswa\Downloads\file\data\train_set\clean\synth_00315.wav,-3.8
C:\Users\jeswa\Downloads\file\data\train_set\noisy\synth_00316.wav,C:\Users\jeswa\Downloads\file\data\train_set\clean\synth_00316.wav,8.3
C:\Users\jeswa\Downloads\file\data\train_set\noisy\synth_00317.wav,C:\Users\jeswa\Downloads\file\data\train_set\clean\synth_00317.wav,8.0
C:\Users\jeswa\Downloads\file\data\train_set\noisy\synth_00318.wav,C:\Users\jeswa\Downloads\file\data\train_set\clean\synth_00318.wav,2.4
C:\Users\jeswa\Downloads\file\data\train_set\noisy\synth_00319.wav,C:\Users\jeswa\Downloads\file\data\train_set\clean\synth_00319.wav,3.6
C:\Users\jeswa\Downloads\file\data\train_set\noisy\synth_00320.wav,C:\Users\jeswa\Downloads\file\data\train_set\clean\synth_00320.wav,-9.9
C:\Users\jeswa\Downloads\file\data\train_set\noisy\synth_00321.wav,C:\Users\jeswa\Downloads\file\data\train_set\clean\synth_00321.wav,-3.2
C:\Users\jeswa\Downloads\file\data\train_set\noisy\synth_00322.wav,C:\Users\jeswa\Downloads\file\data\train_set\clean\synth_00322.wav,-2.4
C:\Users\jeswa\Downloads\file\data\train_set\noisy\synth_00323.wav,C:\Users\jeswa\Downloads\file\data\train_set\clean\synth_00323.wav,2.6
C:\Users\jeswa\Downloads\file\data\train_set\noisy\synth_00324.wav,C:\Users\jeswa\Downloads\file\data\train_set\clean\synth_00324.wav,7.6
C:\Users\jeswa\Downloads\file\data\train_set\noisy\synth_00325.wav,C:\Users\jeswa\Downloads\file\data\train_set\clean\synth_00325.wav,-3.4
C:\Users\jeswa\Downloads\file\data\train_set\noisy\synth_00326.wav,C:\Users\jeswa\Downloads\file\data\train_set\clean\synth_00326.wav,9.8
C:\Users\jeswa\Downloads\file\data\train_set\noisy\synth_00327.wav,C:\Users\jeswa\Downloads\file\data\train_set\clean\synth_00327.wav,13.1
C:\Users\jeswa\Downloads\file\data\train_set\noisy\synth_00328.wav,C:\Users\jeswa\Downloads\file\data\train_set\clean\synth_00328.wav,-9.6
C:\Users\jeswa\Downloads\file\data\train_set\noisy\synth_00329.wav,C:\Users\jeswa\Downloads\file\data\train_set\clean\synth_00329.wav,9.4
C:\Users\jeswa\Downloads\file\data\train_set\noisy\synth_00330.wav,C:\Users\jeswa\Downloads\file\data\train_set\clean\synth_00330.wav,11.2
C:\Users\jeswa\Downloads\file\data\train_set\noisy\synth_00331.wav,C:\Users\jeswa\Downloads\file\data\train_set\clean\synth_00331.wav,-6.8
C:\Users\jeswa\Downloads\file\data\train_set\noisy\synth_00332.wav,C:\Users\jeswa\Downloads\file\data\train_set\clean\synth_00332.wav,9.7
C:\Users\jeswa\Downloads\file\data\train_set\noisy\synth_00333.wav,C:\Users\jeswa\Downloads\file\data\train_set\clean\synth_00333.wav,0.5
C:\Users\jeswa\Downloads\file\data\train_set\noisy\synth_00334.wav,C:\Users\jeswa\Downloads\file\data\train_set\clean\synth_00334.wav,2.8
C:\Users\jeswa\Downloads\file\data\train_set\noisy\synth_00335.wav,C:\Users\jeswa\Downloads\file\data\train_set\clean\synth_00335.wav,-0.3
C:\Users\jeswa\Downloads\file\data\train_set\noisy\synth_00336.wav,C:\Users\jeswa\Downloads\file\data\train_set\clean\synth_00336.wav,0.4
C:\Users\jeswa\Downloads\file\data\train_set\noisy\synth_00337.wav,C:\Users\jeswa\Downloads\file\data\train_set\clean\synth_00337.wav,0.9
C:\Users\jeswa\Downloads\file\data\train_set\noisy\synth_00338.wav,C:\Users\jeswa\Downloads\file\data\train_set\clean\synth_00338.wav,13.9
C:\Users\jeswa\Downloads\file\data\train_set\noisy\synth_00339.wav,C:\Users\jeswa\Downloads\file\data\train_set\clean\synth_00339.wav,-1.8
C:\Users\jeswa\Downloads\file\data\train_set\noisy\synth_00340.wav,C:\Users\jeswa\Downloads\file\data\train_set\clean\synth_00340.wav,1.5
C:\Users\jeswa\Downloads\file\data\train_set\noisy\synth_00341.wav,C:\Users\jeswa\Downloads\file\data\train_set\clean\synth_00341.wav,-8.1
C:\Users\jeswa\Downloads\file\data\train_set\noisy\synth_00342.wav,C:\Users\jeswa\Downloads\file\data\train_set\clean\synth_00342.wav,6.3
C:\Users\jeswa\Downloads\file\data\train_set\noisy\synth_00343.wav,C:\Users\jeswa\Downloads\file\data\train_set\clean\synth_00343.wav,-7.2
C:\Users\jeswa\Downloads\file\data\train_set\noisy\synth_00344.wav,C:\Users\jeswa\Downloads\file\data\train_set\clean\synth_00344.wav,5.8
C:\Users\jeswa\Downloads\file\data\train_set\noisy\synth_00345.wav,C:\Users\jeswa\Downloads\file\data\train_set\clean\synth_00345.wav,9.1
C:\Users\jeswa\Downloads\file\data\train_set\noisy\synth_00346.wav,C:\Users\jeswa\Downloads\file\data\train_set\clean\synth_00346.wav,-8.3
C:\Users\jeswa\Downloads\file\data\train_set\noisy\synth_00347.wav,C:\Users\jeswa\Downloads\file\data\train_set\clean\synth_00347.wav,5.5
C:\Users\jeswa\Downloads\file\data\train_set\noisy\synth_00348.wav,C:\Users\jeswa\Downloads\file\data\train_set\clean\synth_00348.wav,-9.8
C:\Users\jeswa\Downloads\file\data\train_set\noisy\synth_00349.wav,C:\Users\jeswa\Downloads\file\data\train_set\clean\synth_00349.wav,6.5
C:\Users\jeswa\Downloads\file\data\train_set\noisy\synth_00350.wav,C:\Users\jeswa\Downloads\file\data\train_set\clean\synth_00350.wav,5.2
C:\Users\jeswa\Downloads\file\data\train_set\noisy\synth_00351.wav,C:\Users\jeswa\Downloads\file\data\train_set\clean\synth_00351.wav,11.8
C:\Users\jeswa\Downloads\file\data\train_set\noisy\synth_00352.wav,C:\Users\jeswa\Downloads\file\data\train_set\clean\synth_00352.wav,-2.1
C:\Users\jeswa\Downloads\file\data\train_set\noisy\synth_00353.wav,C:\Users\jeswa\Downloads\file\data\train_set\clean\synth_00353.wav,-3.7
C:\Users\jeswa\Downloads\file\data\train_set\noisy\synth_00354.wav,C:\Users\jeswa\Downloads\file\data\train_set\clean\synth_00354.wav,6.1
C:\Users\jeswa\Downloads\file\data\train_set\noisy\synth_00355.wav,C:\Users\jeswa\Downloads\file\data\train_set\clean\synth_00355.wav,5.2
C:\Users\jeswa\Downloads\file\data\train_set\noisy\synth_00356.wav,C:\Users\jeswa\Downloads\file\data\train_set\clean\synth_00356.wav,-7.8
C:\Users\jeswa\Downloads\file\data\train_set\noisy\synth_00357.wav,C:\Users\jeswa\Downloads\file\data\train_set\clean\synth_00357.wav,7.7
C:\Users\jeswa\Downloads\file\data\train_set\noisy\synth_00358.wav,C:\Users\jeswa\Downloads\file\data\train_set\clean\synth_00358.wav,3.0
C:\Users\jeswa\Downloads\file\data\train_set\noisy\synth_00359.wav,C:\Users\jeswa\Downloads\file\data\train_set\clean\synth_00359.wav,-1.0
C:\Users\jeswa\Downloads\file\data\train_set\noisy\synth_00360.wav,C:\Users\jeswa\Downloads\file\data\train_set\clean\synth_00360.wav,-5.0
C:\Users\jeswa\Downloads\file\data\train_set\noisy\synth_00361.wav,C:\Users\jeswa\Downloads\file\data\train_set\clean\synth_00361.wav,-7.3
C:\Users\jeswa\Downloads\file\data\train_set\noisy\synth_00362.wav,C:\Users\jeswa\Downloads\file\data\train_set\clean\synth_00362.wav,0.6
C:\Users\jeswa\Downloads\file\data\train_set\noisy\synth_00363.wav,C:\Users\jeswa\Downloads\file\data\train_set\clean\synth_00363.wav,-9.7
C:\Users\jeswa\Downloads\file\data\train_set\noisy\synth_00364.wav,C:\Users\jeswa\Downloads\file\data\train_set\clean\synth_00364.wav,-5.3
C:\Users\jeswa\Downloads\file\data\train_set\noisy\synth_00365.wav,C:\Users\jeswa\Downloads\file\data\train_set\clean\synth_00365.wav,11.7
C:\Users\jeswa\Downloads\file\data\train_set\noisy\synth_00366.wav,C:\Users\jeswa\Downloads\file\data\train_set\clean\synth_00366.wav,-9.2
C:\Users\jeswa\Downloads\file\data\train_set\noisy\synth_00367.wav,C:\Users\jeswa\Downloads\file\data\train_set\clean\synth_00367.wav,-9.8
C:\Users\jeswa\Downloads\file\data\train_set\noisy\synth_00368.wav,C:\Users\jeswa\Downloads\file\data\train_set\clean\synth_00368.wav,5.8
C:\Users\jeswa\Downloads\file\data\train_set\noisy\synth_00369.wav,C:\Users\jeswa\Downloads\file\data\train_set\clean\synth_00369.wav,-2.3
C:\Users\jeswa\Downloads\file\data\train_set\noisy\synth_00370.wav,C:\Users\jeswa\Downloads\file\data\train_set\clean\synth_00370.wav,14.3
C:\Users\jeswa\Downloads\file\data\train_set\noisy\synth_00371.wav,C:\Users\jeswa\Downloads\file\data\train_set\clean\synth_00371.wav,5.2
C:\Users\jeswa\Downloads\file\data\train_set\noisy\synth_00372.wav,C:\Users\jeswa\Downloads\file\data\train_set\clean\synth_00372.wav,2.1
C:\Users\jeswa\Downloads\file\data\train_set\noisy\synth_00373.wav,C:\Users\jeswa\Downloads\file\data\train_set\clean\synth_00373.wav,11.6
C:\Users\jeswa\Downloads\file\data\train_set\noisy\synth_00374.wav,C:\Users\jeswa\Downloads\file\data\train_set\clean\synth_00374.wav,4.4
C:\Users\jeswa\Downloads\file\data\train_set\noisy\synth_00375.wav,C:\Users\jeswa\Downloads\file\data\train_set\clean\synth_00375.wav,8.4
C:\Users\jeswa\Downloads\file\data\train_set\noisy\synth_00376.wav,C:\Users\jeswa\Downloads\file\data\train_set\clean\synth_00376.wav,1.7
C:\Users\jeswa\Downloads\file\data\train_set\noisy\synth_00377.wav,C:\Users\jeswa\Downloads\file\data\train_set\clean\synth_00377.wav,2.1
C:\Users\jeswa\Downloads\file\data\train_set\noisy\synth_00378.wav,C:\Users\jeswa\Downloads\file\data\train_set\clean\synth_00378.wav,11.2
C:\Users\jeswa\Downloads\file\data\train_set\noisy\synth_00379.wav,C:\Users\jeswa\Downloads\file\data\train_set\clean\synth_00379.wav,-1.0
C:\Users\jeswa\Downloads\file\data\train_set\noisy\synth_00380.wav,C:\Users\jeswa\Downloads\file\data\train_set\clean\synth_00380.wav,1.3
C:\Users\jeswa\Downloads\file\data\train_set\noisy\synth_00381.wav,C:\Users\jeswa\Downloads\file\data\train_set\clean\synth_00381.wav,7.1
C:\Users\jeswa\Downloads\file\data\train_set\noisy\synth_00382.wav,C:\Users\jeswa\Downloads\file\data\train_set\clean\synth_00382.wav,-3.3
C:\Users\jeswa\Downloads\file\data\train_set\noisy\synth_00383.wav,C:\Users\jeswa\Downloads\file\data\train_set\clean\synth_00383.wav,-8.4
C:\Users\jeswa\Downloads\file\data\train_set\noisy\synth_00384.wav,C:\Users\jeswa\Downloads\file\data\train_set\clean\synth_00384.wav,-7.2
C:\Users\jeswa\Downloads\file\data\train_set\noisy\synth_00385.wav,C:\Users\jeswa\Downloads\file\data\train_set\clean\synth_00385.wav,5.7
C:\Users\jeswa\Downloads\file\data\train_set\noisy\synth_00386.wav,C:\Users\jeswa\Downloads\file\data\train_set\clean\synth_00386.wav,-0.0
C:\Users\jeswa\Downloads\file\data\train_set\noisy\synth_00387.wav,C:\Users\jeswa\Downloads\file\data\train_set\clean\synth_00387.wav,-1.5
C:\Users\jeswa\Downloads\file\data\train_set\noisy\synth_00388.wav,C:\Users\jeswa\Downloads\file\data\train_set\clean\synth_00388.wav,9.4
C:\Users\jeswa\Downloads\file\data\train_set\noisy\synth_00389.wav,C:\Users\jeswa\Downloads\file\data\train_set\clean\synth_00389.wav,14.1
C:\Users\jeswa\Downloads\file\data\train_set\noisy\synth_00390.wav,C:\Users\jeswa\Downloads\file\data\train_set\clean\synth_00390.wav,6.6
C:\Users\jeswa\Downloads\file\data\train_set\noisy\synth_00391.wav,C:\Users\jeswa\Downloads\file\data\train_set\clean\synth_00391.wav,2.8
C:\Users\jeswa\Downloads\file\data\train_set\noisy\synth_00392.wav,C:\Users\jeswa\Downloads\file\data\train_set\clean\synth_00392.wav,9.4
C:\Users\jeswa\Downloads\file\data\train_set\noisy\synth_00393.wav,C:\Users\jeswa\Downloads\file\data\train_set\clean\synth_00393.wav,1.4
C:\Users\jeswa\Downloads\file\data\train_set\noisy\synth_00394.wav,C:\Users\jeswa\Downloads\file\data\train_set\clean\synth_00394.wav,-5.3
C:\Users\jeswa\Downloads\file\data\train_set\noisy\synth_00395.wav,C:\Users\jeswa\Downloads\file\data\train_set\clean\synth_00395.wav,-6.3
C:\Users\jeswa\Downloads\file\data\train_set\noisy\synth_00396.wav,C:\Users\jeswa\Downloads\file\data\train_set\clean\synth_00396.wav,-4.5
C:\Users\jeswa\Downloads\file\data\train_set\noisy\synth_00397.wav,C:\Users\jeswa\Downloads\file\data\train_set\clean\synth_00397.wav,10.0
C:\Users\jeswa\Downloads\file\data\train_set\noisy\synth_00398.wav,C:\Users\jeswa\Downloads\file\data\train_set\clean\synth_00398.wav,7.4
C:\Users\jeswa\Downloads\file\data\train_set\noisy\synth_00399.wav,C:\Users\jeswa\Downloads\file\data\train_set\clean\synth_00399.wav,-0.8
C:\Users\jeswa\Downloads\file\data\train_set\noisy\synth_00400.wav,C:\Users\jeswa\Downloads\file\data\train_set\clean\synth_00400.wav,11.7
C:\Users\jeswa\Downloads\file\data\train_set\noisy\synth_00401.wav,C:\Users\jeswa\Downloads\file\data\train_set\clean\synth_00401.wav,9.3
C:\Users\jeswa\Downloads\file\data\train_set\noisy\synth_00402.wav,C:\Users\jeswa\Downloads\file\data\train_set\clean\synth_00402.wav,3.9
C:\Users\jeswa\Downloads\file\data\train_set\noisy\synth_00403.wav,C:\Users\jeswa\Downloads\file\data\train_set\clean\synth_00403.wav,-4.0
C:\Users\jeswa\Downloads\file\data\train_set\noisy\synth_00404.wav,C:\Users\jeswa\Downloads\file\data\train_set\clean\synth_00404.wav,-9.1
C:\Users\jeswa\Downloads\file\data\train_set\noisy\synth_00405.wav,C:\Users\jeswa\Downloads\file\data\train_set\clean\synth_00405.wav,-1.8
C:\Users\jeswa\Downloads\file\data\train_set\noisy\synth_00406.wav,C:\Users\jeswa\Downloads\file\data\train_set\clean\synth_00406.wav,-6.2
C:\Users\jeswa\Downloads\file\data\train_set\noisy\synth_00407.wav,C:\Users\jeswa\Downloads\file\data\train_set\clean\synth_00407.wav,-10.0
C:\Users\jeswa\Downloads\file\data\train_set\noisy\synth_00408.wav,C:\Users\jeswa\Downloads\file\data\train_set\clean\synth_00408.wav,5.0
C:\Users\jeswa\Downloads\file\data\train_set\noisy\synth_00409.wav,C:\Users\jeswa\Downloads\file\data\train_set\clean\synth_00409.wav,10.8
C:\Users\jeswa\Downloads\file\data\train_set\noisy\synth_00410.wav,C:\Users\jeswa\Downloads\file\data\train_set\clean\synth_00410.wav,-0.1
C:\Users\jeswa\Downloads\file\data\train_set\noisy\synth_00411.wav,C:\Users\jeswa\Downloads\file\data\train_set\clean\synth_00411.wav,11.4
C:\Users\jeswa\Downloads\file\data\train_set\noisy\synth_00412.wav,C:\Users\jeswa\Downloads\file\data\train_set\clean\synth_00412.wav,-4.8
C:\Users\jeswa\Downloads\file\data\train_set\noisy\synth_00413.wav,C:\Users\jeswa\Downloads\file\data\train_set\clean\synth_00413.wav,5.0
C:\Users\jeswa\Downloads\file\data\train_set\noisy\synth_00414.wav,C:\Users\jeswa\Downloads\file\data\train_set\clean\synth_00414.wav,7.1
C:\Users\jeswa\Downloads\file\data\train_set\noisy\synth_00415.wav,C:\Users\jeswa\Downloads\file\data\train_set\clean\synth_00415.wav,-5.1
C:\Users\jeswa\Downloads\file\data\train_set\noisy\synth_00416.wav,C:\Users\jeswa\Downloads\file\data\train_set\clean\synth_00416.wav,10.5
C:\Users\jeswa\Downloads\file\data\train_set\noisy\synth_00417.wav,C:\Users\jeswa\Downloads\file\data\train_set\clean\synth_00417.wav,-4.5
C:\Users\jeswa\Downloads\file\data\train_set\noisy\synth_00418.wav,C:\Users\jeswa\Downloads\file\data\train_set\clean\synth_00418.wav,-8.5
C:\Users\jeswa\Downloads\file\data\train_set\noisy\synth_00419.wav,C:\Users\jeswa\Downloads\file\data\train_set\clean\synth_00419.wav,-8.9
C:\Users\jeswa\Downloads\file\data\train_set\noisy\synth_00420.wav,C:\Users\jeswa\Downloads\file\data\train_set\clean\synth_00420.wav,1.2
C:\Users\jeswa\Downloads\file\data\train_set\noisy\synth_00421.wav,C:\Users\jeswa\Downloads\file\data\train_set\clean\synth_00421.wav,-9.4
C:\Users\jeswa\Downloads\file\data\train_set\noisy\synth_00422.wav,C:\Users\jeswa\Downloads\file\data\train_set\clean\synth_00422.wav,8.0
C:\Users\jeswa\Downloads\file\data\train_set\noisy\synth_00423.wav,C:\Users\jeswa\Downloads\file\data\train_set\clean\synth_00423.wav,9.5
C:\Users\jeswa\Downloads\file\data\train_set\noisy\synth_00424.wav,C:\Users\jeswa\Downloads\file\data\train_set\clean\synth_00424.wav,-3.0
C:\Users\jeswa\Downloads\file\data\train_set\noisy\synth_00425.wav,C:\Users\jeswa\Downloads\file\data\train_set\clean\synth_00425.wav,-9.2
C:\Users\jeswa\Downloads\file\data\train_set\noisy\synth_00426.wav,C:\Users\jeswa\Downloads\file\data\train_set\clean\synth_00426.wav,0.2
C:\Users\jeswa\Downloads\file\data\train_set\noisy\synth_00427.wav,C:\Users\jeswa\Downloads\file\data\train_set\clean\synth_00427.wav,14.0
C:\Users\jeswa\Downloads\file\data\train_set\noisy\synth_00428.wav,C:\Users\jeswa\Downloads\file\data\train_set\clean\synth_00428.wav,13.0
C:\Users\jeswa\Downloads\file\data\train_set\noisy\synth_00429.wav,C:\Users\jeswa\Downloads\file\data\train_set\clean\synth_00429.wav,12.9
C:\Users\jeswa\Downloads\file\data\train_set\noisy\synth_00430.wav,C:\Users\jeswa\Downloads\file\data\train_set\clean\synth_00430.wav,-9.7
C:\Users\jeswa\Downloads\file\data\train_set\noisy\synth_00431.wav,C:\Users\jeswa\Downloads\file\data\train_set\clean\synth_00431.wav,0.1
C:\Users\jeswa\Downloads\file\data\train_set\noisy\synth_00432.wav,C:\Users\jeswa\Downloads\file\data\train_set\clean\synth_00432.wav,11.1
C:\Users\jeswa\Downloads\file\data\train_set\noisy\synth_00433.wav,C:\Users\jeswa\Downloads\file\data\train_set\clean\synth_00433.wav,9.8
C:\Users\jeswa\Downloads\file\data\train_set\noisy\synth_00434.wav,C:\Users\jeswa\Downloads\file\data\train_set\clean\synth_00434.wav,7.2
C:\Users\jeswa\Downloads\file\data\train_set\noisy\synth_00435.wav,C:\Users\jeswa\Downloads\file\data\train_set\clean\synth_00435.wav,-0.6
C:\Users\jeswa\Downloads\file\data\train_set\noisy\synth_00436.wav,C:\Users\jeswa\Downloads\file\data\train_set\clean\synth_00436.wav,-5.2
C:\Users\jeswa\Downloads\file\data\train_set\noisy\synth_00437.wav,C:\Users\jeswa\Downloads\file\data\train_set\clean\synth_00437.wav,3.3
C:\Users\jeswa\Downloads\file\data\train_set\noisy\synth_00438.wav,C:\Users\jeswa\Downloads\file\data\train_set\clean\synth_00438.wav,-2.4
C:\Users\jeswa\Downloads\file\data\train_set\noisy\synth_00439.wav,C:\Users\jeswa\Downloads\file\data\train_set\clean\synth_00439.wav,1.8
C:\Users\jeswa\Downloads\file\data\train_set\noisy\synth_00440.wav,C:\Users\jeswa\Downloads\file\data\train_set\clean\synth_00440.wav,-3.3
C:\Users\jeswa\Downloads\file\data\train_set\noisy\synth_00441.wav,C:\Users\jeswa\Downloads\file\data\train_set\clean\synth_00441.wav,11.2
C:\Users\jeswa\Downloads\file\data\train_set\noisy\synth_00442.wav,C:\Users\jeswa\Downloads\file\data\train_set\clean\synth_00442.wav,-2.9
C:\Users\jeswa\Downloads\file\data\train_set\noisy\synth_00443.wav,C:\Users\jeswa\Downloads\file\data\train_set\clean\synth_00443.wav,0.8
C:\Users\jeswa\Downloads\file\data\train_set\noisy\synth_00444.wav,C:\Users\jeswa\Downloads\file\data\train_set\clean\synth_00444.wav,-7.4
C:\Users\jeswa\Downloads\file\data\train_set\noisy\synth_00445.wav,C:\Users\jeswa\Downloads\file\data\train_set\clean\synth_00445.wav,2.3
C:\Users\jeswa\Downloads\file\data\train_set\noisy\synth_00446.wav,C:\Users\jeswa\Downloads\file\data\train_set\clean\synth_00446.wav,7.7
C:\Users\jeswa\Downloads\file\data\train_set\noisy\synth_00447.wav,C:\Users\jeswa\Downloads\file\data\train_set\clean\synth_00447.wav,1.8
C:\Users\jeswa\Downloads\file\data\train_set\noisy\synth_00448.wav,C:\Users\jeswa\Downloads\file\data\train_set\clean\synth_00448.wav,3.7
C:\Users\jeswa\Downloads\file\data\train_set\noisy\synth_00449.wav,C:\Users\jeswa\Downloads\file\data\train_set\clean\synth_00449.wav,4.2
C:\Users\jeswa\Downloads\file\data\train_set\noisy\synth_00450.wav,C:\Users\jeswa\Downloads\file\data\train_set\clean\synth_00450.wav,11.8
C:\Users\jeswa\Downloads\file\data\train_set\noisy\synth_00451.wav,C:\Users\jeswa\Downloads\file\data\train_set\clean\synth_00451.wav,-6.0
C:\Users\jeswa\Downloads\file\data\train_set\noisy\synth_00452.wav,C:\Users\jeswa\Downloads\file\data\train_set\clean\synth_00452.wav,11.7
C:\Users\jeswa\Downloads\file\data\train_set\noisy\synth_00453.wav,C:\Users\jeswa\Downloads\file\data\train_set\clean\synth_00453.wav,-7.5
C:\Users\jeswa\Downloads\file\data\train_set\noisy\synth_00454.wav,C:\Users\jeswa\Downloads\file\data\train_set\clean\synth_00454.wav,5.4
C:\Users\jeswa\Downloads\file\data\train_set\noisy\synth_00455.wav,C:\Users\jeswa\Downloads\file\data\train_set\clean\synth_00455.wav,10.6
C:\Users\jeswa\Downloads\file\data\train_set\noisy\synth_00456.wav,C:\Users\jeswa\Downloads\file\data\train_set\clean\synth_00456.wav,14.6
C:\Users\jeswa\Downloads\file\data\train_set\noisy\synth_00457.wav,C:\Users\jeswa\Downloads\file\data\train_set\clean\synth_00457.wav,-4.1
C:\Users\jeswa\Downloads\file\data\train_set\noisy\synth_00458.wav,C:\Users\jeswa\Downloads\file\data\train_set\clean\synth_00458.wav,3.6
C:\Users\jeswa\Downloads\file\data\train_set\noisy\synth_00459.wav,C:\Users\jeswa\Downloads\file\data\train_set\clean\synth_00459.wav,-8.0
C:\Users\jeswa\Downloads\file\data\train_set\noisy\synth_00460.wav,C:\Users\jeswa\Downloads\file\data\train_set\clean\synth_00460.wav,5.6
C:\Users\jeswa\Downloads\file\data\train_set\noisy\synth_00461.wav,C:\Users\jeswa\Downloads\file\data\train_set\clean\synth_00461.wav,10.7
C:\Users\jeswa\Downloads\file\data\train_set\noisy\synth_00462.wav,C:\Users\jeswa\Downloads\file\data\train_set\clean\synth_00462.wav,12.2
C:\Users\jeswa\Downloads\file\data\train_set\noisy\synth_00463.wav,C:\Users\jeswa\Downloads\file\data\train_set\clean\synth_00463.wav,8.4
C:\Users\jeswa\Downloads\file\data\train_set\noisy\synth_00464.wav,C:\Users\jeswa\Downloads\file\data\train_set\clean\synth_00464.wav,7.7
C:\Users\jeswa\Downloads\file\data\train_set\noisy\synth_00465.wav,C:\Users\jeswa\Downloads\file\data\train_set\clean\synth_00465.wav,-8.4
C:\Users\jeswa\Downloads\file\data\train_set\noisy\synth_00466.wav,C:\Users\jeswa\Downloads\file\data\train_set\clean\synth_00466.wav,-4.5
C:\Users\jeswa\Downloads\file\data\train_set\noisy\synth_00467.wav,C:\Users\jeswa\Downloads\file\data\train_set\clean\synth_00467.wav,8.3
C:\Users\jeswa\Downloads\file\data\train_set\noisy\synth_00468.wav,C:\Users\jeswa\Downloads\file\data\train_set\clean\synth_00468.wav,-9.6
C:\Users\jeswa\Downloads\file\data\train_set\noisy\synth_00469.wav,C:\Users\jeswa\Downloads\file\data\train_set\clean\synth_00469.wav,-5.0
C:\Users\jeswa\Downloads\file\data\train_set\noisy\synth_00470.wav,C:\Users\jeswa\Downloads\file\data\train_set\clean\synth_00470.wav,-0.8
C:\Users\jeswa\Downloads\file\data\train_set\noisy\synth_00471.wav,C:\Users\jeswa\Downloads\file\data\train_set\clean\synth_00471.wav,-2.9
C:\Users\jeswa\Downloads\file\data\train_set\noisy\synth_00472.wav,C:\Users\jeswa\Downloads\file\data\train_set\clean\synth_00472.wav,-8.3
C:\Users\jeswa\Downloads\file\data\train_set\noisy\synth_00473.wav,C:\Users\jeswa\Downloads\file\data\train_set\clean\synth_00473.wav,-0.2
C:\Users\jeswa\Downloads\file\data\train_set\noisy\synth_00474.wav,C:\Users\jeswa\Downloads\file\data\train_set\clean\synth_00474.wav,6.1
C:\Users\jeswa\Downloads\file\data\train_set\noisy\synth_00475.wav,C:\Users\jeswa\Downloads\file\data\train_set\clean\synth_00475.wav,5.0
C:\Users\jeswa\Downloads\file\data\train_set\noisy\synth_00476.wav,C:\Users\jeswa\Downloads\file\data\train_set\clean\synth_00476.wav,0.9
C:\Users\jeswa\Downloads\file\data\train_set\noisy\synth_00477.wav,C:\Users\jeswa\Downloads\file\data\train_set\clean\synth_00477.wav,13.7
C:\Users\jeswa\Downloads\file\data\train_set\noisy\synth_00478.wav,C:\Users\jeswa\Downloads\file\data\train_set\clean\synth_00478.wav,3.4
C:\Users\jeswa\Downloads\file\data\train_set\noisy\synth_00479.wav,C:\Users\jeswa\Downloads\file\data\train_set\clean\synth_00479.wav,-4.7
C:\Users\jeswa\Downloads\file\data\train_set\noisy\synth_00480.wav,C:\Users\jeswa\Downloads\file\data\train_set\clean\synth_00480.wav,-9.5
C:\Users\jeswa\Downloads\file\data\train_set\noisy\synth_00481.wav,C:\Users\jeswa\Downloads\file\data\train_set\clean\synth_00481.wav,13.1
C:\Users\jeswa\Downloads\file\data\train_set\noisy\synth_00482.wav,C:\Users\jeswa\Downloads\file\data\train_set\clean\synth_00482.wav,-6.8
C:\Users\jeswa\Downloads\file\data\train_set\noisy\synth_00483.wav,C:\Users\jeswa\Downloads\file\data\train_set\clean\synth_00483.wav,12.3
C:\Users\jeswa\Downloads\file\data\train_set\noisy\synth_00484.wav,C:\Users\jeswa\Downloads\file\data\train_set\clean\synth_00484.wav,6.4
C:\Users\jeswa\Downloads\file\data\train_set\noisy\synth_00485.wav,C:\Users\jeswa\Downloads\file\data\train_set\clean\synth_00485.wav,0.6
C:\Users\jeswa\Downloads\file\data\train_set\noisy\synth_00486.wav,C:\Users\jeswa\Downloads\file\data\train_set\clean\synth_00486.wav,-5.5
C:\Users\jeswa\Downloads\file\data\train_set\noisy\synth_00487.wav,C:\Users\jeswa\Downloads\file\data\train_set\clean\synth_00487.wav,-7.4
C:\Users\jeswa\Downloads\file\data\train_set\noisy\synth_00488.wav,C:\Users\jeswa\Downloads\file\data\train_set\clean\synth_00488.wav,-8.0
C:\Users\jeswa\Downloads\file\data\train_set\noisy\synth_00489.wav,C:\Users\jeswa\Downloads\file\data\train_set\clean\synth_00489.wav,-4.9
C:\Users\jeswa\Downloads\file\data\train_set\noisy\synth_00490.wav,C:\Users\jeswa\Downloads\file\data\train_set\clean\synth_00490.wav,-8.0
C:\Users\jeswa\Downloads\file\data\train_set\noisy\synth_00491.wav,C:\Users\jeswa\Downloads\file\data\train_set\clean\synth_00491.wav,8.6
C:\Users\jeswa\Downloads\file\data\train_set\noisy\synth_00492.wav,C:\Users\jeswa\Downloads\file\data\train_set\clean\synth_00492.wav,4.5
C:\Users\jeswa\Downloads\file\data\train_set\noisy\synth_00493.wav,C:\Users\jeswa\Downloads\file\data\train_set\clean\synth_00493.wav,-2.2
C:\Users\jeswa\Downloads\file\data\train_set\noisy\synth_00494.wav,C:\Users\jeswa\Downloads\file\data\train_set\clean\synth_00494.wav,4.6
C:\Users\jeswa\Downloads\file\data\train_set\noisy\synth_00495.wav,C:\Users\jeswa\Downloads\file\data\train_set\clean\synth_00495.wav,-9.3
C:\Users\jeswa\Downloads\file\data\train_set\noisy\synth_00496.wav,C:\Users\jeswa\Downloads\file\data\train_set\clean\synth_00496.wav,3.7
C:\Users\jeswa\Downloads\file\data\train_set\noisy\synth_00497.wav,C:\Users\jeswa\Downloads\file\data\train_set\clean\synth_00497.wav,-8.8
C:\Users\jeswa\Downloads\file\data\train_set\noisy\synth_00498.wav,C:\Users\jeswa\Downloads\file\data\train_set\clean\synth_00498.wav,7.4
C:\Users\jeswa\Downloads\file\data\train_set\noisy\synth_00499.wav,C:\Users\jeswa\Downloads\file\data\train_set\clean\synth_00499.wav,-6.4
C:\Users\jeswa\Downloads\file\data\train_set\noisy\synth_00500.wav,C:\Users\jeswa\Downloads\file\data\train_set\clean\synth_00500.wav,9.0
C:\Users\jeswa\Downloads\file\data\train_set\noisy\synth_00501.wav,C:\Users\jeswa\Downloads\file\data\train_set\clean\synth_00501.wav,4.2
C:\Users\jeswa\Downloads\file\data\train_set\noisy\synth_00502.wav,C:\Users\jeswa\Downloads\file\data\train_set\clean\synth_00502.wav,-0.0
C:\Users\jeswa\Downloads\file\data\train_set\noisy\synth_00503.wav,C:\Users\jeswa\Downloads\file\data\train_set\clean\synth_00503.wav,6.6
C:\Users\jeswa\Downloads\file\data\train_set\noisy\synth_00504.wav,C:\Users\jeswa\Downloads\file\data\train_set\clean\synth_00504.wav,-4.1
C:\Users\jeswa\Downloads\file\data\train_set\noisy\synth_00505.wav,C:\Users\jeswa\Downloads\file\data\train_set\clean\synth_00505.wav,8.7
C:\Users\jeswa\Downloads\file\data\train_set\noisy\synth_00506.wav,C:\Users\jeswa\Downloads\file\data\train_set\clean\synth_00506.wav,8.8
C:\Users\jeswa\Downloads\file\data\train_set\noisy\synth_00507.wav,C:\Users\jeswa\Downloads\file\data\train_set\clean\synth_00507.wav,10.2
C:\Users\jeswa\Downloads\file\data\train_set\noisy\synth_00508.wav,C:\Users\jeswa\Downloads\file\data\train_set\clean\synth_00508.wav,7.8
C:\Users\jeswa\Downloads\file\data\train_set\noisy\synth_00509.wav,C:\Users\jeswa\Downloads\file\data\train_set\clean\synth_00509.wav,-1.7
C:\Users\jeswa\Downloads\file\data\train_set\noisy\synth_00510.wav,C:\Users\jeswa\Downloads\file\data\train_set\clean\synth_00510.wav,10.2
C:\Users\jeswa\Downloads\file\data\train_set\noisy\synth_00511.wav,C:\Users\jeswa\Downloads\file\data\train_set\clean\synth_00511.wav,-6.4
C:\Users\jeswa\Downloads\file\data\train_set\noisy\synth_00512.wav,C:\Users\jeswa\Downloads\file\data\train_set\clean\synth_00512.wav,-9.7
C:\Users\jeswa\Downloads\file\data\train_set\noisy\synth_00513.wav,C:\Users\jeswa\Downloads\file\data\train_set\clean\synth_00513.wav,3.0
C:\Users\jeswa\Downloads\file\data\train_set\noisy\synth_00514.wav,C:\Users\jeswa\Downloads\file\data\train_set\clean\synth_00514.wav,8.1
C:\Users\jeswa\Downloads\file\data\train_set\noisy\synth_00515.wav,C:\Users\jeswa\Downloads\file\data\train_set\clean\synth_00515.wav,14.7
C:\Users\jeswa\Downloads\file\data\train_set\noisy\synth_00516.wav,C:\Users\jeswa\Downloads\file\data\train_set\clean\synth_00516.wav,5.4
C:\Users\jeswa\Downloads\file\data\train_set\noisy\synth_00517.wav,C:\Users\jeswa\Downloads\file\data\train_set\clean\synth_00517.wav,2.3
C:\Users\jeswa\Downloads\file\data\train_set\noisy\synth_00518.wav,C:\Users\jeswa\Downloads\file\data\train_set\clean\synth_00518.wav,0.5
C:\Users\jeswa\Downloads\file\data\train_set\noisy\synth_00519.wav,C:\Users\jeswa\Downloads\file\data\train_set\clean\synth_00519.wav,12.3
C:\Users\jeswa\Downloads\file\data\train_set\noisy\synth_00520.wav,C:\Users\jeswa\Downloads\file\data\train_set\clean\synth_00520.wav,10.1
C:\Users\jeswa\Downloads\file\data\train_set\noisy\synth_00521.wav,C:\Users\jeswa\Downloads\file\data\train_set\clean\synth_00521.wav,4.5
C:\Users\jeswa\Downloads\file\data\train_set\noisy\synth_00522.wav,C:\Users\jeswa\Downloads\file\data\train_set\clean\synth_00522.wav,3.8
C:\Users\jeswa\Downloads\file\data\train_set\noisy\synth_00523.wav,C:\Users\jeswa\Downloads\file\data\train_set\clean\synth_00523.wav,4.4
C:\Users\jeswa\Downloads\file\data\train_set\noisy\synth_00524.wav,C:\Users\jeswa\Downloads\file\data\train_set\clean\synth_00524.wav,-9.0
C:\Users\jeswa\Downloads\file\data\train_set\noisy\synth_00525.wav,C:\Users\jeswa\Downloads\file\data\train_set\clean\synth_00525.wav,-5.0
C:\Users\jeswa\Downloads\file\data\train_set\noisy\synth_00526.wav,C:\Users\jeswa\Downloads\file\data\train_set\clean\synth_00526.wav,8.8
C:\Users\jeswa\Downloads\file\data\train_set\noisy\synth_00527.wav,C:\Users\jeswa\Downloads\file\data\train_set\clean\synth_00527.wav,7.3
C:\Users\jeswa\Downloads\file\data\train_set\noisy\synth_00528.wav,C:\Users\jeswa\Downloads\file\data\train_set\clean\synth_00528.wav,-6.9
C:\Users\jeswa\Downloads\file\data\train_set\noisy\synth_00529.wav,C:\Users\jeswa\Downloads\file\data\train_set\clean\synth_00529.wav,3.8
C:\Users\jeswa\Downloads\file\data\train_set\noisy\synth_00530.wav,C:\Users\jeswa\Downloads\file\data\train_set\clean\synth_00530.wav,-5.2
C:\Users\jeswa\Downloads\file\data\train_set\noisy\synth_00531.wav,C:\Users\jeswa\Downloads\file\data\train_set\clean\synth_00531.wav,3.4
C:\Users\jeswa\Downloads\file\data\train_set\noisy\synth_00532.wav,C:\Users\jeswa\Downloads\file\data\train_set\clean\synth_00532.wav,1.5
C:\Users\jeswa\Downloads\file\data\train_set\noisy\synth_00533.wav,C:\Users\jeswa\Downloads\file\data\train_set\clean\synth_00533.wav,7.4
C:\Users\jeswa\Downloads\file\data\train_set\noisy\synth_00534.wav,C:\Users\jeswa\Downloads\file\data\train_set\clean\synth_00534.wav,2.8
C:\Users\jeswa\Downloads\file\data\train_set\noisy\synth_00535.wav,C:\Users\jeswa\Downloads\file\data\train_set\clean\synth_00535.wav,-1.7
C:\Users\jeswa\Downloads\file\data\train_set\noisy\synth_00536.wav,C:\Users\jeswa\Downloads\file\data\train_set\clean\synth_00536.wav,14.5
C:\Users\jeswa\Downloads\file\data\train_set\noisy\synth_00537.wav,C:\Users\jeswa\Downloads\file\data\train_set\clean\synth_00537.wav,-0.3
C:\Users\jeswa\Downloads\file\data\train_set\noisy\synth_00538.wav,C:\Users\jeswa\Downloads\file\data\train_set\clean\synth_00538.wav,-4.8
C:\Users\jeswa\Downloads\file\data\train_set\noisy\synth_00539.wav,C:\Users\jeswa\Downloads\file\data\train_set\clean\synth_00539.wav,10.0
C:\Users\jeswa\Downloads\file\data\train_set\noisy\synth_00540.wav,C:\Users\jeswa\Downloads\file\data\train_set\clean\synth_00540.wav,13.4
C:\Users\jeswa\Downloads\file\data\train_set\noisy\synth_00541.wav,C:\Users\jeswa\Downloads\file\data\train_set\clean\synth_00541.wav,5.0
C:\Users\jeswa\Downloads\file\data\train_set\noisy\synth_00542.wav,C:\Users\jeswa\Downloads\file\data\train_set\clean\synth_00542.wav,-1.5
C:\Users\jeswa\Downloads\file\data\train_set\noisy\synth_00543.wav,C:\Users\jeswa\Downloads\file\data\train_set\clean\synth_00543.wav,-5.7
C:\Users\jeswa\Downloads\file\data\train_set\noisy\synth_00544.wav,C:\Users\jeswa\Downloads\file\data\train_set\clean\synth_00544.wav,-1.9
C:\Users\jeswa\Downloads\file\data\train_set\noisy\synth_00545.wav,C:\Users\jeswa\Downloads\file\data\train_set\clean\synth_00545.wav,-2.6
C:\Users\jeswa\Downloads\file\data\train_set\noisy\synth_00546.wav,C:\Users\jeswa\Downloads\file\data\train_set\clean\synth_00546.wav,11.9
C:\Users\jeswa\Downloads\file\data\train_set\noisy\synth_00547.wav,C:\Users\jeswa\Downloads\file\data\train_set\clean\synth_00547.wav,-7.1
C:\Users\jeswa\Downloads\file\data\train_set\noisy\synth_00548.wav,C:\Users\jeswa\Downloads\file\data\train_set\clean\synth_00548.wav,6.3
C:\Users\jeswa\Downloads\file\data\train_set\noisy\synth_00549.wav,C:\Users\jeswa\Downloads\file\data\train_set\clean\synth_00549.wav,10.7
C:\Users\jeswa\Downloads\file\data\train_set\noisy\synth_00550.wav,C:\Users\jeswa\Downloads\file\data\train_set\clean\synth_00550.wav,-2.5
C:\Users\jeswa\Downloads\file\data\train_set\noisy\synth_00551.wav,C:\Users\jeswa\Downloads\file\data\train_set\clean\synth_00551.wav,2.0
C:\Users\jeswa\Downloads\file\data\train_set\noisy\synth_00552.wav,C:\Users\jeswa\Downloads\file\data\train_set\clean\synth_00552.wav,0.6
C:\Users\jeswa\Downloads\file\data\train_set\noisy\synth_00553.wav,C:\Users\jeswa\Downloads\file\data\train_set\clean\synth_00553.wav,12.3
C:\Users\jeswa\Downloads\file\data\train_set\noisy\synth_00554.wav,C:\Users\jeswa\Downloads\file\data\train_set\clean\synth_00554.wav,8.5
C:\Users\jeswa\Downloads\file\data\train_set\noisy\synth_00555.wav,C:\Users\jeswa\Downloads\file\data\train_set\clean\synth_00555.wav,-0.5
C:\Users\jeswa\Downloads\file\data\train_set\noisy\synth_00556.wav,C:\Users\jeswa\Downloads\file\data\train_set\clean\synth_00556.wav,-1.3
C:\Users\jeswa\Downloads\file\data\train_set\noisy\synth_00557.wav,C:\Users\jeswa\Downloads\file\data\train_set\clean\synth_00557.wav,11.3
C:\Users\jeswa\Downloads\file\data\train_set\noisy\synth_00558.wav,C:\Users\jeswa\Downloads\file\data\train_set\clean\synth_00558.wav,1.3
C:\Users\jeswa\Downloads\file\data\train_set\noisy\synth_00559.wav,C:\Users\jeswa\Downloads\file\data\train_set\clean\synth_00559.wav,-1.7
C:\Users\jeswa\Downloads\file\data\train_set\noisy\synth_00560.wav,C:\Users\jeswa\Downloads\file\data\train_set\clean\synth_00560.wav,3.2
C:\Users\jeswa\Downloads\file\data\train_set\noisy\synth_00561.wav,C:\Users\jeswa\Downloads\file\data\train_set\clean\synth_00561.wav,0.5
C:\Users\jeswa\Downloads\file\data\train_set\noisy\synth_00562.wav,C:\Users\jeswa\Downloads\file\data\train_set\clean\synth_00562.wav,-7.0
C:\Users\jeswa\Downloads\file\data\train_set\noisy\synth_00563.wav,C:\Users\jeswa\Downloads\file\data\train_set\clean\synth_00563.wav,1.4
C:\Users\jeswa\Downloads\file\data\train_set\noisy\synth_00564.wav,C:\Users\jeswa\Downloads\file\data\train_set\clean\synth_00564.wav,3.7
C:\Users\jeswa\Downloads\file\data\train_set\noisy\synth_00565.wav,C:\Users\jeswa\Downloads\file\data\train_set\clean\synth_00565.wav,-9.1
C:\Users\jeswa\Downloads\file\data\train_set\noisy\synth_00566.wav,C:\Users\jeswa\Downloads\file\data\train_set\clean\synth_00566.wav,14.1
C:\Users\jeswa\Downloads\file\data\train_set\noisy\synth_00567.wav,C:\Users\jeswa\Downloads\file\data\train_set\clean\synth_00567.wav,-9.1
C:\Users\jeswa\Downloads\file\data\train_set\noisy\synth_00568.wav,C:\Users\jeswa\Downloads\file\data\train_set\clean\synth_00568.wav,4.1
C:\Users\jeswa\Downloads\file\data\train_set\noisy\synth_00569.wav,C:\Users\jeswa\Downloads\file\data\train_set\clean\synth_00569.wav,-9.7
C:\Users\jeswa\Downloads\file\data\train_set\noisy\synth_00570.wav,C:\Users\jeswa\Downloads\file\data\train_set\clean\synth_00570.wav,13.4
C:\Users\jeswa\Downloads\file\data\train_set\noisy\synth_00571.wav,C:\Users\jeswa\Downloads\file\data\train_set\clean\synth_00571.wav,-2.2
C:\Users\jeswa\Downloads\file\data\train_set\noisy\synth_00572.wav,C:\Users\jeswa\Downloads\file\data\train_set\clean\synth_00572.wav,7.4
C:\Users\jeswa\Downloads\file\data\train_set\noisy\synth_00573.wav,C:\Users\jeswa\Downloads\file\data\train_set\clean\synth_00573.wav,1.4
C:\Users\jeswa\Downloads\file\data\train_set\noisy\synth_00574.wav,C:\Users\jeswa\Downloads\file\data\train_set\clean\synth_00574.wav,1.8
C:\Users\jeswa\Downloads\file\data\train_set\noisy\synth_00575.wav,C:\Users\jeswa\Downloads\file\data\train_set\clean\synth_00575.wav,5.5
C:\Users\jeswa\Downloads\file\data\train_set\noisy\synth_00576.wav,C:\Users\jeswa\Downloads\file\data\train_set\clean\synth_00576.wav,6.8
C:\Users\jeswa\Downloads\file\data\train_set\noisy\synth_00577.wav,C:\Users\jeswa\Downloads\file\data\train_set\clean\synth_00577.wav,-6.4
C:\Users\jeswa\Downloads\file\data\train_set\noisy\synth_00578.wav,C:\Users\jeswa\Downloads\file\data\train_set\clean\synth_00578.wav,-6.8
C:\Users\jeswa\Downloads\file\data\train_set\noisy\synth_00579.wav,C:\Users\jeswa\Downloads\file\data\train_set\clean\synth_00579.wav,13.6
C:\Users\jeswa\Downloads\file\data\train_set\noisy\synth_00580.wav,C:\Users\jeswa\Downloads\file\data\train_set\clean\synth_00580.wav,3.4
C:\Users\jeswa\Downloads\file\data\train_set\noisy\synth_00581.wav,C:\Users\jeswa\Downloads\file\data\train_set\clean\synth_00581.wav,12.6
C:\Users\jeswa\Downloads\file\data\train_set\noisy\synth_00582.wav,C:\Users\jeswa\Downloads\file\data\train_set\clean\synth_00582.wav,8.6
C:\Users\jeswa\Downloads\file\data\train_set\noisy\synth_00583.wav,C:\Users\jeswa\Downloads\file\data\train_set\clean\synth_00583.wav,3.2
C:\Users\jeswa\Downloads\file\data\train_set\noisy\synth_00584.wav,C:\Users\jeswa\Downloads\file\data\train_set\clean\synth_00584.wav,-5.3
C:\Users\jeswa\Downloads\file\data\train_set\noisy\synth_00585.wav,C:\Users\jeswa\Downloads\file\data\train_set\clean\synth_00585.wav,14.9
C:\Users\jeswa\Downloads\file\data\train_set\noisy\synth_00586.wav,C:\Users\jeswa\Downloads\file\data\train_set\clean\synth_00586.wav,11.5
C:\Users\jeswa\Downloads\file\data\train_set\noisy\synth_00587.wav,C:\Users\jeswa\Downloads\file\data\train_set\clean\synth_00587.wav,11.8
C:\Users\jeswa\Downloads\file\data\train_set\noisy\synth_00588.wav,C:\Users\jeswa\Downloads\file\data\train_set\clean\synth_00588.wav,8.2
C:\Users\jeswa\Downloads\file\data\train_set\noisy\synth_00589.wav,C:\Users\jeswa\Downloads\file\data\train_set\clean\synth_00589.wav,-1.2
C:\Users\jeswa\Downloads\file\data\train_set\noisy\synth_00590.wav,C:\Users\jeswa\Downloads\file\data\train_set\clean\synth_00590.wav,14.3
C:\Users\jeswa\Downloads\file\data\train_set\noisy\synth_00591.wav,C:\Users\jeswa\Downloads\file\data\train_set\clean\synth_00591.wav,-2.0
C:\Users\jeswa\Downloads\file\data\train_set\noisy\synth_00592.wav,C:\Users\jeswa\Downloads\file\data\train_set\clean\synth_00592.wav,-3.3
C:\Users\jeswa\Downloads\file\data\train_set\noisy\synth_00593.wav,C:\Users\jeswa\Downloads\file\data\train_set\clean\synth_00593.wav,11.9
C:\Users\jeswa\Downloads\file\data\train_set\noisy\synth_00594.wav,C:\Users\jeswa\Downloads\file\data\train_set\clean\synth_00594.wav,3.4
C:\Users\jeswa\Downloads\file\data\train_set\noisy\synth_00595.wav,C:\Users\jeswa\Downloads\file\data\train_set\clean\synth_00595.wav,-6.4
C:\Users\jeswa\Downloads\file\data\train_set\noisy\synth_00596.wav,C:\Users\jeswa\Downloads\file\data\train_set\clean\synth_00596.wav,6.2
C:\Users\jeswa\Downloads\file\data\train_set\noisy\synth_00597.wav,C:\Users\jeswa\Downloads\file\data\train_set\clean\synth_00597.wav,0.6
C:\Users\jeswa\Downloads\file\data\train_set\noisy\synth_00598.wav,C:\Users\jeswa\Downloads\file\data\train_set\clean\synth_00598.wav,11.1
C:\Users\jeswa\Downloads\file\data\train_set\noisy\synth_00599.wav,C:\Users\jeswa\Downloads\file\data\train_set\clean\synth_00599.wav,1.4
C:\Users\jeswa\Downloads\file\data\train_set\noisy\synth_00600.wav,C:\Users\jeswa\Downloads\file\data\train_set\clean\synth_00600.wav,1.2
C:\Users\jeswa\Downloads\file\data\train_set\noisy\synth_00601.wav,C:\Users\jeswa\Downloads\file\data\train_set\clean\synth_00601.wav,-0.3
C:\Users\jeswa\Downloads\file\data\train_set\noisy\synth_00602.wav,C:\Users\jeswa\Downloads\file\data\train_set\clean\synth_00602.wav,6.4
C:\Users\jeswa\Downloads\file\data\train_set\noisy\synth_00603.wav,C:\Users\jeswa\Downloads\file\data\train_set\clean\synth_00603.wav,2.9
C:\Users\jeswa\Downloads\file\data\train_set\noisy\synth_00604.wav,C:\Users\jeswa\Downloads\file\data\train_set\clean\synth_00604.wav,13.5
C:\Users\jeswa\Downloads\file\data\train_set\noisy\synth_00605.wav,C:\Users\jeswa\Downloads\file\data\train_set\clean\synth_00605.wav,-0.1
C:\Users\jeswa\Downloads\file\data\train_set\noisy\synth_00606.wav,C:\Users\jeswa\Downloads\file\data\train_set\clean\synth_00606.wav,-0.1
C:\Users\jeswa\Downloads\file\data\train_set\noisy\synth_00607.wav,C:\Users\jeswa\Downloads\file\data\train_set\clean\synth_00607.wav,9.4
C:\Users\jeswa\Downloads\file\data\train_set\noisy\synth_00608.wav,C:\Users\jeswa\Downloads\file\data\train_set\clean\synth_00608.wav,2.2
C:\Users\jeswa\Downloads\file\data\train_set\noisy\synth_00609.wav,C:\Users\jeswa\Downloads\file\data\train_set\clean\synth_00609.wav,8.8
C:\Users\jeswa\Downloads\file\data\train_set\noisy\synth_00610.wav,C:\Users\jeswa\Downloads\file\data\train_set\clean\synth_00610.wav,-5.7
C:\Users\jeswa\Downloads\file\data\train_set\noisy\synth_00611.wav,C:\Users\jeswa\Downloads\file\data\train_set\clean\synth_00611.wav,8.9
C:\Users\jeswa\Downloads\file\data\train_set\noisy\synth_00612.wav,C:\Users\jeswa\Downloads\file\data\train_set\clean\synth_00612.wav,3.5
C:\Users\jeswa\Downloads\file\data\train_set\noisy\synth_00613.wav,C:\Users\jeswa\Downloads\file\data\train_set\clean\synth_00613.wav,-6.5
C:\Users\jeswa\Downloads\file\data\train_set\noisy\synth_00614.wav,C:\Users\jeswa\Downloads\file\data\train_set\clean\synth_00614.wav,-6.0
C:\Users\jeswa\Downloads\file\data\train_set\noisy\synth_00615.wav,C:\Users\jeswa\Downloads\file\data\train_set\clean\synth_00615.wav,9.7
C:\Users\jeswa\Downloads\file\data\train_set\noisy\synth_00616.wav,C:\Users\jeswa\Downloads\file\data\train_set\clean\synth_00616.wav,5.2
C:\Users\jeswa\Downloads\file\data\train_set\noisy\synth_00617.wav,C:\Users\jeswa\Downloads\file\data\train_set\clean\synth_00617.wav,-6.0
C:\Users\jeswa\Downloads\file\data\train_set\noisy\synth_00618.wav,C:\Users\jeswa\Downloads\file\data\train_set\clean\synth_00618.wav,13.9
C:\Users\jeswa\Downloads\file\data\train_set\noisy\synth_00619.wav,C:\Users\jeswa\Downloads\file\data\train_set\clean\synth_00619.wav,0.8
C:\Users\jeswa\Downloads\file\data\train_set\noisy\synth_00620.wav,C:\Users\jeswa\Downloads\file\data\train_set\clean\synth_00620.wav,-8.6
C:\Users\jeswa\Downloads\file\data\train_set\noisy\synth_00621.wav,C:\Users\jeswa\Downloads\file\data\train_set\clean\synth_00621.wav,10.9
C:\Users\jeswa\Downloads\file\data\train_set\noisy\synth_00622.wav,C:\Users\jeswa\Downloads\file\data\train_set\clean\synth_00622.wav,11.3
C:\Users\jeswa\Downloads\file\data\train_set\noisy\synth_00623.wav,C:\Users\jeswa\Downloads\file\data\train_set\clean\synth_00623.wav,0.6
C:\Users\jeswa\Downloads\file\data\train_set\noisy\synth_00624.wav,C:\Users\jeswa\Downloads\file\data\train_set\clean\synth_00624.wav,-4.7
C:\Users\jeswa\Downloads\file\data\train_set\noisy\synth_00625.wav,C:\Users\jeswa\Downloads\file\data\train_set\clean\synth_00625.wav,4.0
C:\Users\jeswa\Downloads\file\data\train_set\noisy\synth_00626.wav,C:\Users\jeswa\Downloads\file\data\train_set\clean\synth_00626.wav,-2.4
C:\Users\jeswa\Downloads\file\data\train_set\noisy\synth_00627.wav,C:\Users\jeswa\Downloads\file\data\train_set\clean\synth_00627.wav,-1.5
C:\Users\jeswa\Downloads\file\data\train_set\noisy\synth_00628.wav,C:\Users\jeswa\Downloads\file\data\train_set\clean\synth_00628.wav,-1.4
C:\Users\jeswa\Downloads\file\data\train_set\noisy\synth_00629.wav,C:\Users\jeswa\Downloads\file\data\train_set\clean\synth_00629.wav,11.9
C:\Users\jeswa\Downloads\file\data\train_set\noisy\synth_00630.wav,C:\Users\jeswa\Downloads\file\data\train_set\clean\synth_00630.wav,-2.5
C:\Users\jeswa\Downloads\file\data\train_set\noisy\synth_00631.wav,C:\Users\jeswa\Downloads\file\data\train_set\clean\synth_00631.wav,-2.7
C:\Users\jeswa\Downloads\file\data\train_set\noisy\synth_00632.wav,C:\Users\jeswa\Downloads\file\data\train_set\clean\synth_00632.wav,-3.1
C:\Users\jeswa\Downloads\file\data\train_set\noisy\synth_00633.wav,C:\Users\jeswa\Downloads\file\data\train_set\clean\synth_00633.wav,6.2
C:\Users\jeswa\Downloads\file\data\train_set\noisy\synth_00634.wav,C:\Users\jeswa\Downloads\file\data\train_set\clean\synth_00634.wav,13.3
C:\Users\jeswa\Downloads\file\data\train_set\noisy\synth_00635.wav,C:\Users\jeswa\Downloads\file\data\train_set\clean\synth_00635.wav,14.7
C:\Users\jeswa\Downloads\file\data\train_set\noisy\synth_00636.wav,C:\Users\jeswa\Downloads\file\data\train_set\clean\synth_00636.wav,-5.3
C:\Users\jeswa\Downloads\file\data\train_set\noisy\synth_00637.wav,C:\Users\jeswa\Downloads\file\data\train_set\clean\synth_00637.wav,-9.7
C:\Users\jeswa\Downloads\file\data\train_set\noisy\synth_00638.wav,C:\Users\jeswa\Downloads\file\data\train_set\clean\synth_00638.wav,1.5
C:\Users\jeswa\Downloads\file\data\train_set\noisy\synth_00639.wav,C:\Users\jeswa\Downloads\file\data\train_set\clean\synth_00639.wav,3.2
C:\Users\jeswa\Downloads\file\data\train_set\noisy\synth_00640.wav,C:\Users\jeswa\Downloads\file\data\train_set\clean\synth_00640.wav,2.8
C:\Users\jeswa\Downloads\file\data\train_set\noisy\synth_00641.wav,C:\Users\jeswa\Downloads\file\data\train_set\clean\synth_00641.wav,-4.6
C:\Users\jeswa\Downloads\file\data\train_set\noisy\synth_00642.wav,C:\Users\jeswa\Downloads\file\data\train_set\clean\synth_00642.wav,-7.8
C:\Users\jeswa\Downloads\file\data\train_set\noisy\synth_00643.wav,C:\Users\jeswa\Downloads\file\data\train_set\clean\synth_00643.wav,1.8
C:\Users\jeswa\Downloads\file\data\train_set\noisy\synth_00644.wav,C:\Users\jeswa\Downloads\file\data\train_set\clean\synth_00644.wav,-0.8
C:\Users\jeswa\Downloads\file\data\train_set\noisy\synth_00645.wav,C:\Users\jeswa\Downloads\file\data\train_set\clean\synth_00645.wav,1.6
C:\Users\jeswa\Downloads\file\data\train_set\noisy\synth_00646.wav,C:\Users\jeswa\Downloads\file\data\train_set\clean\synth_00646.wav,-6.1
C:\Users\jeswa\Downloads\file\data\train_set\noisy\synth_00647.wav,C:\Users\jeswa\Downloads\file\data\train_set\clean\synth_00647.wav,-8.1
C:\Users\jeswa\Downloads\file\data\train_set\noisy\synth_00648.wav,C:\Users\jeswa\Downloads\file\data\train_set\clean\synth_00648.wav,4.3
C:\Users\jeswa\Downloads\file\data\train_set\noisy\synth_00649.wav,C:\Users\jeswa\Downloads\file\data\train_set\clean\synth_00649.wav,12.7
C:\Users\jeswa\Downloads\file\data\train_set\noisy\synth_00650.wav,C:\Users\jeswa\Downloads\file\data\train_set\clean\synth_00650.wav,5.7
C:\Users\jeswa\Downloads\file\data\train_set\noisy\synth_00651.wav,C:\Users\jeswa\Downloads\file\data\train_set\clean\synth_00651.wav,-8.1
C:\Users\jeswa\Downloads\file\data\train_set\noisy\synth_00652.wav,C:\Users\jeswa\Downloads\file\data\train_set\clean\synth_00652.wav,-4.1
C:\Users\jeswa\Downloads\file\data\train_set\noisy\synth_00653.wav,C:\Users\jeswa\Downloads\file\data\train_set\clean\synth_00653.wav,9.9
C:\Users\jeswa\Downloads\file\data\train_set\noisy\synth_00654.wav,C:\Users\jeswa\Downloads\file\data\train_set\clean\synth_00654.wav,-1.7
C:\Users\jeswa\Downloads\file\data\train_set\noisy\synth_00655.wav,C:\Users\jeswa\Downloads\file\data\train_set\clean\synth_00655.wav,-0.6
C:\Users\jeswa\Downloads\file\data\train_set\noisy\synth_00656.wav,C:\Users\jeswa\Downloads\file\data\train_set\clean\synth_00656.wav,13.1
C:\Users\jeswa\Downloads\file\data\train_set\noisy\synth_00657.wav,C:\Users\jeswa\Downloads\file\data\train_set\clean\synth_00657.wav,3.8
C:\Users\jeswa\Downloads\file\data\train_set\noisy\synth_00658.wav,C:\Users\jeswa\Downloads\file\data\train_set\clean\synth_00658.wav,7.2
C:\Users\jeswa\Downloads\file\data\train_set\noisy\synth_00659.wav,C:\Users\jeswa\Downloads\file\data\train_set\clean\synth_00659.wav,-0.2
C:\Users\jeswa\Downloads\file\data\train_set\noisy\synth_00660.wav,C:\Users\jeswa\Downloads\file\data\train_set\clean\synth_00660.wav,3.4
C:\Users\jeswa\Downloads\file\data\train_set\noisy\synth_00661.wav,C:\Users\jeswa\Downloads\file\data\train_set\clean\synth_00661.wav,12.1
C:\Users\jeswa\Downloads\file\data\train_set\noisy\synth_00662.wav,C:\Users\jeswa\Downloads\file\data\train_set\clean\synth_00662.wav,-10.0
C:\Users\jeswa\Downloads\file\data\train_set\noisy\synth_00663.wav,C:\Users\jeswa\Downloads\file\data\train_set\clean\synth_00663.wav,-4.0
C:\Users\jeswa\Downloads\file\data\train_set\noisy\synth_00664.wav,C:\Users\jeswa\Downloads\file\data\train_set\clean\synth_00664.wav,7.4
C:\Users\jeswa\Downloads\file\data\train_set\noisy\synth_00665.wav,C:\Users\jeswa\Downloads\file\data\train_set\clean\synth_00665.wav,-0.2
C:\Users\jeswa\Downloads\file\data\train_set\noisy\synth_00666.wav,C:\Users\jeswa\Downloads\file\data\train_set\clean\synth_00666.wav,-2.7
C:\Users\jeswa\Downloads\file\data\train_set\noisy\synth_00667.wav,C:\Users\jeswa\Downloads\file\data\train_set\clean\synth_00667.wav,10.7
C:\Users\jeswa\Downloads\file\data\train_set\noisy\synth_00668.wav,C:\Users\jeswa\Downloads\file\data\train_set\clean\synth_00668.wav,-9.4
C:\Users\jeswa\Downloads\file\data\train_set\noisy\synth_00669.wav,C:\Users\jeswa\Downloads\file\data\train_set\clean\synth_00669.wav,-9.7
C:\Users\jeswa\Downloads\file\data\train_set\noisy\synth_00670.wav,C:\Users\jeswa\Downloads\file\data\train_set\clean\synth_00670.wav,-2.7
C:\Users\jeswa\Downloads\file\data\train_set\noisy\synth_00671.wav,C:\Users\jeswa\Downloads\file\data\train_set\clean\synth_00671.wav,-3.2
C:\Users\jeswa\Downloads\file\data\train_set\noisy\synth_00672.wav,C:\Users\jeswa\Downloads\file\data\train_set\clean\synth_00672.wav,-8.1
C:\Users\jeswa\Downloads\file\data\train_set\noisy\synth_00673.wav,C:\Users\jeswa\Downloads\file\data\train_set\clean\synth_00673.wav,-2.3
C:\Users\jeswa\Downloads\file\data\train_set\noisy\synth_00674.wav,C:\Users\jeswa\Downloads\file\data\train_set\clean\synth_00674.wav,15.0
C:\Users\jeswa\Downloads\file\data\train_set\noisy\synth_00675.wav,C:\Users\jeswa\Downloads\file\data\train_set\clean\synth_00675.wav,-9.3
C:\Users\jeswa\Downloads\file\data\train_set\noisy\synth_00676.wav,C:\Users\jeswa\Downloads\file\data\train_set\clean\synth_00676.wav,11.7
C:\Users\jeswa\Downloads\file\data\train_set\noisy\synth_00677.wav,C:\Users\jeswa\Downloads\file\data\train_set\clean\synth_00677.wav,-3.2
C:\Users\jeswa\Downloads\file\data\train_set\noisy\synth_00678.wav,C:\Users\jeswa\Downloads\file\data\train_set\clean\synth_00678.wav,-0.7
C:\Users\jeswa\Downloads\file\data\train_set\noisy\synth_00679.wav,C:\Users\jeswa\Downloads\file\data\train_set\clean\synth_00679.wav,-3.5
C:\Users\jeswa\Downloads\file\data\train_set\noisy\synth_00680.wav,C:\Users\jeswa\Downloads\file\data\train_set\clean\synth_00680.wav,6.9
C:\Users\jeswa\Downloads\file\data\train_set\noisy\synth_00681.wav,C:\Users\jeswa\Downloads\file\data\train_set\clean\synth_00681.wav,-2.5
C:\Users\jeswa\Downloads\file\data\train_set\noisy\synth_00682.wav,C:\Users\jeswa\Downloads\file\data\train_set\clean\synth_00682.wav,-1.0
C:\Users\jeswa\Downloads\file\data\train_set\noisy\synth_00683.wav,C:\Users\jeswa\Downloads\file\data\train_set\clean\synth_00683.wav,-4.1
C:\Users\jeswa\Downloads\file\data\train_set\noisy\synth_00684.wav,C:\Users\jeswa\Downloads\file\data\train_set\clean\synth_00684.wav,9.8
C:\Users\jeswa\Downloads\file\data\train_set\noisy\synth_00685.wav,C:\Users\jeswa\Downloads\file\data\train_set\clean\synth_00685.wav,4.9
C:\Users\jeswa\Downloads\file\data\train_set\noisy\synth_00686.wav,C:\Users\jeswa\Downloads\file\data\train_set\clean\synth_00686.wav,-7.9
C:\Users\jeswa\Downloads\file\data\train_set\noisy\synth_00687.wav,C:\Users\jeswa\Downloads\file\data\train_set\clean\synth_00687.wav,-1.1
C:\Users\jeswa\Downloads\file\data\train_set\noisy\synth_00688.wav,C:\Users\jeswa\Downloads\file\data\train_set\clean\synth_00688.wav,13.7
C:\Users\jeswa\Downloads\file\data\train_set\noisy\synth_00689.wav,C:\Users\jeswa\Downloads\file\data\train_set\clean\synth_00689.wav,12.1
C:\Users\jeswa\Downloads\file\data\train_set\noisy\synth_00690.wav,C:\Users\jeswa\Downloads\file\data\train_set\clean\synth_00690.wav,-3.8
C:\Users\jeswa\Downloads\file\data\train_set\noisy\synth_00691.wav,C:\Users\jeswa\Downloads\file\data\train_set\clean\synth_00691.wav,8.0
C:\Users\jeswa\Downloads\file\data\train_set\noisy\synth_00692.wav,C:\Users\jeswa\Downloads\file\data\train_set\clean\synth_00692.wav,-7.8
C:\Users\jeswa\Downloads\file\data\train_set\noisy\synth_00693.wav,C:\Users\jeswa\Downloads\file\data\train_set\clean\synth_00693.wav,5.0
C:\Users\jeswa\Downloads\file\data\train_set\noisy\synth_00694.wav,C:\Users\jeswa\Downloads\file\data\train_set\clean\synth_00694.wav,6.2
C:\Users\jeswa\Downloads\file\data\train_set\noisy\synth_00695.wav,C:\Users\jeswa\Downloads\file\data\train_set\clean\synth_00695.wav,15.0
C:\Users\jeswa\Downloads\file\data\train_set\noisy\synth_00696.wav,C:\Users\jeswa\Downloads\file\data\train_set\clean\synth_00696.wav,-3.9
C:\Users\jeswa\Downloads\file\data\train_set\noisy\synth_00697.wav,C:\Users\jeswa\Downloads\file\data\train_set\clean\synth_00697.wav,-3.1
C:\Users\jeswa\Downloads\file\data\train_set\noisy\synth_00698.wav,C:\Users\jeswa\Downloads\file\data\train_set\clean\synth_00698.wav,4.5
C:\Users\jeswa\Downloads\file\data\train_set\noisy\synth_00699.wav,C:\Users\jeswa\Downloads\file\data\train_set\clean\synth_00699.wav,5.1
C:\Users\jeswa\Downloads\file\data\train_set\noisy\synth_00700.wav,C:\Users\jeswa\Downloads\file\data\train_set\clean\synth_00700.wav,-6.8
C:\Users\jeswa\Downloads\file\data\train_set\noisy\synth_00701.wav,C:\Users\jeswa\Downloads\file\data\train_set\clean\synth_00701.wav,12.3
C:\Users\jeswa\Downloads\file\data\train_set\noisy\synth_00702.wav,C:\Users\jeswa\Downloads\file\data\train_set\clean\synth_00702.wav,-9.8
C:\Users\jeswa\Downloads\file\data\train_set\noisy\synth_00703.wav,C:\Users\jeswa\Downloads\file\data\train_set\clean\synth_00703.wav,3.3
C:\Users\jeswa\Downloads\file\data\train_set\noisy\synth_00704.wav,C:\Users\jeswa\Downloads\file\data\train_set\clean\synth_00704.wav,0.8
C:\Users\jeswa\Downloads\file\data\train_set\noisy\synth_00705.wav,C:\Users\jeswa\Downloads\file\data\train_set\clean\synth_00705.wav,6.0
C:\Users\jeswa\Downloads\file\data\train_set\noisy\synth_00706.wav,C:\Users\jeswa\Downloads\file\data\train_set\clean\synth_00706.wav,1.7
C:\Users\jeswa\Downloads\file\data\train_set\noisy\synth_00707.wav,C:\Users\jeswa\Downloads\file\data\train_set\clean\synth_00707.wav,7.1
C:\Users\jeswa\Downloads\file\data\train_set\noisy\synth_00708.wav,C:\Users\jeswa\Downloads\file\data\train_set\clean\synth_00708.wav,1.3
C:\Users\jeswa\Downloads\file\data\train_set\noisy\synth_00709.wav,C:\Users\jeswa\Downloads\file\data\train_set\clean\synth_00709.wav,-2.0
C:\Users\jeswa\Downloads\file\data\train_set\noisy\synth_00710.wav,C:\Users\jeswa\Downloads\file\data\train_set\clean\synth_00710.wav,6.7
C:\Users\jeswa\Downloads\file\data\train_set\noisy\synth_00711.wav,C:\Users\jeswa\Downloads\file\data\train_set\clean\synth_00711.wav,-6.0
C:\Users\jeswa\Downloads\file\data\train_set\noisy\synth_00712.wav,C:\Users\jeswa\Downloads\file\data\train_set\clean\synth_00712.wav,-3.5
C:\Users\jeswa\Downloads\file\data\train_set\noisy\synth_00713.wav,C:\Users\jeswa\Downloads\file\data\train_set\clean\synth_00713.wav,9.1
C:\Users\jeswa\Downloads\file\data\train_set\noisy\synth_00714.wav,C:\Users\jeswa\Downloads\file\data\train_set\clean\synth_00714.wav,-9.3
C:\Users\jeswa\Downloads\file\data\train_set\noisy\synth_00715.wav,C:\Users\jeswa\Downloads\file\data\train_set\clean\synth_00715.wav,-6.1
C:\Users\jeswa\Downloads\file\data\train_set\noisy\synth_00716.wav,C:\Users\jeswa\Downloads\file\data\train_set\clean\synth_00716.wav,14.9
C:\Users\jeswa\Downloads\file\data\train_set\noisy\synth_00717.wav,C:\Users\jeswa\Downloads\file\data\train_set\clean\synth_00717.wav,3.6
C:\Users\jeswa\Downloads\file\data\train_set\noisy\synth_00718.wav,C:\Users\jeswa\Downloads\file\data\train_set\clean\synth_00718.wav,-5.1
C:\Users\jeswa\Downloads\file\data\train_set\noisy\synth_00719.wav,C:\Users\jeswa\Downloads\file\data\train_set\clean\synth_00719.wav,-8.5
C:\Users\jeswa\Downloads\file\data\train_set\noisy\synth_00720.wav,C:\Users\jeswa\Downloads\file\data\train_set\clean\synth_00720.wav,7.3
C:\Users\jeswa\Downloads\file\data\train_set\noisy\synth_00721.wav,C:\Users\jeswa\Downloads\file\data\train_set\clean\synth_00721.wav,13.6
C:\Users\jeswa\Downloads\file\data\train_set\noisy\synth_00722.wav,C:\Users\jeswa\Downloads\file\data\train_set\clean\synth_00722.wav,-2.9
C:\Users\jeswa\Downloads\file\data\train_set\noisy\synth_00723.wav,C:\Users\jeswa\Downloads\file\data\train_set\clean\synth_00723.wav,-6.7
C:\Users\jeswa\Downloads\file\data\train_set\noisy\synth_00724.wav,C:\Users\jeswa\Downloads\file\data\train_set\clean\synth_00724.wav,-4.3
C:\Users\jeswa\Downloads\file\data\train_set\noisy\synth_00725.wav,C:\Users\jeswa\Downloads\file\data\train_set\clean\synth_00725.wav,-7.8
C:\Users\jeswa\Downloads\file\data\train_set\noisy\synth_00726.wav,C:\Users\jeswa\Downloads\file\data\train_set\clean\synth_00726.wav,-0.6
C:\Users\jeswa\Downloads\file\data\train_set\noisy\synth_00727.wav,C:\Users\jeswa\Downloads\file\data\train_set\clean\synth_00727.wav,2.9
C:\Users\jeswa\Downloads\file\data\train_set\noisy\synth_00728.wav,C:\Users\jeswa\Downloads\file\data\train_set\clean\synth_00728.wav,4.9
C:\Users\jeswa\Downloads\file\data\train_set\noisy\synth_00729.wav,C:\Users\jeswa\Downloads\file\data\train_set\clean\synth_00729.wav,-3.6
C:\Users\jeswa\Downloads\file\data\train_set\noisy\synth_00730.wav,C:\Users\jeswa\Downloads\file\data\train_set\clean\synth_00730.wav,9.6
C:\Users\jeswa\Downloads\file\data\train_set\noisy\synth_00731.wav,C:\Users\jeswa\Downloads\file\data\train_set\clean\synth_00731.wav,4.3
C:\Users\jeswa\Downloads\file\data\train_set\noisy\synth_00732.wav,C:\Users\jeswa\Downloads\file\data\train_set\clean\synth_00732.wav,-8.3
C:\Users\jeswa\Downloads\file\data\train_set\noisy\synth_00733.wav,C:\Users\jeswa\Downloads\file\data\train_set\clean\synth_00733.wav,3.8
C:\Users\jeswa\Downloads\file\data\train_set\noisy\synth_00734.wav,C:\Users\jeswa\Downloads\file\data\train_set\clean\synth_00734.wav,10.6
C:\Users\jeswa\Downloads\file\data\train_set\noisy\synth_00735.wav,C:\Users\jeswa\Downloads\file\data\train_set\clean\synth_00735.wav,8.6
C:\Users\jeswa\Downloads\file\data\train_set\noisy\synth_00736.wav,C:\Users\jeswa\Downloads\file\data\train_set\clean\synth_00736.wav,-4.1
C:\Users\jeswa\Downloads\file\data\train_set\noisy\synth_00737.wav,C:\Users\jeswa\Downloads\file\data\train_set\clean\synth_00737.wav,12.9
C:\Users\jeswa\Downloads\file\data\train_set\noisy\synth_00738.wav,C:\Users\jeswa\Downloads\file\data\train_set\clean\synth_00738.wav,-9.6
C:\Users\jeswa\Downloads\file\data\train_set\noisy\synth_00739.wav,C:\Users\jeswa\Downloads\file\data\train_set\clean\synth_00739.wav,14.8
C:\Users\jeswa\Downloads\file\data\train_set\noisy\synth_00740.wav,C:\Users\jeswa\Downloads\file\data\train_set\clean\synth_00740.wav,-3.7
C:\Users\jeswa\Downloads\file\data\train_set\noisy\synth_00741.wav,C:\Users\jeswa\Downloads\file\data\train_set\clean\synth_00741.wav,5.3
C:\Users\jeswa\Downloads\file\data\train_set\noisy\synth_00742.wav,C:\Users\jeswa\Downloads\file\data\train_set\clean\synth_00742.wav,2.9
C:\Users\jeswa\Downloads\file\data\train_set\noisy\synth_00743.wav,C:\Users\jeswa\Downloads\file\data\train_set\clean\synth_00743.wav,12.8
C:\Users\jeswa\Downloads\file\data\train_set\noisy\synth_00744.wav,C:\Users\jeswa\Downloads\file\data\train_set\clean\synth_00744.wav,6.1
C:\Users\jeswa\Downloads\file\data\train_set\noisy\synth_00745.wav,C:\Users\jeswa\Downloads\file\data\train_set\clean\synth_00745.wav,-8.7
C:\Users\jeswa\Downloads\file\data\train_set\noisy\synth_00746.wav,C:\Users\jeswa\Downloads\file\data\train_set\clean\synth_00746.wav,12.9
C:\Users\jeswa\Downloads\file\data\train_set\noisy\synth_00747.wav,C:\Users\jeswa\Downloads\file\data\train_set\clean\synth_00747.wav,5.9
C:\Users\jeswa\Downloads\file\data\train_set\noisy\synth_00748.wav,C:\Users\jeswa\Downloads\file\data\train_set\clean\synth_00748.wav,12.6
C:\Users\jeswa\Downloads\file\data\train_set\noisy\synth_00749.wav,C:\Users\jeswa\Downloads\file\data\train_set\clean\synth_00749.wav,-0.6
C:\Users\jeswa\Downloads\file\data\train_set\noisy\synth_00750.wav,C:\Users\jeswa\Downloads\file\data\train_set\clean\synth_00750.wav,12.8
C:\Users\jeswa\Downloads\file\data\train_set\noisy\synth_00751.wav,C:\Users\jeswa\Downloads\file\data\train_set\clean\synth_00751.wav,-3.4
C:\Users\jeswa\Downloads\file\data\train_set\noisy\synth_00752.wav,C:\Users\jeswa\Downloads\file\data\train_set\clean\synth_00752.wav,7.4
C:\Users\jeswa\Downloads\file\data\train_set\noisy\synth_00753.wav,C:\Users\jeswa\Downloads\file\data\train_set\clean\synth_00753.wav,-4.3
C:\Users\jeswa\Downloads\file\data\train_set\noisy\synth_00754.wav,C:\Users\jeswa\Downloads\file\data\train_set\clean\synth_00754.wav,-0.8
C:\Users\jeswa\Downloads\file\data\train_set\noisy\synth_00755.wav,C:\Users\jeswa\Downloads\file\data\train_set\clean\synth_00755.wav,1.9
C:\Users\jeswa\Downloads\file\data\train_set\noisy\synth_00756.wav,C:\Users\jeswa\Downloads\file\data\train_set\clean\synth_00756.wav,10.3
C:\Users\jeswa\Downloads\file\data\train_set\noisy\synth_00757.wav,C:\Users\jeswa\Downloads\file\data\train_set\clean\synth_00757.wav,2.8
C:\Users\jeswa\Downloads\file\data\train_set\noisy\synth_00758.wav,C:\Users\jeswa\Downloads\file\data\train_set\clean\synth_00758.wav,4.0
C:\Users\jeswa\Downloads\file\data\train_set\noisy\synth_00759.wav,C:\Users\jeswa\Downloads\file\data\train_set\clean\synth_00759.wav,12.8
C:\Users\jeswa\Downloads\file\data\train_set\noisy\synth_00760.wav,C:\Users\jeswa\Downloads\file\data\train_set\clean\synth_00760.wav,8.1
C:\Users\jeswa\Downloads\file\data\train_set\noisy\synth_00761.wav,C:\Users\jeswa\Downloads\file\data\train_set\clean\synth_00761.wav,5.5
C:\Users\jeswa\Downloads\file\data\train_set\noisy\synth_00762.wav,C:\Users\jeswa\Downloads\file\data\train_set\clean\synth_00762.wav,4.3
C:\Users\jeswa\Downloads\file\data\train_set\noisy\synth_00763.wav,C:\Users\jeswa\Downloads\file\data\train_set\clean\synth_00763.wav,-9.0
C:\Users\jeswa\Downloads\file\data\train_set\noisy\synth_00764.wav,C:\Users\jeswa\Downloads\file\data\train_set\clean\synth_00764.wav,14.5
C:\Users\jeswa\Downloads\file\data\train_set\noisy\synth_00765.wav,C:\Users\jeswa\Downloads\file\data\train_set\clean\synth_00765.wav,-2.3
C:\Users\jeswa\Downloads\file\data\train_set\noisy\synth_00766.wav,C:\Users\jeswa\Downloads\file\data\train_set\clean\synth_00766.wav,-2.7
C:\Users\jeswa\Downloads\file\data\train_set\noisy\synth_00767.wav,C:\Users\jeswa\Downloads\file\data\train_set\clean\synth_00767.wav,14.7
C:\Users\jeswa\Downloads\file\data\train_set\noisy\synth_00768.wav,C:\Users\jeswa\Downloads\file\data\train_set\clean\synth_00768.wav,-6.9
C:\Users\jeswa\Downloads\file\data\train_set\noisy\synth_00769.wav,C:\Users\jeswa\Downloads\file\data\train_set\clean\synth_00769.wav,-7.6
C:\Users\jeswa\Downloads\file\data\train_set\noisy\synth_00770.wav,C:\Users\jeswa\Downloads\file\data\train_set\clean\synth_00770.wav,5.7
C:\Users\jeswa\Downloads\file\data\train_set\noisy\synth_00771.wav,C:\Users\jeswa\Downloads\file\data\train_set\clean\synth_00771.wav,0.3
C:\Users\jeswa\Downloads\file\data\train_set\noisy\synth_00772.wav,C:\Users\jeswa\Downloads\file\data\train_set\clean\synth_00772.wav,1.2
C:\Users\jeswa\Downloads\file\data\train_set\noisy\synth_00773.wav,C:\Users\jeswa\Downloads\file\data\train_set\clean\synth_00773.wav,-6.5
C:\Users\jeswa\Downloads\file\data\train_set\noisy\synth_00774.wav,C:\Users\jeswa\Downloads\file\data\train_set\clean\synth_00774.wav,12.6
C:\Users\jeswa\Downloads\file\data\train_set\noisy\synth_00775.wav,C:\Users\jeswa\Downloads\file\data\train_set\clean\synth_00775.wav,14.4
C:\Users\jeswa\Downloads\file\data\train_set\noisy\synth_00776.wav,C:\Users\jeswa\Downloads\file\data\train_set\clean\synth_00776.wav,1.8
C:\Users\jeswa\Downloads\file\data\train_set\noisy\synth_00777.wav,C:\Users\jeswa\Downloads\file\data\train_set\clean\synth_00777.wav,-7.4
C:\Users\jeswa\Downloads\file\data\train_set\noisy\synth_00778.wav,C:\Users\jeswa\Downloads\file\data\train_set\clean\synth_00778.wav,13.3
C:\Users\jeswa\Downloads\file\data\train_set\noisy\synth_00779.wav,C:\Users\jeswa\Downloads\file\data\train_set\clean\synth_00779.wav,-5.6
C:\Users\jeswa\Downloads\file\data\train_set\noisy\synth_00780.wav,C:\Users\jeswa\Downloads\file\data\train_set\clean\synth_00780.wav,7.4
C:\Users\jeswa\Downloads\file\data\train_set\noisy\synth_00781.wav,C:\Users\jeswa\Downloads\file\data\train_set\clean\synth_00781.wav,-7.8
C:\Users\jeswa\Downloads\file\data\train_set\noisy\synth_00782.wav,C:\Users\jeswa\Downloads\file\data\train_set\clean\synth_00782.wav,11.0
C:\Users\jeswa\Downloads\file\data\train_set\noisy\synth_00783.wav,C:\Users\jeswa\Downloads\file\data\train_set\clean\synth_00783.wav,9.9
C:\Users\jeswa\Downloads\file\data\train_set\noisy\synth_00784.wav,C:\Users\jeswa\Downloads\file\data\train_set\clean\synth_00784.wav,5.0
C:\Users\jeswa\Downloads\file\data\train_set\noisy\synth_00785.wav,C:\Users\jeswa\Downloads\file\data\train_set\clean\synth_00785.wav,2.3
C:\Users\jeswa\Downloads\file\data\train_set\noisy\synth_00786.wav,C:\Users\jeswa\Downloads\file\data\train_set\clean\synth_00786.wav,-5.8
C:\Users\jeswa\Downloads\file\data\train_set\noisy\synth_00787.wav,C:\Users\jeswa\Downloads\file\data\train_set\clean\synth_00787.wav,-5.3
C:\Users\jeswa\Downloads\file\data\train_set\noisy\synth_00788.wav,C:\Users\jeswa\Downloads\file\data\train_set\clean\synth_00788.wav,-8.9
C:\Users\jeswa\Downloads\file\data\train_set\noisy\synth_00789.wav,C:\Users\jeswa\Downloads\file\data\train_set\clean\synth_00789.wav,2.4
C:\Users\jeswa\Downloads\file\data\train_set\noisy\synth_00790.wav,C:\Users\jeswa\Downloads\file\data\train_set\clean\synth_00790.wav,-1.0
C:\Users\jeswa\Downloads\file\data\train_set\noisy\synth_00791.wav,C:\Users\jeswa\Downloads\file\data\train_set\clean\synth_00791.wav,-6.1
C:\Users\jeswa\Downloads\file\data\train_set\noisy\synth_00792.wav,C:\Users\jeswa\Downloads\file\data\train_set\clean\synth_00792.wav,-8.9
C:\Users\jeswa\Downloads\file\data\train_set\noisy\synth_00793.wav,C:\Users\jeswa\Downloads\file\data\train_set\clean\synth_00793.wav,10.3
C:\Users\jeswa\Downloads\file\data\train_set\noisy\synth_00794.wav,C:\Users\jeswa\Downloads\file\data\train_set\clean\synth_00794.wav,2.9
C:\Users\jeswa\Downloads\file\data\train_set\noisy\synth_00795.wav,C:\Users\jeswa\Downloads\file\data\train_set\clean\synth_00795.wav,4.1
C:\Users\jeswa\Downloads\file\data\train_set\noisy\synth_00796.wav,C:\Users\jeswa\Downloads\file\data\train_set\clean\synth_00796.wav,-5.9
C:\Users\jeswa\Downloads\file\data\train_set\noisy\synth_00797.wav,C:\Users\jeswa\Downloads\file\data\train_set\clean\synth_00797.wav,1.5
C:\Users\jeswa\Downloads\file\data\train_set\noisy\synth_00798.wav,C:\Users\jeswa\Downloads\file\data\train_set\clean\synth_00798.wav,0.5
C:\Users\jeswa\Downloads\file\data\train_set\noisy\synth_00799.wav,C:\Users\jeswa\Downloads\file\data\train_set\clean\synth_00799.wav,9.2
C:\Users\jeswa\Downloads\file\data\train_set\noisy\synth_00800.wav,C:\Users\jeswa\Downloads\file\data\train_set\clean\synth_00800.wav,-2.2
C:\Users\jeswa\Downloads\file\data\train_set\noisy\synth_00801.wav,C:\Users\jeswa\Downloads\file\data\train_set\clean\synth_00801.wav,-0.2
C:\Users\jeswa\Downloads\file\data\train_set\noisy\synth_00802.wav,C:\Users\jeswa\Downloads\file\data\train_set\clean\synth_00802.wav,-6.7
C:\Users\jeswa\Downloads\file\data\train_set\noisy\synth_00803.wav,C:\Users\jeswa\Downloads\file\data\train_set\clean\synth_00803.wav,-6.5
C:\Users\jeswa\Downloads\file\data\train_set\noisy\synth_00804.wav,C:\Users\jeswa\Downloads\file\data\train_set\clean\synth_00804.wav,-1.2
C:\Users\jeswa\Downloads\file\data\train_set\noisy\synth_00805.wav,C:\Users\jeswa\Downloads\file\data\train_set\clean\synth_00805.wav,0.2
C:\Users\jeswa\Downloads\file\data\train_set\noisy\synth_00806.wav,C:\Users\jeswa\Downloads\file\data\train_set\clean\synth_00806.wav,13.8
C:\Users\jeswa\Downloads\file\data\train_set\noisy\synth_00807.wav,C:\Users\jeswa\Downloads\file\data\train_set\clean\synth_00807.wav,6.2
C:\Users\jeswa\Downloads\file\data\train_set\noisy\synth_00808.wav,C:\Users\jeswa\Downloads\file\data\train_set\clean\synth_00808.wav,3.1
C:\Users\jeswa\Downloads\file\data\train_set\noisy\synth_00809.wav,C:\Users\jeswa\Downloads\file\data\train_set\clean\synth_00809.wav,-7.0
C:\Users\jeswa\Downloads\file\data\train_set\noisy\synth_00810.wav,C:\Users\jeswa\Downloads\file\data\train_set\clean\synth_00810.wav,11.5
C:\Users\jeswa\Downloads\file\data\train_set\noisy\synth_00811.wav,C:\Users\jeswa\Downloads\file\data\train_set\clean\synth_00811.wav,1.2
C:\Users\jeswa\Downloads\file\data\train_set\noisy\synth_00812.wav,C:\Users\jeswa\Downloads\file\data\train_set\clean\synth_00812.wav,7.3
C:\Users\jeswa\Downloads\file\data\train_set\noisy\synth_00813.wav,C:\Users\jeswa\Downloads\file\data\train_set\clean\synth_00813.wav,2.2
C:\Users\jeswa\Downloads\file\data\train_set\noisy\synth_00814.wav,C:\Users\jeswa\Downloads\file\data\train_set\clean\synth_00814.wav,1.5
C:\Users\jeswa\Downloads\file\data\train_set\noisy\synth_00815.wav,C:\Users\jeswa\Downloads\file\data\train_set\clean\synth_00815.wav,-7.6
C:\Users\jeswa\Downloads\file\data\train_set\noisy\synth_00816.wav,C:\Users\jeswa\Downloads\file\data\train_set\clean\synth_00816.wav,-0.5
C:\Users\jeswa\Downloads\file\data\train_set\noisy\synth_00817.wav,C:\Users\jeswa\Downloads\file\data\train_set\clean\synth_00817.wav,6.3
C:\Users\jeswa\Downloads\file\data\train_set\noisy\synth_00818.wav,C:\Users\jeswa\Downloads\file\data\train_set\clean\synth_00818.wav,8.5
C:\Users\jeswa\Downloads\file\data\train_set\noisy\synth_00819.wav,C:\Users\jeswa\Downloads\file\data\train_set\clean\synth_00819.wav,-9.6
C:\Users\jeswa\Downloads\file\data\train_set\noisy\synth_00820.wav,C:\Users\jeswa\Downloads\file\data\train_set\clean\synth_00820.wav,-4.0
C:\Users\jeswa\Downloads\file\data\train_set\noisy\synth_00821.wav,C:\Users\jeswa\Downloads\file\data\train_set\clean\synth_00821.wav,10.1
C:\Users\jeswa\Downloads\file\data\train_set\noisy\synth_00822.wav,C:\Users\jeswa\Downloads\file\data\train_set\clean\synth_00822.wav,8.5
C:\Users\jeswa\Downloads\file\data\train_set\noisy\synth_00823.wav,C:\Users\jeswa\Downloads\file\data\train_set\clean\synth_00823.wav,-3.9
C:\Users\jeswa\Downloads\file\data\train_set\noisy\synth_00824.wav,C:\Users\jeswa\Downloads\file\data\train_set\clean\synth_00824.wav,9.9
C:\Users\jeswa\Downloads\file\data\train_set\noisy\synth_00825.wav,C:\Users\jeswa\Downloads\file\data\train_set\clean\synth_00825.wav,-4.9
C:\Users\jeswa\Downloads\file\data\train_set\noisy\synth_00826.wav,C:\Users\jeswa\Downloads\file\data\train_set\clean\synth_00826.wav,12.4
C:\Users\jeswa\Downloads\file\data\train_set\noisy\synth_00827.wav,C:\Users\jeswa\Downloads\file\data\train_set\clean\synth_00827.wav,-1.1
C:\Users\jeswa\Downloads\file\data\train_set\noisy\synth_00828.wav,C:\Users\jeswa\Downloads\file\data\train_set\clean\synth_00828.wav,11.7
C:\Users\jeswa\Downloads\file\data\train_set\noisy\synth_00829.wav,C:\Users\jeswa\Downloads\file\data\train_set\clean\synth_00829.wav,-0.5
C:\Users\jeswa\Downloads\file\data\train_set\noisy\synth_00830.wav,C:\Users\jeswa\Downloads\file\data\train_set\clean\synth_00830.wav,0.3
C:\Users\jeswa\Downloads\file\data\train_set\noisy\synth_00831.wav,C:\Users\jeswa\Downloads\file\data\train_set\clean\synth_00831.wav,4.0
C:\Users\jeswa\Downloads\file\data\train_set\noisy\synth_00832.wav,C:\Users\jeswa\Downloads\file\data\train_set\clean\synth_00832.wav,-3.2
C:\Users\jeswa\Downloads\file\data\train_set\noisy\synth_00833.wav,C:\Users\jeswa\Downloads\file\data\train_set\clean\synth_00833.wav,-5.2
C:\Users\jeswa\Downloads\file\data\train_set\noisy\synth_00834.wav,C:\Users\jeswa\Downloads\file\data\train_set\clean\synth_00834.wav,1.4
C:\Users\jeswa\Downloads\file\data\train_set\noisy\synth_00835.wav,C:\Users\jeswa\Downloads\file\data\train_set\clean\synth_00835.wav,7.3
C:\Users\jeswa\Downloads\file\data\train_set\noisy\synth_00836.wav,C:\Users\jeswa\Downloads\file\data\train_set\clean\synth_00836.wav,3.3
C:\Users\jeswa\Downloads\file\data\train_set\noisy\synth_00837.wav,C:\Users\jeswa\Downloads\file\data\train_set\clean\synth_00837.wav,-8.9
C:\Users\jeswa\Downloads\file\data\train_set\noisy\synth_00838.wav,C:\Users\jeswa\Downloads\file\data\train_set\clean\synth_00838.wav,-6.3
C:\Users\jeswa\Downloads\file\data\train_set\noisy\synth_00839.wav,C:\Users\jeswa\Downloads\file\data\train_set\clean\synth_00839.wav,-6.5
C:\Users\jeswa\Downloads\file\data\train_set\noisy\synth_00840.wav,C:\Users\jeswa\Downloads\file\data\train_set\clean\synth_00840.wav,1.1
C:\Users\jeswa\Downloads\file\data\train_set\noisy\synth_00841.wav,C:\Users\jeswa\Downloads\file\data\train_set\clean\synth_00841.wav,0.3
C:\Users\jeswa\Downloads\file\data\train_set\noisy\synth_00842.wav,C:\Users\jeswa\Downloads\file\data\train_set\clean\synth_00842.wav,-2.7
C:\Users\jeswa\Downloads\file\data\train_set\noisy\synth_00843.wav,C:\Users\jeswa\Downloads\file\data\train_set\clean\synth_00843.wav,-8.8
C:\Users\jeswa\Downloads\file\data\train_set\noisy\synth_00844.wav,C:\Users\jeswa\Downloads\file\data\train_set\clean\synth_00844.wav,-4.6
C:\Users\jeswa\Downloads\file\data\train_set\noisy\synth_00845.wav,C:\Users\jeswa\Downloads\file\data\train_set\clean\synth_00845.wav,-7.3
C:\Users\jeswa\Downloads\file\data\train_set\noisy\synth_00846.wav,C:\Users\jeswa\Downloads\file\data\train_set\clean\synth_00846.wav,10.3
C:\Users\jeswa\Downloads\file\data\train_set\noisy\synth_00847.wav,C:\Users\jeswa\Downloads\file\data\train_set\clean\synth_00847.wav,-8.4
C:\Users\jeswa\Downloads\file\data\train_set\noisy\synth_00848.wav,C:\Users\jeswa\Downloads\file\data\train_set\clean\synth_00848.wav,10.8
C:\Users\jeswa\Downloads\file\data\train_set\noisy\synth_00849.wav,C:\Users\jeswa\Downloads\file\data\train_set\clean\synth_00849.wav,1.4
C:\Users\jeswa\Downloads\file\data\train_set\noisy\synth_00850.wav,C:\Users\jeswa\Downloads\file\data\train_set\clean\synth_00850.wav,-8.3
C:\Users\jeswa\Downloads\file\data\train_set\noisy\synth_00851.wav,C:\Users\jeswa\Downloads\file\data\train_set\clean\synth_00851.wav,14.3
C:\Users\jeswa\Downloads\file\data\train_set\noisy\synth_00852.wav,C:\Users\jeswa\Downloads\file\data\train_set\clean\synth_00852.wav,-8.4
C:\Users\jeswa\Downloads\file\data\train_set\noisy\synth_00853.wav,C:\Users\jeswa\Downloads\file\data\train_set\clean\synth_00853.wav,14.1
C:\Users\jeswa\Downloads\file\data\train_set\noisy\synth_00854.wav,C:\Users\jeswa\Downloads\file\data\train_set\clean\synth_00854.wav,-5.3
C:\Users\jeswa\Downloads\file\data\train_set\noisy\synth_00855.wav,C:\Users\jeswa\Downloads\file\data\train_set\clean\synth_00855.wav,13.4
C:\Users\jeswa\Downloads\file\data\train_set\noisy\synth_00856.wav,C:\Users\jeswa\Downloads\file\data\train_set\clean\synth_00856.wav,4.3
C:\Users\jeswa\Downloads\file\data\train_set\noisy\synth_00857.wav,C:\Users\jeswa\Downloads\file\data\train_set\clean\synth_00857.wav,5.9
C:\Users\jeswa\Downloads\file\data\train_set\noisy\synth_00858.wav,C:\Users\jeswa\Downloads\file\data\train_set\clean\synth_00858.wav,6.0
C:\Users\jeswa\Downloads\file\data\train_set\noisy\synth_00859.wav,C:\Users\jeswa\Downloads\file\data\train_set\clean\synth_00859.wav,8.3
C:\Users\jeswa\Downloads\file\data\train_set\noisy\synth_00860.wav,C:\Users\jeswa\Downloads\file\data\train_set\clean\synth_00860.wav,-6.8
C:\Users\jeswa\Downloads\file\data\train_set\noisy\synth_00861.wav,C:\Users\jeswa\Downloads\file\data\train_set\clean\synth_00861.wav,3.7
C:\Users\jeswa\Downloads\file\data\train_set\noisy\synth_00862.wav,C:\Users\jeswa\Downloads\file\data\train_set\clean\synth_00862.wav,4.3
C:\Users\jeswa\Downloads\file\data\train_set\noisy\synth_00863.wav,C:\Users\jeswa\Downloads\file\data\train_set\clean\synth_00863.wav,-1.9
C:\Users\jeswa\Downloads\file\data\train_set\noisy\synth_00864.wav,C:\Users\jeswa\Downloads\file\data\train_set\clean\synth_00864.wav,10.1
C:\Users\jeswa\Downloads\file\data\train_set\noisy\synth_00865.wav,C:\Users\jeswa\Downloads\file\data\train_set\clean\synth_00865.wav,-10.0
C:\Users\jeswa\Downloads\file\data\train_set\noisy\synth_00866.wav,C:\Users\jeswa\Downloads\file\data\train_set\clean\synth_00866.wav,10.5
C:\Users\jeswa\Downloads\file\data\train_set\noisy\synth_00867.wav,C:\Users\jeswa\Downloads\file\data\train_set\clean\synth_00867.wav,0.5
C:\Users\jeswa\Downloads\file\data\train_set\noisy\synth_00868.wav,C:\Users\jeswa\Downloads\file\data\train_set\clean\synth_00868.wav,11.2
C:\Users\jeswa\Downloads\file\data\train_set\noisy\synth_00869.wav,C:\Users\jeswa\Downloads\file\data\train_set\clean\synth_00869.wav,0.4
C:\Users\jeswa\Downloads\file\data\train_set\noisy\synth_00870.wav,C:\Users\jeswa\Downloads\file\data\train_set\clean\synth_00870.wav,4.4
C:\Users\jeswa\Downloads\file\data\train_set\noisy\synth_00871.wav,C:\Users\jeswa\Downloads\file\data\train_set\clean\synth_00871.wav,11.4
C:\Users\jeswa\Downloads\file\data\train_set\noisy\synth_00872.wav,C:\Users\jeswa\Downloads\file\data\train_set\clean\synth_00872.wav,-6.9
C:\Users\jeswa\Downloads\file\data\train_set\noisy\synth_00873.wav,C:\Users\jeswa\Downloads\file\data\train_set\clean\synth_00873.wav,-0.7
C:\Users\jeswa\Downloads\file\data\train_set\noisy\synth_00874.wav,C:\Users\jeswa\Downloads\file\data\train_set\clean\synth_00874.wav,7.1
C:\Users\jeswa\Downloads\file\data\train_set\noisy\synth_00875.wav,C:\Users\jeswa\Downloads\file\data\train_set\clean\synth_00875.wav,5.4
C:\Users\jeswa\Downloads\file\data\train_set\noisy\synth_00876.wav,C:\Users\jeswa\Downloads\file\data\train_set\clean\synth_00876.wav,-2.3
C:\Users\jeswa\Downloads\file\data\train_set\noisy\synth_00877.wav,C:\Users\jeswa\Downloads\file\data\train_set\clean\synth_00877.wav,7.2
C:\Users\jeswa\Downloads\file\data\train_set\noisy\synth_00878.wav,C:\Users\jeswa\Downloads\file\data\train_set\clean\synth_00878.wav,-2.8
C:\Users\jeswa\Downloads\file\data\train_set\noisy\synth_00879.wav,C:\Users\jeswa\Downloads\file\data\train_set\clean\synth_00879.wav,-6.6
C:\Users\jeswa\Downloads\file\data\train_set\noisy\synth_00880.wav,C:\Users\jeswa\Downloads\file\data\train_set\clean\synth_00880.wav,-1.7
C:\Users\jeswa\Downloads\file\data\train_set\noisy\synth_00881.wav,C:\Users\jeswa\Downloads\file\data\train_set\clean\synth_00881.wav,-7.8
C:\Users\jeswa\Downloads\file\data\train_set\noisy\synth_00882.wav,C:\Users\jeswa\Downloads\file\data\train_set\clean\synth_00882.wav,6.1
C:\Users\jeswa\Downloads\file\data\train_set\noisy\synth_00883.wav,C:\Users\jeswa\Downloads\file\data\train_set\clean\synth_00883.wav,-4.3
C:\Users\jeswa\Downloads\file\data\train_set\noisy\synth_00884.wav,C:\Users\jeswa\Downloads\file\data\train_set\clean\synth_00884.wav,-4.7
C:\Users\jeswa\Downloads\file\data\train_set\noisy\synth_00885.wav,C:\Users\jeswa\Downloads\file\data\train_set\clean\synth_00885.wav,-8.5
C:\Users\jeswa\Downloads\file\data\train_set\noisy\synth_00886.wav,C:\Users\jeswa\Downloads\file\data\train_set\clean\synth_00886.wav,-4.2
C:\Users\jeswa\Downloads\file\data\train_set\noisy\synth_00887.wav,C:\Users\jeswa\Downloads\file\data\train_set\clean\synth_00887.wav,-2.4
C:\Users\jeswa\Downloads\file\data\train_set\noisy\synth_00888.wav,C:\Users\jeswa\Downloads\file\data\train_set\clean\synth_00888.wav,13.9
C:\Users\jeswa\Downloads\file\data\train_set\noisy\synth_00889.wav,C:\Users\jeswa\Downloads\file\data\train_set\clean\synth_00889.wav,7.2
C:\Users\jeswa\Downloads\file\data\train_set\noisy\synth_00890.wav,C:\Users\jeswa\Downloads\file\data\train_set\clean\synth_00890.wav,-5.5
C:\Users\jeswa\Downloads\file\data\train_set\noisy\synth_00891.wav,C:\Users\jeswa\Downloads\file\data\train_set\clean\synth_00891.wav,0.5
C:\Users\jeswa\Downloads\file\data\train_set\noisy\synth_00892.wav,C:\Users\jeswa\Downloads\file\data\train_set\clean\synth_00892.wav,7.2
C:\Users\jeswa\Downloads\file\data\train_set\noisy\synth_00893.wav,C:\Users\jeswa\Downloads\file\data\train_set\clean\synth_00893.wav,-9.2
C:\Users\jeswa\Downloads\file\data\train_set\noisy\synth_00894.wav,C:\Users\jeswa\Downloads\file\data\train_set\clean\synth_00894.wav,1.2
C:\Users\jeswa\Downloads\file\data\train_set\noisy\synth_00895.wav,C:\Users\jeswa\Downloads\file\data\train_set\clean\synth_00895.wav,1.7
C:\Users\jeswa\Downloads\file\data\train_set\noisy\synth_00896.wav,C:\Users\jeswa\Downloads\file\data\train_set\clean\synth_00896.wav,-0.1
C:\Users\jeswa\Downloads\file\data\train_set\noisy\synth_00897.wav,C:\Users\jeswa\Downloads\file\data\train_set\clean\synth_00897.wav,-5.7
C:\Users\jeswa\Downloads\file\data\train_set\noisy\synth_00898.wav,C:\Users\jeswa\Downloads\file\data\train_set\clean\synth_00898.wav,14.3
C:\Users\jeswa\Downloads\file\data\train_set\noisy\synth_00899.wav,C:\Users\jeswa\Downloads\file\data\train_set\clean\synth_00899.wav,9.6
C:\Users\jeswa\Downloads\file\data\train_set\noisy\synth_00900.wav,C:\Users\jeswa\Downloads\file\data\train_set\clean\synth_00900.wav,-3.2
C:\Users\jeswa\Downloads\file\data\train_set\noisy\synth_00901.wav,C:\Users\jeswa\Downloads\file\data\train_set\clean\synth_00901.wav,12.7
C:\Users\jeswa\Downloads\file\data\train_set\noisy\synth_00902.wav,C:\Users\jeswa\Downloads\file\data\train_set\clean\synth_00902.wav,-9.5
C:\Users\jeswa\Downloads\file\data\train_set\noisy\synth_00903.wav,C:\Users\jeswa\Downloads\file\data\train_set\clean\synth_00903.wav,-3.2
C:\Users\jeswa\Downloads\file\data\train_set\noisy\synth_00904.wav,C:\Users\jeswa\Downloads\file\data\train_set\clean\synth_00904.wav,-1.7
C:\Users\jeswa\Downloads\file\data\train_set\noisy\synth_00905.wav,C:\Users\jeswa\Downloads\file\data\train_set\clean\synth_00905.wav,5.7
C:\Users\jeswa\Downloads\file\data\train_set\noisy\synth_00906.wav,C:\Users\jeswa\Downloads\file\data\train_set\clean\synth_00906.wav,4.4
C:\Users\jeswa\Downloads\file\data\train_set\noisy\synth_00907.wav,C:\Users\jeswa\Downloads\file\data\train_set\clean\synth_00907.wav,1.0
C:\Users\jeswa\Downloads\file\data\train_set\noisy\synth_00908.wav,C:\Users\jeswa\Downloads\file\data\train_set\clean\synth_00908.wav,-2.9
C:\Users\jeswa\Downloads\file\data\train_set\noisy\synth_00909.wav,C:\Users\jeswa\Downloads\file\data\train_set\clean\synth_00909.wav,9.6
C:\Users\jeswa\Downloads\file\data\train_set\noisy\synth_00910.wav,C:\Users\jeswa\Downloads\file\data\train_set\clean\synth_00910.wav,-0.2
C:\Users\jeswa\Downloads\file\data\train_set\noisy\synth_00911.wav,C:\Users\jeswa\Downloads\file\data\train_set\clean\synth_00911.wav,14.9
C:\Users\jeswa\Downloads\file\data\train_set\noisy\synth_00912.wav,C:\Users\jeswa\Downloads\file\data\train_set\clean\synth_00912.wav,11.9
C:\Users\jeswa\Downloads\file\data\train_set\noisy\synth_00913.wav,C:\Users\jeswa\Downloads\file\data\train_set\clean\synth_00913.wav,-3.4
C:\Users\jeswa\Downloads\file\data\train_set\noisy\synth_00914.wav,C:\Users\jeswa\Downloads\file\data\train_set\clean\synth_00914.wav,-3.6
C:\Users\jeswa\Downloads\file\data\train_set\noisy\synth_00915.wav,C:\Users\jeswa\Downloads\file\data\train_set\clean\synth_00915.wav,13.6
C:\Users\jeswa\Downloads\file\data\train_set\noisy\synth_00916.wav,C:\Users\jeswa\Downloads\file\data\train_set\clean\synth_00916.wav,-2.8
C:\Users\jeswa\Downloads\file\data\train_set\noisy\synth_00917.wav,C:\Users\jeswa\Downloads\file\data\train_set\clean\synth_00917.wav,9.0
C:\Users\jeswa\Downloads\file\data\train_set\noisy\synth_00918.wav,C:\Users\jeswa\Downloads\file\data\train_set\clean\synth_00918.wav,7.0
C:\Users\jeswa\Downloads\file\data\train_set\noisy\synth_00919.wav,C:\Users\jeswa\Downloads\file\data\train_set\clean\synth_00919.wav,-5.5
C:\Users\jeswa\Downloads\file\data\train_set\noisy\synth_00920.wav,C:\Users\jeswa\Downloads\file\data\train_set\clean\synth_00920.wav,9.2
C:\Users\jeswa\Downloads\file\data\train_set\noisy\synth_00921.wav,C:\Users\jeswa\Downloads\file\data\train_set\clean\synth_00921.wav,4.1
C:\Users\jeswa\Downloads\file\data\train_set\noisy\synth_00922.wav,C:\Users\jeswa\Downloads\file\data\train_set\clean\synth_00922.wav,-9.9
C:\Users\jeswa\Downloads\file\data\train_set\noisy\synth_00923.wav,C:\Users\jeswa\Downloads\file\data\train_set\clean\synth_00923.wav,-6.9
C:\Users\jeswa\Downloads\file\data\train_set\noisy\synth_00924.wav,C:\Users\jeswa\Downloads\file\data\train_set\clean\synth_00924.wav,-2.5
C:\Users\jeswa\Downloads\file\data\train_set\noisy\synth_00925.wav,C:\Users\jeswa\Downloads\file\data\train_set\clean\synth_00925.wav,2.9
C:\Users\jeswa\Downloads\file\data\train_set\noisy\synth_00926.wav,C:\Users\jeswa\Downloads\file\data\train_set\clean\synth_00926.wav,2.4
C:\Users\jeswa\Downloads\file\data\train_set\noisy\synth_00927.wav,C:\Users\jeswa\Downloads\file\data\train_set\clean\synth_00927.wav,5.9
C:\Users\jeswa\Downloads\file\data\train_set\noisy\synth_00928.wav,C:\Users\jeswa\Downloads\file\data\train_set\clean\synth_00928.wav,6.3
C:\Users\jeswa\Downloads\file\data\train_set\noisy\synth_00929.wav,C:\Users\jeswa\Downloads\file\data\train_set\clean\synth_00929.wav,6.6
C:\Users\jeswa\Downloads\file\data\train_set\noisy\synth_00930.wav,C:\Users\jeswa\Downloads\file\data\train_set\clean\synth_00930.wav,-0.1
C:\Users\jeswa\Downloads\file\data\train_set\noisy\synth_00931.wav,C:\Users\jeswa\Downloads\file\data\train_set\clean\synth_00931.wav,2.1
C:\Users\jeswa\Downloads\file\data\train_set\noisy\synth_00932.wav,C:\Users\jeswa\Downloads\file\data\train_set\clean\synth_00932.wav,3.5
C:\Users\jeswa\Downloads\file\data\train_set\noisy\synth_00933.wav,C:\Users\jeswa\Downloads\file\data\train_set\clean\synth_00933.wav,-7.0
C:\Users\jeswa\Downloads\file\data\train_set\noisy\synth_00934.wav,C:\Users\jeswa\Downloads\file\data\train_set\clean\synth_00934.wav,-8.2
C:\Users\jeswa\Downloads\file\data\train_set\noisy\synth_00935.wav,C:\Users\jeswa\Downloads\file\data\train_set\clean\synth_00935.wav,13.0
C:\Users\jeswa\Downloads\file\data\train_set\noisy\synth_00936.wav,C:\Users\jeswa\Downloads\file\data\train_set\clean\synth_00936.wav,-9.7
C:\Users\jeswa\Downloads\file\data\train_set\noisy\synth_00937.wav,C:\Users\jeswa\Downloads\file\data\train_set\clean\synth_00937.wav,6.9
C:\Users\jeswa\Downloads\file\data\train_set\noisy\synth_00938.wav,C:\Users\jeswa\Downloads\file\data\train_set\clean\synth_00938.wav,-3.3
C:\Users\jeswa\Downloads\file\data\train_set\noisy\synth_00939.wav,C:\Users\jeswa\Downloads\file\data\train_set\clean\synth_00939.wav,-1.2
C:\Users\jeswa\Downloads\file\data\train_set\noisy\synth_00940.wav,C:\Users\jeswa\Downloads\file\data\train_set\clean\synth_00940.wav,12.3
C:\Users\jeswa\Downloads\file\data\train_set\noisy\synth_00941.wav,C:\Users\jeswa\Downloads\file\data\train_set\clean\synth_00941.wav,3.7
C:\Users\jeswa\Downloads\file\data\train_set\noisy\synth_00942.wav,C:\Users\jeswa\Downloads\file\data\train_set\clean\synth_00942.wav,7.9
C:\Users\jeswa\Downloads\file\data\train_set\noisy\synth_00943.wav,C:\Users\jeswa\Downloads\file\data\train_set\clean\synth_00943.wav,2.0
C:\Users\jeswa\Downloads\file\data\train_set\noisy\synth_00944.wav,C:\Users\jeswa\Downloads\file\data\train_set\clean\synth_00944.wav,-3.0
C:\Users\jeswa\Downloads\file\data\train_set\noisy\synth_00945.wav,C:\Users\jeswa\Downloads\file\data\train_set\clean\synth_00945.wav,-8.3
C:\Users\jeswa\Downloads\file\data\train_set\noisy\synth_00946.wav,C:\Users\jeswa\Downloads\file\data\train_set\clean\synth_00946.wav,-4.9
C:\Users\jeswa\Downloads\file\data\train_set\noisy\synth_00947.wav,C:\Users\jeswa\Downloads\file\data\train_set\clean\synth_00947.wav,2.4
C:\Users\jeswa\Downloads\file\data\train_set\noisy\synth_00948.wav,C:\Users\jeswa\Downloads\file\data\train_set\clean\synth_00948.wav,2.6
C:\Users\jeswa\Downloads\file\data\train_set\noisy\synth_00949.wav,C:\Users\jeswa\Downloads\file\data\train_set\clean\synth_00949.wav,14.7
C:\Users\jeswa\Downloads\file\data\train_set\noisy\synth_00950.wav,C:\Users\jeswa\Downloads\file\data\train_set\clean\synth_00950.wav,-8.0
C:\Users\jeswa\Downloads\file\data\train_set\noisy\synth_00951.wav,C:\Users\jeswa\Downloads\file\data\train_set\clean\synth_00951.wav,14.2
C:\Users\jeswa\Downloads\file\data\train_set\noisy\synth_00952.wav,C:\Users\jeswa\Downloads\file\data\train_set\clean\synth_00952.wav,10.0
C:\Users\jeswa\Downloads\file\data\train_set\noisy\synth_00953.wav,C:\Users\jeswa\Downloads\file\data\train_set\clean\synth_00953.wav,-0.8
C:\Users\jeswa\Downloads\file\data\train_set\noisy\synth_00954.wav,C:\Users\jeswa\Downloads\file\data\train_set\clean\synth_00954.wav,-4.1
C:\Users\jeswa\Downloads\file\data\train_set\noisy\synth_00955.wav,C:\Users\jeswa\Downloads\file\data\train_set\clean\synth_00955.wav,8.5
C:\Users\jeswa\Downloads\file\data\train_set\noisy\synth_00956.wav,C:\Users\jeswa\Downloads\file\data\train_set\clean\synth_00956.wav,-1.0
C:\Users\jeswa\Downloads\file\data\train_set\noisy\synth_00957.wav,C:\Users\jeswa\Downloads\file\data\train_set\clean\synth_00957.wav,-6.1
C:\Users\jeswa\Downloads\file\data\train_set\noisy\synth_00958.wav,C:\Users\jeswa\Downloads\file\data\train_set\clean\synth_00958.wav,-0.2
C:\Users\jeswa\Downloads\file\data\train_set\noisy\synth_00959.wav,C:\Users\jeswa\Downloads\file\data\train_set\clean\synth_00959.wav,-5.7
C:\Users\jeswa\Downloads\file\data\train_set\noisy\synth_00960.wav,C:\Users\jeswa\Downloads\file\data\train_set\clean\synth_00960.wav,-3.3
C:\Users\jeswa\Downloads\file\data\train_set\noisy\synth_00961.wav,C:\Users\jeswa\Downloads\file\data\train_set\clean\synth_00961.wav,12.3
C:\Users\jeswa\Downloads\file\data\train_set\noisy\synth_00962.wav,C:\Users\jeswa\Downloads\file\data\train_set\clean\synth_00962.wav,3.0
C:\Users\jeswa\Downloads\file\data\train_set\noisy\synth_00963.wav,C:\Users\jeswa\Downloads\file\data\train_set\clean\synth_00963.wav,14.2
C:\Users\jeswa\Downloads\file\data\train_set\noisy\synth_00964.wav,C:\Users\jeswa\Downloads\file\data\train_set\clean\synth_00964.wav,-9.5
C:\Users\jeswa\Downloads\file\data\train_set\noisy\synth_00965.wav,C:\Users\jeswa\Downloads\file\data\train_set\clean\synth_00965.wav,7.0
C:\Users\jeswa\Downloads\file\data\train_set\noisy\synth_00966.wav,C:\Users\jeswa\Downloads\file\data\train_set\clean\synth_00966.wav,8.9
C:\Users\jeswa\Downloads\file\data\train_set\noisy\synth_00967.wav,C:\Users\jeswa\Downloads\file\data\train_set\clean\synth_00967.wav,12.7
C:\Users\jeswa\Downloads\file\data\train_set\noisy\synth_00968.wav,C:\Users\jeswa\Downloads\file\data\train_set\clean\synth_00968.wav,-4.2
C:\Users\jeswa\Downloads\file\data\train_set\noisy\synth_00969.wav,C:\Users\jeswa\Downloads\file\data\train_set\clean\synth_00969.wav,7.5
C:\Users\jeswa\Downloads\file\data\train_set\noisy\synth_00970.wav,C:\Users\jeswa\Downloads\file\data\train_set\clean\synth_00970.wav,0.9
C:\Users\jeswa\Downloads\file\data\train_set\noisy\synth_00971.wav,C:\Users\jeswa\Downloads\file\data\train_set\clean\synth_00971.wav,0.6
C:\Users\jeswa\Downloads\file\data\train_set\noisy\synth_00972.wav,C:\Users\jeswa\Downloads\file\data\train_set\clean\synth_00972.wav,-0.3
C:\Users\jeswa\Downloads\file\data\train_set\noisy\synth_00973.wav,C:\Users\jeswa\Downloads\file\data\train_set\clean\synth_00973.wav,0.8
C:\Users\jeswa\Downloads\file\data\train_set\noisy\synth_00974.wav,C:\Users\jeswa\Downloads\file\data\train_set\clean\synth_00974.wav,-7.6
C:\Users\jeswa\Downloads\file\data\train_set\noisy\synth_00975.wav,C:\Users\jeswa\Downloads\file\data\train_set\clean\synth_00975.wav,-1.3
C:\Users\jeswa\Downloads\file\data\train_set\noisy\synth_00976.wav,C:\Users\jeswa\Downloads\file\data\train_set\clean\synth_00976.wav,-6.8
C:\Users\jeswa\Downloads\file\data\train_set\noisy\synth_00977.wav,C:\Users\jeswa\Downloads\file\data\train_set\clean\synth_00977.wav,3.6
C:\Users\jeswa\Downloads\file\data\train_set\noisy\synth_00978.wav,C:\Users\jeswa\Downloads\file\data\train_set\clean\synth_00978.wav,13.5
C:\Users\jeswa\Downloads\file\data\train_set\noisy\synth_00979.wav,C:\Users\jeswa\Downloads\file\data\train_set\clean\synth_00979.wav,7.6
C:\Users\jeswa\Downloads\file\data\train_set\noisy\synth_00980.wav,C:\Users\jeswa\Downloads\file\data\train_set\clean\synth_00980.wav,-6.5
C:\Users\jeswa\Downloads\file\data\train_set\noisy\synth_00981.wav,C:\Users\jeswa\Downloads\file\data\train_set\clean\synth_00981.wav,-1.3
C:\Users\jeswa\Downloads\file\data\train_set\noisy\synth_00982.wav,C:\Users\jeswa\Downloads\file\data\train_set\clean\synth_00982.wav,7.5
C:\Users\jeswa\Downloads\file\data\train_set\noisy\synth_00983.wav,C:\Users\jeswa\Downloads\file\data\train_set\clean\synth_00983.wav,11.0
C:\Users\jeswa\Downloads\file\data\train_set\noisy\synth_00984.wav,C:\Users\jeswa\Downloads\file\data\train_set\clean\synth_00984.wav,10.0
C:\Users\jeswa\Downloads\file\data\train_set\noisy\synth_00985.wav,C:\Users\jeswa\Downloads\file\data\train_set\clean\synth_00985.wav,-4.3
C:\Users\jeswa\Downloads\file\data\train_set\noisy\synth_00986.wav,C:\Users\jeswa\Downloads\file\data\train_set\clean\synth_00986.wav,3.1
C:\Users\jeswa\Downloads\file\data\train_set\noisy\synth_00987.wav,C:\Users\jeswa\Downloads\file\data\train_set\clean\synth_00987.wav,-9.2
C:\Users\jeswa\Downloads\file\data\train_set\noisy\synth_00988.wav,C:\Users\jeswa\Downloads\file\data\train_set\clean\synth_00988.wav,-6.6
C:\Users\jeswa\Downloads\file\data\train_set\noisy\synth_00989.wav,C:\Users\jeswa\Downloads\file\data\train_set\clean\synth_00989.wav,8.8
C:\Users\jeswa\Downloads\file\data\train_set\noisy\synth_00990.wav,C:\Users\jeswa\Downloads\file\data\train_set\clean\synth_00990.wav,1.6
C:\Users\jeswa\Downloads\file\data\train_set\noisy\synth_00991.wav,C:\Users\jeswa\Downloads\file\data\train_set\clean\synth_00991.wav,4.3
C:\Users\jeswa\Downloads\file\data\train_set\noisy\synth_00992.wav,C:\Users\jeswa\Downloads\file\data\train_set\clean\synth_00992.wav,5.0
C:\Users\jeswa\Downloads\file\data\train_set\noisy\synth_00993.wav,C:\Users\jeswa\Downloads\file\data\train_set\clean\synth_00993.wav,7.5
C:\Users\jeswa\Downloads\file\data\train_set\noisy\synth_00994.wav,C:\Users\jeswa\Downloads\file\data\train_set\clean\synth_00994.wav,-7.3
C:\Users\jeswa\Downloads\file\data\train_set\noisy\synth_00995.wav,C:\Users\jeswa\Downloads\file\data\train_set\clean\synth_00995.wav,6.3
C:\Users\jeswa\Downloads\file\data\train_set\noisy\synth_00996.wav,C:\Users\jeswa\Downloads\file\data\train_set\clean\synth_00996.wav,4.3
C:\Users\jeswa\Downloads\file\data\train_set\noisy\synth_00997.wav,C:\Users\jeswa\Downloads\file\data\train_set\clean\synth_00997.wav,-2.7
C:\Users\jeswa\Downloads\file\data\train_set\noisy\synth_00998.wav,C:\Users\jeswa\Downloads\file\data\train_set\clean\synth_00998.wav,6.5
C:\Users\jeswa\Downloads\file\data\train_set\noisy\synth_00999.wav,C:\Users\jeswa\Downloads\file\data\train_set\clean\synth_00999.wav,1.1
C:\Users\jeswa\Downloads\file\data\train_set\noisy\synth_01000.wav,C:\Users\jeswa\Downloads\file\data\train_set\clean\synth_01000.wav,12.6
C:\Users\jeswa\Downloads\file\data\train_set\noisy\synth_01001.wav,C:\Users\jeswa\Downloads\file\data\train_set\clean\synth_01001.wav,9.4
C:\Users\jeswa\Downloads\file\data\train_set\noisy\synth_01002.wav,C:\Users\jeswa\Downloads\file\data\train_set\clean\synth_01002.wav,-0.9
C:\Users\jeswa\Downloads\file\data\train_set\noisy\synth_01003.wav,C:\Users\jeswa\Downloads\file\data\train_set\clean\synth_01003.wav,0.3
C:\Users\jeswa\Downloads\file\data\train_set\noisy\synth_01004.wav,C:\Users\jeswa\Downloads\file\data\train_set\clean\synth_01004.wav,14.6
C:\Users\jeswa\Downloads\file\data\train_set\noisy\synth_01005.wav,C:\Users\jeswa\Downloads\file\data\train_set\clean\synth_01005.wav,10.2
C:\Users\jeswa\Downloads\file\data\train_set\noisy\synth_01006.wav,C:\Users\jeswa\Downloads\file\data\train_set\clean\synth_01006.wav,0.9
C:\Users\jeswa\Downloads\file\data\train_set\noisy\synth_01007.wav,C:\Users\jeswa\Downloads\file\data\train_set\clean\synth_01007.wav,11.3
C:\Users\jeswa\Downloads\file\data\train_set\noisy\synth_01008.wav,C:\Users\jeswa\Downloads\file\data\train_set\clean\synth_01008.wav,3.7
C:\Users\jeswa\Downloads\file\data\train_set\noisy\synth_01009.wav,C:\Users\jeswa\Downloads\file\data\train_set\clean\synth_01009.wav,11.9
C:\Users\jeswa\Downloads\file\data\train_set\noisy\synth_01010.wav,C:\Users\jeswa\Downloads\file\data\train_set\clean\synth_01010.wav,6.5
C:\Users\jeswa\Downloads\file\data\train_set\noisy\synth_01011.wav,C:\Users\jeswa\Downloads\file\data\train_set\clean\synth_01011.wav,8.3
C:\Users\jeswa\Downloads\file\data\train_set\noisy\synth_01012.wav,C:\Users\jeswa\Downloads\file\data\train_set\clean\synth_01012.wav,5.9
C:\Users\jeswa\Downloads\file\data\train_set\noisy\synth_01013.wav,C:\Users\jeswa\Downloads\file\data\train_set\clean\synth_01013.wav,4.9
C:\Users\jeswa\Downloads\file\data\train_set\noisy\synth_01014.wav,C:\Users\jeswa\Downloads\file\data\train_set\clean\synth_01014.wav,5.0
C:\Users\jeswa\Downloads\file\data\train_set\noisy\synth_01015.wav,C:\Users\jeswa\Downloads\file\data\train_set\clean\synth_01015.wav,10.8
C:\Users\jeswa\Downloads\file\data\train_set\noisy\synth_01016.wav,C:\Users\jeswa\Downloads\file\data\train_set\clean\synth_01016.wav,-4.0
C:\Users\jeswa\Downloads\file\data\train_set\noisy\synth_01017.wav,C:\Users\jeswa\Downloads\file\data\train_set\clean\synth_01017.wav,-4.0
C:\Users\jeswa\Downloads\file\data\train_set\noisy\synth_01018.wav,C:\Users\jeswa\Downloads\file\data\train_set\clean\synth_01018.wav,11.4
C:\Users\jeswa\Downloads\file\data\train_set\noisy\synth_01019.wav,C:\Users\jeswa\Downloads\file\data\train_set\clean\synth_01019.wav,-8.3
C:\Users\jeswa\Downloads\file\data\train_set\noisy\synth_01020.wav,C:\Users\jeswa\Downloads\file\data\train_set\clean\synth_01020.wav,-4.5
C:\Users\jeswa\Downloads\file\data\train_set\noisy\synth_01021.wav,C:\Users\jeswa\Downloads\file\data\train_set\clean\synth_01021.wav,1.6
C:\Users\jeswa\Downloads\file\data\train_set\noisy\synth_01022.wav,C:\Users\jeswa\Downloads\file\data\train_set\clean\synth_01022.wav,5.5
C:\Users\jeswa\Downloads\file\data\train_set\noisy\synth_01023.wav,C:\Users\jeswa\Downloads\file\data\train_set\clean\synth_01023.wav,-8.1
C:\Users\jeswa\Downloads\file\data\train_set\noisy\synth_01024.wav,C:\Users\jeswa\Downloads\file\data\train_set\clean\synth_01024.wav,3.3
C:\Users\jeswa\Downloads\file\data\train_set\noisy\synth_01025.wav,C:\Users\jeswa\Downloads\file\data\train_set\clean\synth_01025.wav,5.2
C:\Users\jeswa\Downloads\file\data\train_set\noisy\synth_01026.wav,C:\Users\jeswa\Downloads\file\data\train_set\clean\synth_01026.wav,-1.2
C:\Users\jeswa\Downloads\file\data\train_set\noisy\synth_01027.wav,C:\Users\jeswa\Downloads\file\data\train_set\clean\synth_01027.wav,-1.9
C:\Users\jeswa\Downloads\file\data\train_set\noisy\synth_01028.wav,C:\Users\jeswa\Downloads\file\data\train_set\clean\synth_01028.wav,4.7
C:\Users\jeswa\Downloads\file\data\train_set\noisy\synth_01029.wav,C:\Users\jeswa\Downloads\file\data\train_set\clean\synth_01029.wav,9.9
C:\Users\jeswa\Downloads\file\data\train_set\noisy\synth_01030.wav,C:\Users\jeswa\Downloads\file\data\train_set\clean\synth_01030.wav,-1.5
C:\Users\jeswa\Downloads\file\data\train_set\noisy\synth_01031.wav,C:\Users\jeswa\Downloads\file\data\train_set\clean\synth_01031.wav,-9.6
C:\Users\jeswa\Downloads\file\data\train_set\noisy\synth_01032.wav,C:\Users\jeswa\Downloads\file\data\train_set\clean\synth_01032.wav,-5.9
C:\Users\jeswa\Downloads\file\data\train_set\noisy\synth_01033.wav,C:\Users\jeswa\Downloads\file\data\train_set\clean\synth_01033.wav,8.4
C:\Users\jeswa\Downloads\file\data\train_set\noisy\synth_01034.wav,C:\Users\jeswa\Downloads\file\data\train_set\clean\synth_01034.wav,-4.2
C:\Users\jeswa\Downloads\file\data\train_set\noisy\synth_01035.wav,C:\Users\jeswa\Downloads\file\data\train_set\clean\synth_01035.wav,-8.8
C:\Users\jeswa\Downloads\file\data\train_set\noisy\synth_01036.wav,C:\Users\jeswa\Downloads\file\data\train_set\clean\synth_01036.wav,11.8
C:\Users\jeswa\Downloads\file\data\train_set\noisy\synth_01037.wav,C:\Users\jeswa\Downloads\file\data\train_set\clean\synth_01037.wav,12.8
C:\Users\jeswa\Downloads\file\data\train_set\noisy\synth_01038.wav,C:\Users\jeswa\Downloads\file\data\train_set\clean\synth_01038.wav,5.4
C:\Users\jeswa\Downloads\file\data\train_set\noisy\synth_01039.wav,C:\Users\jeswa\Downloads\file\data\train_set\clean\synth_01039.wav,1.0
C:\Users\jeswa\Downloads\file\data\train_set\noisy\synth_01040.wav,C:\Users\jeswa\Downloads\file\data\train_set\clean\synth_01040.wav,-9.6
C:\Users\jeswa\Downloads\file\data\train_set\noisy\synth_01041.wav,C:\Users\jeswa\Downloads\file\data\train_set\clean\synth_01041.wav,14.5
C:\Users\jeswa\Downloads\file\data\train_set\noisy\synth_01042.wav,C:\Users\jeswa\Downloads\file\data\train_set\clean\synth_01042.wav,10.4
C:\Users\jeswa\Downloads\file\data\train_set\noisy\synth_01043.wav,C:\Users\jeswa\Downloads\file\data\train_set\clean\synth_01043.wav,11.6
C:\Users\jeswa\Downloads\file\data\train_set\noisy\synth_01044.wav,C:\Users\jeswa\Downloads\file\data\train_set\clean\synth_01044.wav,-8.7
C:\Users\jeswa\Downloads\file\data\train_set\noisy\synth_01045.wav,C:\Users\jeswa\Downloads\file\data\train_set\clean\synth_01045.wav,9.7
C:\Users\jeswa\Downloads\file\data\train_set\noisy\synth_01046.wav,C:\Users\jeswa\Downloads\file\data\train_set\clean\synth_01046.wav,-3.1
C:\Users\jeswa\Downloads\file\data\train_set\noisy\synth_01047.wav,C:\Users\jeswa\Downloads\file\data\train_set\clean\synth_01047.wav,11.7
C:\Users\jeswa\Downloads\file\data\train_set\noisy\synth_01048.wav,C:\Users\jeswa\Downloads\file\data\train_set\clean\synth_01048.wav,-4.4
C:\Users\jeswa\Downloads\file\data\train_set\noisy\synth_01049.wav,C:\Users\jeswa\Downloads\file\data\train_set\clean\synth_01049.wav,10.1
C:\Users\jeswa\Downloads\file\data\train_set\noisy\synth_01050.wav,C:\Users\jeswa\Downloads\file\data\train_set\clean\synth_01050.wav,11.6
C:\Users\jeswa\Downloads\file\data\train_set\noisy\synth_01051.wav,C:\Users\jeswa\Downloads\file\data\train_set\clean\synth_01051.wav,5.0
C:\Users\jeswa\Downloads\file\data\train_set\noisy\synth_01052.wav,C:\Users\jeswa\Downloads\file\data\train_set\clean\synth_01052.wav,-4.5
C:\Users\jeswa\Downloads\file\data\train_set\noisy\synth_01053.wav,C:\Users\jeswa\Downloads\file\data\train_set\clean\synth_01053.wav,3.0
C:\Users\jeswa\Downloads\file\data\train_set\noisy\synth_01054.wav,C:\Users\jeswa\Downloads\file\data\train_set\clean\synth_01054.wav,-2.0
C:\Users\jeswa\Downloads\file\data\train_set\noisy\synth_01055.wav,C:\Users\jeswa\Downloads\file\data\train_set\clean\synth_01055.wav,-6.3
C:\Users\jeswa\Downloads\file\data\train_set\noisy\synth_01056.wav,C:\Users\jeswa\Downloads\file\data\train_set\clean\synth_01056.wav,10.2
C:\Users\jeswa\Downloads\file\data\train_set\noisy\synth_01057.wav,C:\Users\jeswa\Downloads\file\data\train_set\clean\synth_01057.wav,9.2
C:\Users\jeswa\Downloads\file\data\train_set\noisy\synth_01058.wav,C:\Users\jeswa\Downloads\file\data\train_set\clean\synth_01058.wav,-1.6
C:\Users\jeswa\Downloads\file\data\train_set\noisy\synth_01059.wav,C:\Users\jeswa\Downloads\file\data\train_set\clean\synth_01059.wav,-4.6
C:\Users\jeswa\Downloads\file\data\train_set\noisy\synth_01060.wav,C:\Users\jeswa\Downloads\file\data\train_set\clean\synth_01060.wav,11.1
C:\Users\jeswa\Downloads\file\data\train_set\noisy\synth_01061.wav,C:\Users\jeswa\Downloads\file\data\train_set\clean\synth_01061.wav,6.4
C:\Users\jeswa\Downloads\file\data\train_set\noisy\synth_01062.wav,C:\Users\jeswa\Downloads\file\data\train_set\clean\synth_01062.wav,0.2
C:\Users\jeswa\Downloads\file\data\train_set\noisy\synth_01063.wav,C:\Users\jeswa\Downloads\file\data\train_set\clean\synth_01063.wav,-3.7
C:\Users\jeswa\Downloads\file\data\train_set\noisy\synth_01064.wav,C:\Users\jeswa\Downloads\file\data\train_set\clean\synth_01064.wav,12.2
C:\Users\jeswa\Downloads\file\data\train_set\noisy\synth_01065.wav,C:\Users\jeswa\Downloads\file\data\train_set\clean\synth_01065.wav,4.0
C:\Users\jeswa\Downloads\file\data\train_set\noisy\synth_01066.wav,C:\Users\jeswa\Downloads\file\data\train_set\clean\synth_01066.wav,-9.7
C:\Users\jeswa\Downloads\file\data\train_set\noisy\synth_01067.wav,C:\Users\jeswa\Downloads\file\data\train_set\clean\synth_01067.wav,9.1
C:\Users\jeswa\Downloads\file\data\train_set\noisy\synth_01068.wav,C:\Users\jeswa\Downloads\file\data\train_set\clean\synth_01068.wav,5.7
C:\Users\jeswa\Downloads\file\data\train_set\noisy\synth_01069.wav,C:\Users\jeswa\Downloads\file\data\train_set\clean\synth_01069.wav,-8.0
C:\Users\jeswa\Downloads\file\data\train_set\noisy\synth_01070.wav,C:\Users\jeswa\Downloads\file\data\train_set\clean\synth_01070.wav,15.0
C:\Users\jeswa\Downloads\file\data\train_set\noisy\synth_01071.wav,C:\Users\jeswa\Downloads\file\data\train_set\clean\synth_01071.wav,-2.8
C:\Users\jeswa\Downloads\file\data\train_set\noisy\synth_01072.wav,C:\Users\jeswa\Downloads\file\data\train_set\clean\synth_01072.wav,12.8
C:\Users\jeswa\Downloads\file\data\train_set\noisy\synth_01073.wav,C:\Users\jeswa\Downloads\file\data\train_set\clean\synth_01073.wav,-7.4
C:\Users\jeswa\Downloads\file\data\train_set\noisy\synth_01074.wav,C:\Users\jeswa\Downloads\file\data\train_set\clean\synth_01074.wav,-6.6
C:\Users\jeswa\Downloads\file\data\train_set\noisy\synth_01075.wav,C:\Users\jeswa\Downloads\file\data\train_set\clean\synth_01075.wav,-7.8
C:\Users\jeswa\Downloads\file\data\train_set\noisy\synth_01076.wav,C:\Users\jeswa\Downloads\file\data\train_set\clean\synth_01076.wav,4.0
C:\Users\jeswa\Downloads\file\data\train_set\noisy\synth_01077.wav,C:\Users\jeswa\Downloads\file\data\train_set\clean\synth_01077.wav,-6.8
C:\Users\jeswa\Downloads\file\data\train_set\noisy\synth_01078.wav,C:\Users\jeswa\Downloads\file\data\train_set\clean\synth_01078.wav,12.4
C:\Users\jeswa\Downloads\file\data\train_set\noisy\synth_01079.wav,C:\Users\jeswa\Downloads\file\data\train_set\clean\synth_01079.wav,-2.0
C:\Users\jeswa\Downloads\file\data\train_set\noisy\synth_01080.wav,C:\Users\jeswa\Downloads\file\data\train_set\clean\synth_01080.wav,-6.4
C:\Users\jeswa\Downloads\file\data\train_set\noisy\synth_01081.wav,C:\Users\jeswa\Downloads\file\data\train_set\clean\synth_01081.wav,-9.6
C:\Users\jeswa\Downloads\file\data\train_set\noisy\synth_01082.wav,C:\Users\jeswa\Downloads\file\data\train_set\clean\synth_01082.wav,-7.1
C:\Users\jeswa\Downloads\file\data\train_set\noisy\synth_01083.wav,C:\Users\jeswa\Downloads\file\data\train_set\clean\synth_01083.wav,5.4
C:\Users\jeswa\Downloads\file\data\train_set\noisy\synth_01084.wav,C:\Users\jeswa\Downloads\file\data\train_set\clean\synth_01084.wav,13.0
C:\Users\jeswa\Downloads\file\data\train_set\noisy\synth_01085.wav,C:\Users\jeswa\Downloads\file\data\train_set\clean\synth_01085.wav,3.2
C:\Users\jeswa\Downloads\file\data\train_set\noisy\synth_01086.wav,C:\Users\jeswa\Downloads\file\data\train_set\clean\synth_01086.wav,10.0
C:\Users\jeswa\Downloads\file\data\train_set\noisy\synth_01087.wav,C:\Users\jeswa\Downloads\file\data\train_set\clean\synth_01087.wav,-7.0
C:\Users\jeswa\Downloads\file\data\train_set\noisy\synth_01088.wav,C:\Users\jeswa\Downloads\file\data\train_set\clean\synth_01088.wav,3.5
C:\Users\jeswa\Downloads\file\data\train_set\noisy\synth_01089.wav,C:\Users\jeswa\Downloads\file\data\train_set\clean\synth_01089.wav,12.2
C:\Users\jeswa\Downloads\file\data\train_set\noisy\synth_01090.wav,C:\Users\jeswa\Downloads\file\data\train_set\clean\synth_01090.wav,-1.9
C:\Users\jeswa\Downloads\file\data\train_set\noisy\synth_01091.wav,C:\Users\jeswa\Downloads\file\data\train_set\clean\synth_01091.wav,8.8
C:\Users\jeswa\Downloads\file\data\train_set\noisy\synth_01092.wav,C:\Users\jeswa\Downloads\file\data\train_set\clean\synth_01092.wav,-2.7
C:\Users\jeswa\Downloads\file\data\train_set\noisy\synth_01093.wav,C:\Users\jeswa\Downloads\file\data\train_set\clean\synth_01093.wav,14.4
C:\Users\jeswa\Downloads\file\data\train_set\noisy\synth_01094.wav,C:\Users\jeswa\Downloads\file\data\train_set\clean\synth_01094.wav,3.7
C:\Users\jeswa\Downloads\file\data\train_set\noisy\synth_01095.wav,C:\Users\jeswa\Downloads\file\data\train_set\clean\synth_01095.wav,-8.9
C:\Users\jeswa\Downloads\file\data\train_set\noisy\synth_01096.wav,C:\Users\jeswa\Downloads\file\data\train_set\clean\synth_01096.wav,-9.3
C:\Users\jeswa\Downloads\file\data\train_set\noisy\synth_01097.wav,C:\Users\jeswa\Downloads\file\data\train_set\clean\synth_01097.wav,-9.8
C:\Users\jeswa\Downloads\file\data\train_set\noisy\synth_01098.wav,C:\Users\jeswa\Downloads\file\data\train_set\clean\synth_01098.wav,9.5
C:\Users\jeswa\Downloads\file\data\train_set\noisy\synth_01099.wav,C:\Users\jeswa\Downloads\file\data\train_set\clean\synth_01099.wav,-8.5
C:\Users\jeswa\Downloads\file\data\train_set\noisy\synth_01100.wav,C:\Users\jeswa\Downloads\file\data\train_set\clean\synth_01100.wav,-9.6
C:\Users\jeswa\Downloads\file\data\train_set\noisy\synth_01101.wav,C:\Users\jeswa\Downloads\file\data\train_set\clean\synth_01101.wav,-8.9
C:\Users\jeswa\Downloads\file\data\train_set\noisy\synth_01102.wav,C:\Users\jeswa\Downloads\file\data\train_set\clean\synth_01102.wav,2.9
C:\Users\jeswa\Downloads\file\data\train_set\noisy\synth_01103.wav,C:\Users\jeswa\Downloads\file\data\train_set\clean\synth_01103.wav,10.7
C:\Users\jeswa\Downloads\file\data\train_set\noisy\synth_01104.wav,C:\Users\jeswa\Downloads\file\data\train_set\clean\synth_01104.wav,5.6
C:\Users\jeswa\Downloads\file\data\train_set\noisy\synth_01105.wav,C:\Users\jeswa\Downloads\file\data\train_set\clean\synth_01105.wav,5.2
C:\Users\jeswa\Downloads\file\data\train_set\noisy\synth_01106.wav,C:\Users\jeswa\Downloads\file\data\train_set\clean\synth_01106.wav,-7.1
C:\Users\jeswa\Downloads\file\data\train_set\noisy\synth_01107.wav,C:\Users\jeswa\Downloads\file\data\train_set\clean\synth_01107.wav,3.2
C:\Users\jeswa\Downloads\file\data\train_set\noisy\synth_01108.wav,C:\Users\jeswa\Downloads\file\data\train_set\clean\synth_01108.wav,8.0
C:\Users\jeswa\Downloads\file\data\train_set\noisy\synth_01109.wav,C:\Users\jeswa\Downloads\file\data\train_set\clean\synth_01109.wav,5.6
C:\Users\jeswa\Downloads\file\data\train_set\noisy\synth_01110.wav,C:\Users\jeswa\Downloads\file\data\train_set\clean\synth_01110.wav,12.5
C:\Users\jeswa\Downloads\file\data\train_set\noisy\synth_01111.wav,C:\Users\jeswa\Downloads\file\data\train_set\clean\synth_01111.wav,0.9
C:\Users\jeswa\Downloads\file\data\train_set\noisy\synth_01112.wav,C:\Users\jeswa\Downloads\file\data\train_set\clean\synth_01112.wav,14.6
C:\Users\jeswa\Downloads\file\data\train_set\noisy\synth_01113.wav,C:\Users\jeswa\Downloads\file\data\train_set\clean\synth_01113.wav,9.2
C:\Users\jeswa\Downloads\file\data\train_set\noisy\synth_01114.wav,C:\Users\jeswa\Downloads\file\data\train_set\clean\synth_01114.wav,1.0
C:\Users\jeswa\Downloads\file\data\train_set\noisy\synth_01115.wav,C:\Users\jeswa\Downloads\file\data\train_set\clean\synth_01115.wav,1.7
C:\Users\jeswa\Downloads\file\data\train_set\noisy\synth_01116.wav,C:\Users\jeswa\Downloads\file\data\train_set\clean\synth_01116.wav,-4.9
C:\Users\jeswa\Downloads\file\data\train_set\noisy\synth_01117.wav,C:\Users\jeswa\Downloads\file\data\train_set\clean\synth_01117.wav,5.2
C:\Users\jeswa\Downloads\file\data\train_set\noisy\synth_01118.wav,C:\Users\jeswa\Downloads\file\data\train_set\clean\synth_01118.wav,1.3
C:\Users\jeswa\Downloads\file\data\train_set\noisy\synth_01119.wav,C:\Users\jeswa\Downloads\file\data\train_set\clean\synth_01119.wav,4.5
C:\Users\jeswa\Downloads\file\data\train_set\noisy\synth_01120.wav,C:\Users\jeswa\Downloads\file\data\train_set\clean\synth_01120.wav,13.8
C:\Users\jeswa\Downloads\file\data\train_set\noisy\synth_01121.wav,C:\Users\jeswa\Downloads\file\data\train_set\clean\synth_01121.wav,3.1
C:\Users\jeswa\Downloads\file\data\train_set\noisy\synth_01122.wav,C:\Users\jeswa\Downloads\file\data\train_set\clean\synth_01122.wav,2.2
C:\Users\jeswa\Downloads\file\data\train_set\noisy\synth_01123.wav,C:\Users\jeswa\Downloads\file\data\train_set\clean\synth_01123.wav,13.1
C:\Users\jeswa\Downloads\file\data\train_set\noisy\synth_01124.wav,C:\Users\jeswa\Downloads\file\data\train_set\clean\synth_01124.wav,7.1
C:\Users\jeswa\Downloads\file\data\train_set\noisy\synth_01125.wav,C:\Users\jeswa\Downloads\file\data\train_set\clean\synth_01125.wav,-3.8
C:\Users\jeswa\Downloads\file\data\train_set\noisy\synth_01126.wav,C:\Users\jeswa\Downloads\file\data\train_set\clean\synth_01126.wav,-8.2
C:\Users\jeswa\Downloads\file\data\train_set\noisy\synth_01127.wav,C:\Users\jeswa\Downloads\file\data\train_set\clean\synth_01127.wav,7.5
C:\Users\jeswa\Downloads\file\data\train_set\noisy\synth_01128.wav,C:\Users\jeswa\Downloads\file\data\train_set\clean\synth_01128.wav,2.8
C:\Users\jeswa\Downloads\file\data\train_set\noisy\synth_01129.wav,C:\Users\jeswa\Downloads\file\data\train_set\clean\synth_01129.wav,7.8
C:\Users\jeswa\Downloads\file\data\train_set\noisy\synth_01130.wav,C:\Users\jeswa\Downloads\file\data\train_set\clean\synth_01130.wav,8.0
C:\Users\jeswa\Downloads\file\data\train_set\noisy\synth_01131.wav,C:\Users\jeswa\Downloads\file\data\train_set\clean\synth_01131.wav,-3.2
C:\Users\jeswa\Downloads\file\data\train_set\noisy\synth_01132.wav,C:\Users\jeswa\Downloads\file\data\train_set\clean\synth_01132.wav,11.7
C:\Users\jeswa\Downloads\file\data\train_set\noisy\synth_01133.wav,C:\Users\jeswa\Downloads\file\data\train_set\clean\synth_01133.wav,-8.3
C:\Users\jeswa\Downloads\file\data\train_set\noisy\synth_01134.wav,C:\Users\jeswa\Downloads\file\data\train_set\clean\synth_01134.wav,7.9
C:\Users\jeswa\Downloads\file\data\train_set\noisy\synth_01135.wav,C:\Users\jeswa\Downloads\file\data\train_set\clean\synth_01135.wav,-6.0
C:\Users\jeswa\Downloads\file\data\train_set\noisy\synth_01136.wav,C:\Users\jeswa\Downloads\file\data\train_set\clean\synth_01136.wav,3.0
C:\Users\jeswa\Downloads\file\data\train_set\noisy\synth_01137.wav,C:\Users\jeswa\Downloads\file\data\train_set\clean\synth_01137.wav,3.7
C:\Users\jeswa\Downloads\file\data\train_set\noisy\synth_01138.wav,C:\Users\jeswa\Downloads\file\data\train_set\clean\synth_01138.wav,-2.2
C:\Users\jeswa\Downloads\file\data\train_set\noisy\synth_01139.wav,C:\Users\jeswa\Downloads\file\data\train_set\clean\synth_01139.wav,-8.3
C:\Users\jeswa\Downloads\file\data\train_set\noisy\synth_01140.wav,C:\Users\jeswa\Downloads\file\data\train_set\clean\synth_01140.wav,6.6
C:\Users\jeswa\Downloads\file\data\train_set\noisy\synth_01141.wav,C:\Users\jeswa\Downloads\file\data\train_set\clean\synth_01141.wav,-7.2
C:\Users\jeswa\Downloads\file\data\train_set\noisy\synth_01142.wav,C:\Users\jeswa\Downloads\file\data\train_set\clean\synth_01142.wav,-0.1
C:\Users\jeswa\Downloads\file\data\train_set\noisy\synth_01143.wav,C:\Users\jeswa\Downloads\file\data\train_set\clean\synth_01143.wav,2.3
C:\Users\jeswa\Downloads\file\data\train_set\noisy\synth_01144.wav,C:\Users\jeswa\Downloads\file\data\train_set\clean\synth_01144.wav,-5.0
C:\Users\jeswa\Downloads\file\data\train_set\noisy\synth_01145.wav,C:\Users\jeswa\Downloads\file\data\train_set\clean\synth_01145.wav,14.3
C:\Users\jeswa\Downloads\file\data\train_set\noisy\synth_01146.wav,C:\Users\jeswa\Downloads\file\data\train_set\clean\synth_01146.wav,-5.2
C:\Users\jeswa\Downloads\file\data\train_set\noisy\synth_01147.wav,C:\Users\jeswa\Downloads\file\data\train_set\clean\synth_01147.wav,3.2
C:\Users\jeswa\Downloads\file\data\train_set\noisy\synth_01148.wav,C:\Users\jeswa\Downloads\file\data\train_set\clean\synth_01148.wav,12.9
C:\Users\jeswa\Downloads\file\data\train_set\noisy\synth_01149.wav,C:\Users\jeswa\Downloads\file\data\train_set\clean\synth_01149.wav,6.2
C:\Users\jeswa\Downloads\file\data\train_set\noisy\synth_01150.wav,C:\Users\jeswa\Downloads\file\data\train_set\clean\synth_01150.wav,-4.4
C:\Users\jeswa\Downloads\file\data\train_set\noisy\synth_01151.wav,C:\Users\jeswa\Downloads\file\data\train_set\clean\synth_01151.wav,-1.0
C:\Users\jeswa\Downloads\file\data\train_set\noisy\synth_01152.wav,C:\Users\jeswa\Downloads\file\data\train_set\clean\synth_01152.wav,5.2
C:\Users\jeswa\Downloads\file\data\train_set\noisy\synth_01153.wav,C:\Users\jeswa\Downloads\file\data\train_set\clean\synth_01153.wav,14.8
C:\Users\jeswa\Downloads\file\data\train_set\noisy\synth_01154.wav,C:\Users\jeswa\Downloads\file\data\train_set\clean\synth_01154.wav,11.6
C:\Users\jeswa\Downloads\file\data\train_set\noisy\synth_01155.wav,C:\Users\jeswa\Downloads\file\data\train_set\clean\synth_01155.wav,7.5
C:\Users\jeswa\Downloads\file\data\train_set\noisy\synth_01156.wav,C:\Users\jeswa\Downloads\file\data\train_set\clean\synth_01156.wav,-9.3
C:\Users\jeswa\Downloads\file\data\train_set\noisy\synth_01157.wav,C:\Users\jeswa\Downloads\file\data\train_set\clean\synth_01157.wav,5.8
C:\Users\jeswa\Downloads\file\data\train_set\noisy\synth_01158.wav,C:\Users\jeswa\Downloads\file\data\train_set\clean\synth_01158.wav,1.4
C:\Users\jeswa\Downloads\file\data\train_set\noisy\synth_01159.wav,C:\Users\jeswa\Downloads\file\data\train_set\clean\synth_01159.wav,9.4
C:\Users\jeswa\Downloads\file\data\train_set\noisy\synth_01160.wav,C:\Users\jeswa\Downloads\file\data\train_set\clean\synth_01160.wav,-0.5
C:\Users\jeswa\Downloads\file\data\train_set\noisy\synth_01161.wav,C:\Users\jeswa\Downloads\file\data\train_set\clean\synth_01161.wav,-6.6
C:\Users\jeswa\Downloads\file\data\train_set\noisy\synth_01162.wav,C:\Users\jeswa\Downloads\file\data\train_set\clean\synth_01162.wav,1.0
C:\Users\jeswa\Downloads\file\data\train_set\noisy\synth_01163.wav,C:\Users\jeswa\Downloads\file\data\train_set\clean\synth_01163.wav,11.6
C:\Users\jeswa\Downloads\file\data\train_set\noisy\synth_01164.wav,C:\Users\jeswa\Downloads\file\data\train_set\clean\synth_01164.wav,0.4
C:\Users\jeswa\Downloads\file\data\train_set\noisy\synth_01165.wav,C:\Users\jeswa\Downloads\file\data\train_set\clean\synth_01165.wav,6.4
C:\Users\jeswa\Downloads\file\data\train_set\noisy\synth_01166.wav,C:\Users\jeswa\Downloads\file\data\train_set\clean\synth_01166.wav,2.3
C:\Users\jeswa\Downloads\file\data\train_set\noisy\synth_01167.wav,C:\Users\jeswa\Downloads\file\data\train_set\clean\synth_01167.wav,-2.7
C:\Users\jeswa\Downloads\file\data\train_set\noisy\synth_01168.wav,C:\Users\jeswa\Downloads\file\data\train_set\clean\synth_01168.wav,7.2
C:\Users\jeswa\Downloads\file\data\train_set\noisy\synth_01169.wav,C:\Users\jeswa\Downloads\file\data\train_set\clean\synth_01169.wav,0.1
C:\Users\jeswa\Downloads\file\data\train_set\noisy\synth_01170.wav,C:\Users\jeswa\Downloads\file\data\train_set\clean\synth_01170.wav,0.2
C:\Users\jeswa\Downloads\file\data\train_set\noisy\synth_01171.wav,C:\Users\jeswa\Downloads\file\data\train_set\clean\synth_01171.wav,11.9
C:\Users\jeswa\Downloads\file\data\train_set\noisy\synth_01172.wav,C:\Users\jeswa\Downloads\file\data\train_set\clean\synth_01172.wav,0.2
C:\Users\jeswa\Downloads\file\data\train_set\noisy\synth_01173.wav,C:\Users\jeswa\Downloads\file\data\train_set\clean\synth_01173.wav,11.5
C:\Users\jeswa\Downloads\file\data\train_set\noisy\synth_01174.wav,C:\Users\jeswa\Downloads\file\data\train_set\clean\synth_01174.wav,1.9
C:\Users\jeswa\Downloads\file\data\train_set\noisy\synth_01175.wav,C:\Users\jeswa\Downloads\file\data\train_set\clean\synth_01175.wav,8.8
C:\Users\jeswa\Downloads\file\data\train_set\noisy\synth_01176.wav,C:\Users\jeswa\Downloads\file\data\train_set\clean\synth_01176.wav,-0.3
C:\Users\jeswa\Downloads\file\data\train_set\noisy\synth_01177.wav,C:\Users\jeswa\Downloads\file\data\train_set\clean\synth_01177.wav,14.4
C:\Users\jeswa\Downloads\file\data\train_set\noisy\synth_01178.wav,C:\Users\jeswa\Downloads\file\data\train_set\clean\synth_01178.wav,9.6
C:\Users\jeswa\Downloads\file\data\train_set\noisy\synth_01179.wav,C:\Users\jeswa\Downloads\file\data\train_set\clean\synth_01179.wav,2.0
C:\Users\jeswa\Downloads\file\data\train_set\noisy\synth_01180.wav,C:\Users\jeswa\Downloads\file\data\train_set\clean\synth_01180.wav,6.1
C:\Users\jeswa\Downloads\file\data\train_set\noisy\synth_01181.wav,C:\Users\jeswa\Downloads\file\data\train_set\clean\synth_01181.wav,-0.2
C:\Users\jeswa\Downloads\file\data\train_set\noisy\synth_01182.wav,C:\Users\jeswa\Downloads\file\data\train_set\clean\synth_01182.wav,8.3
C:\Users\jeswa\Downloads\file\data\train_set\noisy\synth_01183.wav,C:\Users\jeswa\Downloads\file\data\train_set\clean\synth_01183.wav,4.9
C:\Users\jeswa\Downloads\file\data\train_set\noisy\synth_01184.wav,C:\Users\jeswa\Downloads\file\data\train_set\clean\synth_01184.wav,0.8
C:\Users\jeswa\Downloads\file\data\train_set\noisy\synth_01185.wav,C:\Users\jeswa\Downloads\file\data\train_set\clean\synth_01185.wav,-0.2
C:\Users\jeswa\Downloads\file\data\train_set\noisy\synth_01186.wav,C:\Users\jeswa\Downloads\file\data\train_set\clean\synth_01186.wav,-5.1
C:\Users\jeswa\Downloads\file\data\train_set\noisy\synth_01187.wav,C:\Users\jeswa\Downloads\file\data\train_set\clean\synth_01187.wav,-0.8
C:\Users\jeswa\Downloads\file\data\train_set\noisy\synth_01188.wav,C:\Users\jeswa\Downloads\file\data\train_set\clean\synth_01188.wav,-5.9
C:\Users\jeswa\Downloads\file\data\train_set\noisy\synth_01189.wav,C:\Users\jeswa\Downloads\file\data\train_set\clean\synth_01189.wav,0.3
C:\Users\jeswa\Downloads\file\data\train_set\noisy\synth_01190.wav,C:\Users\jeswa\Downloads\file\data\train_set\clean\synth_01190.wav,8.8
C:\Users\jeswa\Downloads\file\data\train_set\noisy\synth_01191.wav,C:\Users\jeswa\Downloads\file\data\train_set\clean\synth_01191.wav,7.8
C:\Users\jeswa\Downloads\file\data\train_set\noisy\synth_01192.wav,C:\Users\jeswa\Downloads\file\data\train_set\clean\synth_01192.wav,-8.4
C:\Users\jeswa\Downloads\file\data\train_set\noisy\synth_01193.wav,C:\Users\jeswa\Downloads\file\data\train_set\clean\synth_01193.wav,-8.8
C:\Users\jeswa\Downloads\file\data\train_set\noisy\synth_01194.wav,C:\Users\jeswa\Downloads\file\data\train_set\clean\synth_01194.wav,0.3
C:\Users\jeswa\Downloads\file\data\train_set\noisy\synth_01195.wav,C:\Users\jeswa\Downloads\file\data\train_set\clean\synth_01195.wav,-9.7
C:\Users\jeswa\Downloads\file\data\train_set\noisy\synth_01196.wav,C:\Users\jeswa\Downloads\file\data\train_set\clean\synth_01196.wav,-2.8
C:\Users\jeswa\Downloads\file\data\train_set\noisy\synth_01197.wav,C:\Users\jeswa\Downloads\file\data\train_set\clean\synth_01197.wav,-6.8
C:\Users\jeswa\Downloads\file\data\train_set\noisy\synth_01198.wav,C:\Users\jeswa\Downloads\file\data\train_set\clean\synth_01198.wav,4.6
C:\Users\jeswa\Downloads\file\data\train_set\noisy\synth_01199.wav,C:\Users\jeswa\Downloads\file\data\train_set\clean\synth_01199.wav,-3.4
C:\Users\jeswa\Downloads\file\data\train_set\noisy\synth_01200.wav,C:\Users\jeswa\Downloads\file\data\train_set\clean\synth_01200.wav,0.9
C:\Users\jeswa\Downloads\file\data\train_set\noisy\synth_01201.wav,C:\Users\jeswa\Downloads\file\data\train_set\clean\synth_01201.wav,1.8
C:\Users\jeswa\Downloads\file\data\train_set\noisy\synth_01202.wav,C:\Users\jeswa\Downloads\file\data\train_set\clean\synth_01202.wav,-6.0
C:\Users\jeswa\Downloads\file\data\train_set\noisy\synth_01203.wav,C:\Users\jeswa\Downloads\file\data\train_set\clean\synth_01203.wav,-6.5
C:\Users\jeswa\Downloads\file\data\train_set\noisy\synth_01204.wav,C:\Users\jeswa\Downloads\file\data\train_set\clean\synth_01204.wav,11.4
C:\Users\jeswa\Downloads\file\data\train_set\noisy\synth_01205.wav,C:\Users\jeswa\Downloads\file\data\train_set\clean\synth_01205.wav,13.4
C:\Users\jeswa\Downloads\file\data\train_set\noisy\synth_01206.wav,C:\Users\jeswa\Downloads\file\data\train_set\clean\synth_01206.wav,-8.4
C:\Users\jeswa\Downloads\file\data\train_set\noisy\synth_01207.wav,C:\Users\jeswa\Downloads\file\data\train_set\clean\synth_01207.wav,5.7
C:\Users\jeswa\Downloads\file\data\train_set\noisy\synth_01208.wav,C:\Users\jeswa\Downloads\file\data\train_set\clean\synth_01208.wav,-2.4
C:\Users\jeswa\Downloads\file\data\train_set\noisy\synth_01209.wav,C:\Users\jeswa\Downloads\file\data\train_set\clean\synth_01209.wav,12.1
C:\Users\jeswa\Downloads\file\data\train_set\noisy\synth_01210.wav,C:\Users\jeswa\Downloads\file\data\train_set\clean\synth_01210.wav,3.4
C:\Users\jeswa\Downloads\file\data\train_set\noisy\synth_01211.wav,C:\Users\jeswa\Downloads\file\data\train_set\clean\synth_01211.wav,4.4
C:\Users\jeswa\Downloads\file\data\train_set\noisy\synth_01212.wav,C:\Users\jeswa\Downloads\file\data\train_set\clean\synth_01212.wav,11.7
C:\Users\jeswa\Downloads\file\data\train_set\noisy\synth_01213.wav,C:\Users\jeswa\Downloads\file\data\train_set\clean\synth_01213.wav,-8.2
C:\Users\jeswa\Downloads\file\data\train_set\noisy\synth_01214.wav,C:\Users\jeswa\Downloads\file\data\train_set\clean\synth_01214.wav,-0.7
C:\Users\jeswa\Downloads\file\data\train_set\noisy\synth_01215.wav,C:\Users\jeswa\Downloads\file\data\train_set\clean\synth_01215.wav,-9.2
C:\Users\jeswa\Downloads\file\data\train_set\noisy\synth_01216.wav,C:\Users\jeswa\Downloads\file\data\train_set\clean\synth_01216.wav,13.3
C:\Users\jeswa\Downloads\file\data\train_set\noisy\synth_01217.wav,C:\Users\jeswa\Downloads\file\data\train_set\clean\synth_01217.wav,13.7
C:\Users\jeswa\Downloads\file\data\train_set\noisy\synth_01218.wav,C:\Users\jeswa\Downloads\file\data\train_set\clean\synth_01218.wav,0.3
C:\Users\jeswa\Downloads\file\data\train_set\noisy\synth_01219.wav,C:\Users\jeswa\Downloads\file\data\train_set\clean\synth_01219.wav,-1.6
C:\Users\jeswa\Downloads\file\data\train_set\noisy\synth_01220.wav,C:\Users\jeswa\Downloads\file\data\train_set\clean\synth_01220.wav,7.6
C:\Users\jeswa\Downloads\file\data\train_set\noisy\synth_01221.wav,C:\Users\jeswa\Downloads\file\data\train_set\clean\synth_01221.wav,3.3
C:\Users\jeswa\Downloads\file\data\train_set\noisy\synth_01222.wav,C:\Users\jeswa\Downloads\file\data\train_set\clean\synth_01222.wav,2.9
C:\Users\jeswa\Downloads\file\data\train_set\noisy\synth_01223.wav,C:\Users\jeswa\Downloads\file\data\train_set\clean\synth_01223.wav,14.2
C:\Users\jeswa\Downloads\file\data\train_set\noisy\synth_01224.wav,C:\Users\jeswa\Downloads\file\data\train_set\clean\synth_01224.wav,8.5
C:\Users\jeswa\Downloads\file\data\train_set\noisy\synth_01225.wav,C:\Users\jeswa\Downloads\file\data\train_set\clean\synth_01225.wav,-7.0
C:\Users\jeswa\Downloads\file\data\train_set\noisy\synth_01226.wav,C:\Users\jeswa\Downloads\file\data\train_set\clean\synth_01226.wav,-3.6
C:\Users\jeswa\Downloads\file\data\train_set\noisy\synth_01227.wav,C:\Users\jeswa\Downloads\file\data\train_set\clean\synth_01227.wav,11.5
C:\Users\jeswa\Downloads\file\data\train_set\noisy\synth_01228.wav,C:\Users\jeswa\Downloads\file\data\train_set\clean\synth_01228.wav,10.4
C:\Users\jeswa\Downloads\file\data\train_set\noisy\synth_01229.wav,C:\Users\jeswa\Downloads\file\data\train_set\clean\synth_01229.wav,-0.2
C:\Users\jeswa\Downloads\file\data\train_set\noisy\synth_01230.wav,C:\Users\jeswa\Downloads\file\data\train_set\clean\synth_01230.wav,7.0
C:\Users\jeswa\Downloads\file\data\train_set\noisy\synth_01231.wav,C:\Users\jeswa\Downloads\file\data\train_set\clean\synth_01231.wav,-7.7
C:\Users\jeswa\Downloads\file\data\train_set\noisy\synth_01232.wav,C:\Users\jeswa\Downloads\file\data\train_set\clean\synth_01232.wav,2.0
C:\Users\jeswa\Downloads\file\data\train_set\noisy\synth_01233.wav,C:\Users\jeswa\Downloads\file\data\train_set\clean\synth_01233.wav,14.0
C:\Users\jeswa\Downloads\file\data\train_set\noisy\synth_01234.wav,C:\Users\jeswa\Downloads\file\data\train_set\clean\synth_01234.wav,-3.2
C:\Users\jeswa\Downloads\file\data\train_set\noisy\synth_01235.wav,C:\Users\jeswa\Downloads\file\data\train_set\clean\synth_01235.wav,-6.0
C:\Users\jeswa\Downloads\file\data\train_set\noisy\synth_01236.wav,C:\Users\jeswa\Downloads\file\data\train_set\clean\synth_01236.wav,7.8
C:\Users\jeswa\Downloads\file\data\train_set\noisy\synth_01237.wav,C:\Users\jeswa\Downloads\file\data\train_set\clean\synth_01237.wav,-8.1
C:\Users\jeswa\Downloads\file\data\train_set\noisy\synth_01238.wav,C:\Users\jeswa\Downloads\file\data\train_set\clean\synth_01238.wav,2.4
C:\Users\jeswa\Downloads\file\data\train_set\noisy\synth_01239.wav,C:\Users\jeswa\Downloads\file\data\train_set\clean\synth_01239.wav,14.1
C:\Users\jeswa\Downloads\file\data\train_set\noisy\synth_01240.wav,C:\Users\jeswa\Downloads\file\data\train_set\clean\synth_01240.wav,13.6
C:\Users\jeswa\Downloads\file\data\train_set\noisy\synth_01241.wav,C:\Users\jeswa\Downloads\file\data\train_set\clean\synth_01241.wav,-5.1
C:\Users\jeswa\Downloads\file\data\train_set\noisy\synth_01242.wav,C:\Users\jeswa\Downloads\file\data\train_set\clean\synth_01242.wav,6.1
C:\Users\jeswa\Downloads\file\data\train_set\noisy\synth_01243.wav,C:\Users\jeswa\Downloads\file\data\train_set\clean\synth_01243.wav,2.4
C:\Users\jeswa\Downloads\file\data\train_set\noisy\synth_01244.wav,C:\Users\jeswa\Downloads\file\data\train_set\clean\synth_01244.wav,12.0
C:\Users\jeswa\Downloads\file\data\train_set\noisy\synth_01245.wav,C:\Users\jeswa\Downloads\file\data\train_set\clean\synth_01245.wav,4.8
C:\Users\jeswa\Downloads\file\data\train_set\noisy\synth_01246.wav,C:\Users\jeswa\Downloads\file\data\train_set\clean\synth_01246.wav,7.4
C:\Users\jeswa\Downloads\file\data\train_set\noisy\synth_01247.wav,C:\Users\jeswa\Downloads\file\data\train_set\clean\synth_01247.wav,-7.3
C:\Users\jeswa\Downloads\file\data\train_set\noisy\synth_01248.wav,C:\Users\jeswa\Downloads\file\data\train_set\clean\synth_01248.wav,3.7
C:\Users\jeswa\Downloads\file\data\train_set\noisy\synth_01249.wav,C:\Users\jeswa\Downloads\file\data\train_set\clean\synth_01249.wav,-0.1
C:\Users\jeswa\Downloads\file\data\train_set\noisy\synth_01250.wav,C:\Users\jeswa\Downloads\file\data\train_set\clean\synth_01250.wav,0.5
C:\Users\jeswa\Downloads\file\data\train_set\noisy\synth_01251.wav,C:\Users\jeswa\Downloads\file\data\train_set\clean\synth_01251.wav,-5.1
C:\Users\jeswa\Downloads\file\data\train_set\noisy\synth_01252.wav,C:\Users\jeswa\Downloads\file\data\train_set\clean\synth_01252.wav,5.1
C:\Users\jeswa\Downloads\file\data\train_set\noisy\synth_01253.wav,C:\Users\jeswa\Downloads\file\data\train_set\clean\synth_01253.wav,15.0
C:\Users\jeswa\Downloads\file\data\train_set\noisy\synth_01254.wav,C:\Users\jeswa\Downloads\file\data\train_set\clean\synth_01254.wav,-6.6
C:\Users\jeswa\Downloads\file\data\train_set\noisy\synth_01255.wav,C:\Users\jeswa\Downloads\file\data\train_set\clean\synth_01255.wav,5.5
C:\Users\jeswa\Downloads\file\data\train_set\noisy\synth_01256.wav,C:\Users\jeswa\Downloads\file\data\train_set\clean\synth_01256.wav,4.4
C:\Users\jeswa\Downloads\file\data\train_set\noisy\synth_01257.wav,C:\Users\jeswa\Downloads\file\data\train_set\clean\synth_01257.wav,-4.4
C:\Users\jeswa\Downloads\file\data\train_set\noisy\synth_01258.wav,C:\Users\jeswa\Downloads\file\data\train_set\clean\synth_01258.wav,2.4
C:\Users\jeswa\Downloads\file\data\train_set\noisy\synth_01259.wav,C:\Users\jeswa\Downloads\file\data\train_set\clean\synth_01259.wav,2.3
C:\Users\jeswa\Downloads\file\data\train_set\noisy\synth_01260.wav,C:\Users\jeswa\Downloads\file\data\train_set\clean\synth_01260.wav,0.7
C:\Users\jeswa\Downloads\file\data\train_set\noisy\synth_01261.wav,C:\Users\jeswa\Downloads\file\data\train_set\clean\synth_01261.wav,9.8
C:\Users\jeswa\Downloads\file\data\train_set\noisy\synth_01262.wav,C:\Users\jeswa\Downloads\file\data\train_set\clean\synth_01262.wav,3.7
C:\Users\jeswa\Downloads\file\data\train_set\noisy\synth_01263.wav,C:\Users\jeswa\Downloads\file\data\train_set\clean\synth_01263.wav,9.8
C:\Users\jeswa\Downloads\file\data\train_set\noisy\synth_01264.wav,C:\Users\jeswa\Downloads\file\data\train_set\clean\synth_01264.wav,10.3
C:\Users\jeswa\Downloads\file\data\train_set\noisy\synth_01265.wav,C:\Users\jeswa\Downloads\file\data\train_set\clean\synth_01265.wav,9.9
C:\Users\jeswa\Downloads\file\data\train_set\noisy\synth_01266.wav,C:\Users\jeswa\Downloads\file\data\train_set\clean\synth_01266.wav,-2.5
C:\Users\jeswa\Downloads\file\data\train_set\noisy\synth_01267.wav,C:\Users\jeswa\Downloads\file\data\train_set\clean\synth_01267.wav,-8.4
C:\Users\jeswa\Downloads\file\data\train_set\noisy\synth_01268.wav,C:\Users\jeswa\Downloads\file\data\train_set\clean\synth_01268.wav,7.3
C:\Users\jeswa\Downloads\file\data\train_set\noisy\synth_01269.wav,C:\Users\jeswa\Downloads\file\data\train_set\clean\synth_01269.wav,-9.0
C:\Users\jeswa\Downloads\file\data\train_set\noisy\synth_01270.wav,C:\Users\jeswa\Downloads\file\data\train_set\clean\synth_01270.wav,9.6
C:\Users\jeswa\Downloads\file\data\train_set\noisy\synth_01271.wav,C:\Users\jeswa\Downloads\file\data\train_set\clean\synth_01271.wav,7.2
C:\Users\jeswa\Downloads\file\data\train_set\noisy\synth_01272.wav,C:\Users\jeswa\Downloads\file\data\train_set\clean\synth_01272.wav,12.9
C:\Users\jeswa\Downloads\file\data\train_set\noisy\synth_01273.wav,C:\Users\jeswa\Downloads\file\data\train_set\clean\synth_01273.wav,-5.4
C:\Users\jeswa\Downloads\file\data\train_set\noisy\synth_01274.wav,C:\Users\jeswa\Downloads\file\data\train_set\clean\synth_01274.wav,13.3
C:\Users\jeswa\Downloads\file\data\train_set\noisy\synth_01275.wav,C:\Users\jeswa\Downloads\file\data\train_set\clean\synth_01275.wav,-2.2
C:\Users\jeswa\Downloads\file\data\train_set\noisy\synth_01276.wav,C:\Users\jeswa\Downloads\file\data\train_set\clean\synth_01276.wav,-6.8
C:\Users\jeswa\Downloads\file\data\train_set\noisy\synth_01277.wav,C:\Users\jeswa\Downloads\file\data\train_set\clean\synth_01277.wav,-9.0
C:\Users\jeswa\Downloads\file\data\train_set\noisy\synth_01278.wav,C:\Users\jeswa\Downloads\file\data\train_set\clean\synth_01278.wav,13.5
C:\Users\jeswa\Downloads\file\data\train_set\noisy\synth_01279.wav,C:\Users\jeswa\Downloads\file\data\train_set\clean\synth_01279.wav,-0.6
C:\Users\jeswa\Downloads\file\data\train_set\noisy\synth_01280.wav,C:\Users\jeswa\Downloads\file\data\train_set\clean\synth_01280.wav,-2.8
C:\Users\jeswa\Downloads\file\data\train_set\noisy\synth_01281.wav,C:\Users\jeswa\Downloads\file\data\train_set\clean\synth_01281.wav,-4.2
C:\Users\jeswa\Downloads\file\data\train_set\noisy\synth_01282.wav,C:\Users\jeswa\Downloads\file\data\train_set\clean\synth_01282.wav,6.9
C:\Users\jeswa\Downloads\file\data\train_set\noisy\synth_01283.wav,C:\Users\jeswa\Downloads\file\data\train_set\clean\synth_01283.wav,2.9
C:\Users\jeswa\Downloads\file\data\train_set\noisy\synth_01284.wav,C:\Users\jeswa\Downloads\file\data\train_set\clean\synth_01284.wav,-6.9
C:\Users\jeswa\Downloads\file\data\train_set\noisy\synth_01285.wav,C:\Users\jeswa\Downloads\file\data\train_set\clean\synth_01285.wav,-2.2
C:\Users\jeswa\Downloads\file\data\train_set\noisy\synth_01286.wav,C:\Users\jeswa\Downloads\file\data\train_set\clean\synth_01286.wav,-8.4
C:\Users\jeswa\Downloads\file\data\train_set\noisy\synth_01287.wav,C:\Users\jeswa\Downloads\file\data\train_set\clean\synth_01287.wav,-5.8
C:\Users\jeswa\Downloads\file\data\train_set\noisy\synth_01288.wav,C:\Users\jeswa\Downloads\file\data\train_set\clean\synth_01288.wav,3.9
C:\Users\jeswa\Downloads\file\data\train_set\noisy\synth_01289.wav,C:\Users\jeswa\Downloads\file\data\train_set\clean\synth_01289.wav,13.5
C:\Users\jeswa\Downloads\file\data\train_set\noisy\synth_01290.wav,C:\Users\jeswa\Downloads\file\data\train_set\clean\synth_01290.wav,-4.0
C:\Users\jeswa\Downloads\file\data\train_set\noisy\synth_01291.wav,C:\Users\jeswa\Downloads\file\data\train_set\clean\synth_01291.wav,-2.9
C:\Users\jeswa\Downloads\file\data\train_set\noisy\synth_01292.wav,C:\Users\jeswa\Downloads\file\data\train_set\clean\synth_01292.wav,9.9
C:\Users\jeswa\Downloads\file\data\train_set\noisy\synth_01293.wav,C:\Users\jeswa\Downloads\file\data\train_set\clean\synth_01293.wav,11.6
C:\Users\jeswa\Downloads\file\data\train_set\noisy\synth_01294.wav,C:\Users\jeswa\Downloads\file\data\train_set\clean\synth_01294.wav,15.0
C:\Users\jeswa\Downloads\file\data\train_set\noisy\synth_01295.wav,C:\Users\jeswa\Downloads\file\data\train_set\clean\synth_01295.wav,9.8
C:\Users\jeswa\Downloads\file\data\train_set\noisy\synth_01296.wav,C:\Users\jeswa\Downloads\file\data\train_set\clean\synth_01296.wav,-5.9
C:\Users\jeswa\Downloads\file\data\train_set\noisy\synth_01297.wav,C:\Users\jeswa\Downloads\file\data\train_set\clean\synth_01297.wav,-4.1
C:\Users\jeswa\Downloads\file\data\train_set\noisy\synth_01298.wav,C:\Users\jeswa\Downloads\file\data\train_set\clean\synth_01298.wav,12.7
C:\Users\jeswa\Downloads\file\data\train_set\noisy\synth_01299.wav,C:\Users\jeswa\Downloads\file\data\train_set\clean\synth_01299.wav,10.8
C:\Users\jeswa\Downloads\file\data\train_set\noisy\synth_01300.wav,C:\Users\jeswa\Downloads\file\data\train_set\clean\synth_01300.wav,4.6
C:\Users\jeswa\Downloads\file\data\train_set\noisy\synth_01301.wav,C:\Users\jeswa\Downloads\file\data\train_set\clean\synth_01301.wav,-7.4
C:\Users\jeswa\Downloads\file\data\train_set\noisy\synth_01302.wav,C:\Users\jeswa\Downloads\file\data\train_set\clean\synth_01302.wav,6.9
C:\Users\jeswa\Downloads\file\data\train_set\noisy\synth_01303.wav,C:\Users\jeswa\Downloads\file\data\train_set\clean\synth_01303.wav,-10.0
C:\Users\jeswa\Downloads\file\data\train_set\noisy\synth_01304.wav,C:\Users\jeswa\Downloads\file\data\train_set\clean\synth_01304.wav,0.3
C:\Users\jeswa\Downloads\file\data\train_set\noisy\synth_01305.wav,C:\Users\jeswa\Downloads\file\data\train_set\clean\synth_01305.wav,3.7
C:\Users\jeswa\Downloads\file\data\train_set\noisy\synth_01306.wav,C:\Users\jeswa\Downloads\file\data\train_set\clean\synth_01306.wav,14.8
C:\Users\jeswa\Downloads\file\data\train_set\noisy\synth_01307.wav,C:\Users\jeswa\Downloads\file\data\train_set\clean\synth_01307.wav,11.3
C:\Users\jeswa\Downloads\file\data\train_set\noisy\synth_01308.wav,C:\Users\jeswa\Downloads\file\data\train_set\clean\synth_01308.wav,0.6
C:\Users\jeswa\Downloads\file\data\train_set\noisy\synth_01309.wav,C:\Users\jeswa\Downloads\file\data\train_set\clean\synth_01309.wav,5.6
C:\Users\jeswa\Downloads\file\data\train_set\noisy\synth_01310.wav,C:\Users\jeswa\Downloads\file\data\train_set\clean\synth_01310.wav,9.2
C:\Users\jeswa\Downloads\file\data\train_set\noisy\synth_01311.wav,C:\Users\jeswa\Downloads\file\data\train_set\clean\synth_01311.wav,5.0
C:\Users\jeswa\Downloads\file\data\train_set\noisy\synth_01312.wav,C:\Users\jeswa\Downloads\file\data\train_set\clean\synth_01312.wav,12.4
C:\Users\jeswa\Downloads\file\data\train_set\noisy\synth_01313.wav,C:\Users\jeswa\Downloads\file\data\train_set\clean\synth_01313.wav,-6.8
C:\Users\jeswa\Downloads\file\data\train_set\noisy\synth_01314.wav,C:\Users\jeswa\Downloads\file\data\train_set\clean\synth_01314.wav,-5.2
C:\Users\jeswa\Downloads\file\data\train_set\noisy\synth_01315.wav,C:\Users\jeswa\Downloads\file\data\train_set\clean\synth_01315.wav,-5.2
C:\Users\jeswa\Downloads\file\data\train_set\noisy\synth_01316.wav,C:\Users\jeswa\Downloads\file\data\train_set\clean\synth_01316.wav,10.1
C:\Users\jeswa\Downloads\file\data\train_set\noisy\synth_01317.wav,C:\Users\jeswa\Downloads\file\data\train_set\clean\synth_01317.wav,-0.1
C:\Users\jeswa\Downloads\file\data\train_set\noisy\synth_01318.wav,C:\Users\jeswa\Downloads\file\data\train_set\clean\synth_01318.wav,6.4
C:\Users\jeswa\Downloads\file\data\train_set\noisy\synth_01319.wav,C:\Users\jeswa\Downloads\file\data\train_set\clean\synth_01319.wav,-2.7
C:\Users\jeswa\Downloads\file\data\train_set\noisy\synth_01320.wav,C:\Users\jeswa\Downloads\file\data\train_set\clean\synth_01320.wav,-6.8
C:\Users\jeswa\Downloads\file\data\train_set\noisy\synth_01321.wav,C:\Users\jeswa\Downloads\file\data\train_set\clean\synth_01321.wav,11.5
C:\Users\jeswa\Downloads\file\data\train_set\noisy\synth_01322.wav,C:\Users\jeswa\Downloads\file\data\train_set\clean\synth_01322.wav,7.5
C:\Users\jeswa\Downloads\file\data\train_set\noisy\synth_01323.wav,C:\Users\jeswa\Downloads\file\data\train_set\clean\synth_01323.wav,-2.8
C:\Users\jeswa\Downloads\file\data\train_set\noisy\synth_01324.wav,C:\Users\jeswa\Downloads\file\data\train_set\clean\synth_01324.wav,2.2
C:\Users\jeswa\Downloads\file\data\train_set\noisy\synth_01325.wav,C:\Users\jeswa\Downloads\file\data\train_set\clean\synth_01325.wav,2.7
C:\Users\jeswa\Downloads\file\data\train_set\noisy\synth_01326.wav,C:\Users\jeswa\Downloads\file\data\train_set\clean\synth_01326.wav,-8.7
C:\Users\jeswa\Downloads\file\data\train_set\noisy\synth_01327.wav,C:\Users\jeswa\Downloads\file\data\train_set\clean\synth_01327.wav,3.8
C:\Users\jeswa\Downloads\file\data\train_set\noisy\synth_01328.wav,C:\Users\jeswa\Downloads\file\data\train_set\clean\synth_01328.wav,-1.8
C:\Users\jeswa\Downloads\file\data\train_set\noisy\synth_01329.wav,C:\Users\jeswa\Downloads\file\data\train_set\clean\synth_01329.wav,-6.4
C:\Users\jeswa\Downloads\file\data\train_set\noisy\synth_01330.wav,C:\Users\jeswa\Downloads\file\data\train_set\clean\synth_01330.wav,5.8
C:\Users\jeswa\Downloads\file\data\train_set\noisy\synth_01331.wav,C:\Users\jeswa\Downloads\file\data\train_set\clean\synth_01331.wav,-4.7
C:\Users\jeswa\Downloads\file\data\train_set\noisy\synth_01332.wav,C:\Users\jeswa\Downloads\file\data\train_set\clean\synth_01332.wav,-9.4
C:\Users\jeswa\Downloads\file\data\train_set\noisy\synth_01333.wav,C:\Users\jeswa\Downloads\file\data\train_set\clean\synth_01333.wav,0.2
C:\Users\jeswa\Downloads\file\data\train_set\noisy\synth_01334.wav,C:\Users\jeswa\Downloads\file\data\train_set\clean\synth_01334.wav,13.4
C:\Users\jeswa\Downloads\file\data\train_set\noisy\synth_01335.wav,C:\Users\jeswa\Downloads\file\data\train_set\clean\synth_01335.wav,-5.3
C:\Users\jeswa\Downloads\file\data\train_set\noisy\synth_01336.wav,C:\Users\jeswa\Downloads\file\data\train_set\clean\synth_01336.wav,7.9
C:\Users\jeswa\Downloads\file\data\train_set\noisy\synth_01337.wav,C:\Users\jeswa\Downloads\file\data\train_set\clean\synth_01337.wav,6.9
C:\Users\jeswa\Downloads\file\data\train_set\noisy\synth_01338.wav,C:\Users\jeswa\Downloads\file\data\train_set\clean\synth_01338.wav,11.4
C:\Users\jeswa\Downloads\file\data\train_set\noisy\synth_01339.wav,C:\Users\jeswa\Downloads\file\data\train_set\clean\synth_01339.wav,-3.7
C:\Users\jeswa\Downloads\file\data\train_set\noisy\synth_01340.wav,C:\Users\jeswa\Downloads\file\data\train_set\clean\synth_01340.wav,-0.9
C:\Users\jeswa\Downloads\file\data\train_set\noisy\synth_01341.wav,C:\Users\jeswa\Downloads\file\data\train_set\clean\synth_01341.wav,-7.1
C:\Users\jeswa\Downloads\file\data\train_set\noisy\synth_01342.wav,C:\Users\jeswa\Downloads\file\data\train_set\clean\synth_01342.wav,0.1
C:\Users\jeswa\Downloads\file\data\train_set\noisy\synth_01343.wav,C:\Users\jeswa\Downloads\file\data\train_set\clean\synth_01343.wav,10.4
C:\Users\jeswa\Downloads\file\data\train_set\noisy\synth_01344.wav,C:\Users\jeswa\Downloads\file\data\train_set\clean\synth_01344.wav,4.6
C:\Users\jeswa\Downloads\file\data\train_set\noisy\synth_01345.wav,C:\Users\jeswa\Downloads\file\data\train_set\clean\synth_01345.wav,-0.6
C:\Users\jeswa\Downloads\file\data\train_set\noisy\synth_01346.wav,C:\Users\jeswa\Downloads\file\data\train_set\clean\synth_01346.wav,14.4
C:\Users\jeswa\Downloads\file\data\train_set\noisy\synth_01347.wav,C:\Users\jeswa\Downloads\file\data\train_set\clean\synth_01347.wav,13.4
C:\Users\jeswa\Downloads\file\data\train_set\noisy\synth_01348.wav,C:\Users\jeswa\Downloads\file\data\train_set\clean\synth_01348.wav,-7.8
C:\Users\jeswa\Downloads\file\data\train_set\noisy\synth_01349.wav,C:\Users\jeswa\Downloads\file\data\train_set\clean\synth_01349.wav,-0.1
C:\Users\jeswa\Downloads\file\data\train_set\noisy\synth_01350.wav,C:\Users\jeswa\Downloads\file\data\train_set\clean\synth_01350.wav,14.5
C:\Users\jeswa\Downloads\file\data\train_set\noisy\synth_01351.wav,C:\Users\jeswa\Downloads\file\data\train_set\clean\synth_01351.wav,8.0
C:\Users\jeswa\Downloads\file\data\train_set\noisy\synth_01352.wav,C:\Users\jeswa\Downloads\file\data\train_set\clean\synth_01352.wav,2.3
C:\Users\jeswa\Downloads\file\data\train_set\noisy\synth_01353.wav,C:\Users\jeswa\Downloads\file\data\train_set\clean\synth_01353.wav,9.6
C:\Users\jeswa\Downloads\file\data\train_set\noisy\synth_01354.wav,C:\Users\jeswa\Downloads\file\data\train_set\clean\synth_01354.wav,-6.0
C:\Users\jeswa\Downloads\file\data\train_set\noisy\synth_01355.wav,C:\Users\jeswa\Downloads\file\data\train_set\clean\synth_01355.wav,5.8
C:\Users\jeswa\Downloads\file\data\train_set\noisy\synth_01356.wav,C:\Users\jeswa\Downloads\file\data\train_set\clean\synth_01356.wav,4.5
C:\Users\jeswa\Downloads\file\data\train_set\noisy\synth_01357.wav,C:\Users\jeswa\Downloads\file\data\train_set\clean\synth_01357.wav,9.5
C:\Users\jeswa\Downloads\file\data\train_set\noisy\synth_01358.wav,C:\Users\jeswa\Downloads\file\data\train_set\clean\synth_01358.wav,1.3
C:\Users\jeswa\Downloads\file\data\train_set\noisy\synth_01359.wav,C:\Users\jeswa\Downloads\file\data\train_set\clean\synth_01359.wav,-9.0
C:\Users\jeswa\Downloads\file\data\train_set\noisy\synth_01360.wav,C:\Users\jeswa\Downloads\file\data\train_set\clean\synth_01360.wav,-2.9
C:\Users\jeswa\Downloads\file\data\train_set\noisy\synth_01361.wav,C:\Users\jeswa\Downloads\file\data\train_set\clean\synth_01361.wav,-4.5
C:\Users\jeswa\Downloads\file\data\train_set\noisy\synth_01362.wav,C:\Users\jeswa\Downloads\file\data\train_set\clean\synth_01362.wav,7.6
C:\Users\jeswa\Downloads\file\data\train_set\noisy\synth_01363.wav,C:\Users\jeswa\Downloads\file\data\train_set\clean\synth_01363.wav,6.7
C:\Users\jeswa\Downloads\file\data\train_set\noisy\synth_01364.wav,C:\Users\jeswa\Downloads\file\data\train_set\clean\synth_01364.wav,9.8
C:\Users\jeswa\Downloads\file\data\train_set\noisy\synth_01365.wav,C:\Users\jeswa\Downloads\file\data\train_set\clean\synth_01365.wav,-4.4
C:\Users\jeswa\Downloads\file\data\train_set\noisy\synth_01366.wav,C:\Users\jeswa\Downloads\file\data\train_set\clean\synth_01366.wav,-8.4
C:\Users\jeswa\Downloads\file\data\train_set\noisy\synth_01367.wav,C:\Users\jeswa\Downloads\file\data\train_set\clean\synth_01367.wav,-6.2
C:\Users\jeswa\Downloads\file\data\train_set\noisy\synth_01368.wav,C:\Users\jeswa\Downloads\file\data\train_set\clean\synth_01368.wav,5.8
C:\Users\jeswa\Downloads\file\data\train_set\noisy\synth_01369.wav,C:\Users\jeswa\Downloads\file\data\train_set\clean\synth_01369.wav,11.3
C:\Users\jeswa\Downloads\file\data\train_set\noisy\synth_01370.wav,C:\Users\jeswa\Downloads\file\data\train_set\clean\synth_01370.wav,3.9
C:\Users\jeswa\Downloads\file\data\train_set\noisy\synth_01371.wav,C:\Users\jeswa\Downloads\file\data\train_set\clean\synth_01371.wav,13.6
C:\Users\jeswa\Downloads\file\data\train_set\noisy\synth_01372.wav,C:\Users\jeswa\Downloads\file\data\train_set\clean\synth_01372.wav,13.0
C:\Users\jeswa\Downloads\file\data\train_set\noisy\synth_01373.wav,C:\Users\jeswa\Downloads\file\data\train_set\clean\synth_01373.wav,-7.7
C:\Users\jeswa\Downloads\file\data\train_set\noisy\synth_01374.wav,C:\Users\jeswa\Downloads\file\data\train_set\clean\synth_01374.wav,12.9
C:\Users\jeswa\Downloads\file\data\train_set\noisy\synth_01375.wav,C:\Users\jeswa\Downloads\file\data\train_set\clean\synth_01375.wav,3.3
C:\Users\jeswa\Downloads\file\data\train_set\noisy\synth_01376.wav,C:\Users\jeswa\Downloads\file\data\train_set\clean\synth_01376.wav,6.1
C:\Users\jeswa\Downloads\file\data\train_set\noisy\synth_01377.wav,C:\Users\jeswa\Downloads\file\data\train_set\clean\synth_01377.wav,5.6
C:\Users\jeswa\Downloads\file\data\train_set\noisy\synth_01378.wav,C:\Users\jeswa\Downloads\file\data\train_set\clean\synth_01378.wav,11.7
C:\Users\jeswa\Downloads\file\data\train_set\noisy\synth_01379.wav,C:\Users\jeswa\Downloads\file\data\train_set\clean\synth_01379.wav,13.5
C:\Users\jeswa\Downloads\file\data\train_set\noisy\synth_01380.wav,C:\Users\jeswa\Downloads\file\data\train_set\clean\synth_01380.wav,-7.3
C:\Users\jeswa\Downloads\file\data\train_set\noisy\synth_01381.wav,C:\Users\jeswa\Downloads\file\data\train_set\clean\synth_01381.wav,12.2
C:\Users\jeswa\Downloads\file\data\train_set\noisy\synth_01382.wav,C:\Users\jeswa\Downloads\file\data\train_set\clean\synth_01382.wav,-5.0
C:\Users\jeswa\Downloads\file\data\train_set\noisy\synth_01383.wav,C:\Users\jeswa\Downloads\file\data\train_set\clean\synth_01383.wav,-0.5
C:\Users\jeswa\Downloads\file\data\train_set\noisy\synth_01384.wav,C:\Users\jeswa\Downloads\file\data\train_set\clean\synth_01384.wav,-3.5
C:\Users\jeswa\Downloads\file\data\train_set\noisy\synth_01385.wav,C:\Users\jeswa\Downloads\file\data\train_set\clean\synth_01385.wav,-5.9
C:\Users\jeswa\Downloads\file\data\train_set\noisy\synth_01386.wav,C:\Users\jeswa\Downloads\file\data\train_set\clean\synth_01386.wav,11.6
C:\Users\jeswa\Downloads\file\data\train_set\noisy\synth_01387.wav,C:\Users\jeswa\Downloads\file\data\train_set\clean\synth_01387.wav,-7.6
C:\Users\jeswa\Downloads\file\data\train_set\noisy\synth_01388.wav,C:\Users\jeswa\Downloads\file\data\train_set\clean\synth_01388.wav,2.0
C:\Users\jeswa\Downloads\file\data\train_set\noisy\synth_01389.wav,C:\Users\jeswa\Downloads\file\data\train_set\clean\synth_01389.wav,-1.8
C:\Users\jeswa\Downloads\file\data\train_set\noisy\synth_01390.wav,C:\Users\jeswa\Downloads\file\data\train_set\clean\synth_01390.wav,0.7
C:\Users\jeswa\Downloads\file\data\train_set\noisy\synth_01391.wav,C:\Users\jeswa\Downloads\file\data\train_set\clean\synth_01391.wav,0.4
C:\Users\jeswa\Downloads\file\data\train_set\noisy\synth_01392.wav,C:\Users\jeswa\Downloads\file\data\train_set\clean\synth_01392.wav,13.6
C:\Users\jeswa\Downloads\file\data\train_set\noisy\synth_01393.wav,C:\Users\jeswa\Downloads\file\data\train_set\clean\synth_01393.wav,14.7
C:\Users\jeswa\Downloads\file\data\train_set\noisy\synth_01394.wav,C:\Users\jeswa\Downloads\file\data\train_set\clean\synth_01394.wav,6.0
C:\Users\jeswa\Downloads\file\data\train_set\noisy\synth_01395.wav,C:\Users\jeswa\Downloads\file\data\train_set\clean\synth_01395.wav,0.2
C:\Users\jeswa\Downloads\file\data\train_set\noisy\synth_01396.wav,C:\Users\jeswa\Downloads\file\data\train_set\clean\synth_01396.wav,3.3
C:\Users\jeswa\Downloads\file\data\train_set\noisy\synth_01397.wav,C:\Users\jeswa\Downloads\file\data\train_set\clean\synth_01397.wav,5.0
C:\Users\jeswa\Downloads\file\data\train_set\noisy\synth_01398.wav,C:\Users\jeswa\Downloads\file\data\train_set\clean\synth_01398.wav,-7.8
C:\Users\jeswa\Downloads\file\data\train_set\noisy\synth_01399.wav,C:\Users\jeswa\Downloads\file\data\train_set\clean\synth_01399.wav,-9.2
C:\Users\jeswa\Downloads\file\data\train_set\noisy\synth_01400.wav,C:\Users\jeswa\Downloads\file\data\train_set\clean\synth_01400.wav,7.7
C:\Users\jeswa\Downloads\file\data\train_set\noisy\synth_01401.wav,C:\Users\jeswa\Downloads\file\data\train_set\clean\synth_01401.wav,-6.7
C:\Users\jeswa\Downloads\file\data\train_set\noisy\synth_01402.wav,C:\Users\jeswa\Downloads\file\data\train_set\clean\synth_01402.wav,-9.5
C:\Users\jeswa\Downloads\file\data\train_set\noisy\synth_01403.wav,C:\Users\jeswa\Downloads\file\data\train_set\clean\synth_01403.wav,9.5
C:\Users\jeswa\Downloads\file\data\train_set\noisy\synth_01404.wav,C:\Users\jeswa\Downloads\file\data\train_set\clean\synth_01404.wav,-9.2
C:\Users\jeswa\Downloads\file\data\train_set\noisy\synth_01405.wav,C:\Users\jeswa\Downloads\file\data\train_set\clean\synth_01405.wav,-9.3
C:\Users\jeswa\Downloads\file\data\train_set\noisy\synth_01406.wav,C:\Users\jeswa\Downloads\file\data\train_set\clean\synth_01406.wav,3.7
C:\Users\jeswa\Downloads\file\data\train_set\noisy\synth_01407.wav,C:\Users\jeswa\Downloads\file\data\train_set\clean\synth_01407.wav,12.9
C:\Users\jeswa\Downloads\file\data\train_set\noisy\synth_01408.wav,C:\Users\jeswa\Downloads\file\data\train_set\clean\synth_01408.wav,2.4
C:\Users\jeswa\Downloads\file\data\train_set\noisy\synth_01409.wav,C:\Users\jeswa\Downloads\file\data\train_set\clean\synth_01409.wav,11.5
C:\Users\jeswa\Downloads\file\data\train_set\noisy\synth_01410.wav,C:\Users\jeswa\Downloads\file\data\train_set\clean\synth_01410.wav,0.9
C:\Users\jeswa\Downloads\file\data\train_set\noisy\synth_01411.wav,C:\Users\jeswa\Downloads\file\data\train_set\clean\synth_01411.wav,14.4
C:\Users\jeswa\Downloads\file\data\train_set\noisy\synth_01412.wav,C:\Users\jeswa\Downloads\file\data\train_set\clean\synth_01412.wav,9.4
C:\Users\jeswa\Downloads\file\data\train_set\noisy\synth_01413.wav,C:\Users\jeswa\Downloads\file\data\train_set\clean\synth_01413.wav,0.9
C:\Users\jeswa\Downloads\file\data\train_set\noisy\synth_01414.wav,C:\Users\jeswa\Downloads\file\data\train_set\clean\synth_01414.wav,-6.0
C:\Users\jeswa\Downloads\file\data\train_set\noisy\synth_01415.wav,C:\Users\jeswa\Downloads\file\data\train_set\clean\synth_01415.wav,12.4
C:\Users\jeswa\Downloads\file\data\train_set\noisy\synth_01416.wav,C:\Users\jeswa\Downloads\file\data\train_set\clean\synth_01416.wav,-4.6
C:\Users\jeswa\Downloads\file\data\train_set\noisy\synth_01417.wav,C:\Users\jeswa\Downloads\file\data\train_set\clean\synth_01417.wav,-4.5
C:\Users\jeswa\Downloads\file\data\train_set\noisy\synth_01418.wav,C:\Users\jeswa\Downloads\file\data\train_set\clean\synth_01418.wav,5.5
C:\Users\jeswa\Downloads\file\data\train_set\noisy\synth_01419.wav,C:\Users\jeswa\Downloads\file\data\train_set\clean\synth_01419.wav,-4.2
C:\Users\jeswa\Downloads\file\data\train_set\noisy\synth_01420.wav,C:\Users\jeswa\Downloads\file\data\train_set\clean\synth_01420.wav,4.2
C:\Users\jeswa\Downloads\file\data\train_set\noisy\synth_01421.wav,C:\Users\jeswa\Downloads\file\data\train_set\clean\synth_01421.wav,0.4
C:\Users\jeswa\Downloads\file\data\train_set\noisy\synth_01422.wav,C:\Users\jeswa\Downloads\file\data\train_set\clean\synth_01422.wav,9.5
C:\Users\jeswa\Downloads\file\data\train_set\noisy\synth_01423.wav,C:\Users\jeswa\Downloads\file\data\train_set\clean\synth_01423.wav,-7.5
C:\Users\jeswa\Downloads\file\data\train_set\noisy\synth_01424.wav,C:\Users\jeswa\Downloads\file\data\train_set\clean\synth_01424.wav,9.1
C:\Users\jeswa\Downloads\file\data\train_set\noisy\synth_01425.wav,C:\Users\jeswa\Downloads\file\data\train_set\clean\synth_01425.wav,10.5
C:\Users\jeswa\Downloads\file\data\train_set\noisy\synth_01426.wav,C:\Users\jeswa\Downloads\file\data\train_set\clean\synth_01426.wav,5.7
C:\Users\jeswa\Downloads\file\data\train_set\noisy\synth_01427.wav,C:\Users\jeswa\Downloads\file\data\train_set\clean\synth_01427.wav,-5.7
C:\Users\jeswa\Downloads\file\data\train_set\noisy\synth_01428.wav,C:\Users\jeswa\Downloads\file\data\train_set\clean\synth_01428.wav,1.2
C:\Users\jeswa\Downloads\file\data\train_set\noisy\synth_01429.wav,C:\Users\jeswa\Downloads\file\data\train_set\clean\synth_01429.wav,-8.5
C:\Users\jeswa\Downloads\file\data\train_set\noisy\synth_01430.wav,C:\Users\jeswa\Downloads\file\data\train_set\clean\synth_01430.wav,14.4
C:\Users\jeswa\Downloads\file\data\train_set\noisy\synth_01431.wav,C:\Users\jeswa\Downloads\file\data\train_set\clean\synth_01431.wav,12.2
C:\Users\jeswa\Downloads\file\data\train_set\noisy\synth_01432.wav,C:\Users\jeswa\Downloads\file\data\train_set\clean\synth_01432.wav,11.1
C:\Users\jeswa\Downloads\file\data\train_set\noisy\synth_01433.wav,C:\Users\jeswa\Downloads\file\data\train_set\clean\synth_01433.wav,3.4
C:\Users\jeswa\Downloads\file\data\train_set\noisy\synth_01434.wav,C:\Users\jeswa\Downloads\file\data\train_set\clean\synth_01434.wav,-1.6
C:\Users\jeswa\Downloads\file\data\train_set\noisy\synth_01435.wav,C:\Users\jeswa\Downloads\file\data\train_set\clean\synth_01435.wav,-4.7
C:\Users\jeswa\Downloads\file\data\train_set\noisy\synth_01436.wav,C:\Users\jeswa\Downloads\file\data\train_set\clean\synth_01436.wav,8.0
C:\Users\jeswa\Downloads\file\data\train_set\noisy\synth_01437.wav,C:\Users\jeswa\Downloads\file\data\train_set\clean\synth_01437.wav,11.7
C:\Users\jeswa\Downloads\file\data\train_set\noisy\synth_01438.wav,C:\Users\jeswa\Downloads\file\data\train_set\clean\synth_01438.wav,7.9
C:\Users\jeswa\Downloads\file\data\train_set\noisy\synth_01439.wav,C:\Users\jeswa\Downloads\file\data\train_set\clean\synth_01439.wav,-2.6
C:\Users\jeswa\Downloads\file\data\train_set\noisy\synth_01440.wav,C:\Users\jeswa\Downloads\file\data\train_set\clean\synth_01440.wav,10.4
C:\Users\jeswa\Downloads\file\data\train_set\noisy\synth_01441.wav,C:\Users\jeswa\Downloads\file\data\train_set\clean\synth_01441.wav,-9.9
C:\Users\jeswa\Downloads\file\data\train_set\noisy\synth_01442.wav,C:\Users\jeswa\Downloads\file\data\train_set\clean\synth_01442.wav,-1.7
C:\Users\jeswa\Downloads\file\data\train_set\noisy\synth_01443.wav,C:\Users\jeswa\Downloads\file\data\train_set\clean\synth_01443.wav,5.3
C:\Users\jeswa\Downloads\file\data\train_set\noisy\synth_01444.wav,C:\Users\jeswa\Downloads\file\data\train_set\clean\synth_01444.wav,-4.5
C:\Users\jeswa\Downloads\file\data\train_set\noisy\synth_01445.wav,C:\Users\jeswa\Downloads\file\data\train_set\clean\synth_01445.wav,0.4
C:\Users\jeswa\Downloads\file\data\train_set\noisy\synth_01446.wav,C:\Users\jeswa\Downloads\file\data\train_set\clean\synth_01446.wav,12.0
C:\Users\jeswa\Downloads\file\data\train_set\noisy\synth_01447.wav,C:\Users\jeswa\Downloads\file\data\train_set\clean\synth_01447.wav,6.2
C:\Users\jeswa\Downloads\file\data\train_set\noisy\synth_01448.wav,C:\Users\jeswa\Downloads\file\data\train_set\clean\synth_01448.wav,-7.7
C:\Users\jeswa\Downloads\file\data\train_set\noisy\synth_01449.wav,C:\Users\jeswa\Downloads\file\data\train_set\clean\synth_01449.wav,-4.9
C:\Users\jeswa\Downloads\file\data\train_set\noisy\synth_01450.wav,C:\Users\jeswa\Downloads\file\data\train_set\clean\synth_01450.wav,-1.3
C:\Users\jeswa\Downloads\file\data\train_set\noisy\synth_01451.wav,C:\Users\jeswa\Downloads\file\data\train_set\clean\synth_01451.wav,-7.3
C:\Users\jeswa\Downloads\file\data\train_set\noisy\synth_01452.wav,C:\Users\jeswa\Downloads\file\data\train_set\clean\synth_01452.wav,-7.8
C:\Users\jeswa\Downloads\file\data\train_set\noisy\synth_01453.wav,C:\Users\jeswa\Downloads\file\data\train_set\clean\synth_01453.wav,4.7
C:\Users\jeswa\Downloads\file\data\train_set\noisy\synth_01454.wav,C:\Users\jeswa\Downloads\file\data\train_set\clean\synth_01454.wav,2.2
C:\Users\jeswa\Downloads\file\data\train_set\noisy\synth_01455.wav,C:\Users\jeswa\Downloads\file\data\train_set\clean\synth_01455.wav,4.5
C:\Users\jeswa\Downloads\file\data\train_set\noisy\synth_01456.wav,C:\Users\jeswa\Downloads\file\data\train_set\clean\synth_01456.wav,3.5
C:\Users\jeswa\Downloads\file\data\train_set\noisy\synth_01457.wav,C:\Users\jeswa\Downloads\file\data\train_set\clean\synth_01457.wav,13.9
C:\Users\jeswa\Downloads\file\data\train_set\noisy\synth_01458.wav,C:\Users\jeswa\Downloads\file\data\train_set\clean\synth_01458.wav,-1.0
C:\Users\jeswa\Downloads\file\data\train_set\noisy\synth_01459.wav,C:\Users\jeswa\Downloads\file\data\train_set\clean\synth_01459.wav,-0.2
C:\Users\jeswa\Downloads\file\data\train_set\noisy\synth_01460.wav,C:\Users\jeswa\Downloads\file\data\train_set\clean\synth_01460.wav,12.9
C:\Users\jeswa\Downloads\file\data\train_set\noisy\synth_01461.wav,C:\Users\jeswa\Downloads\file\data\train_set\clean\synth_01461.wav,3.0
C:\Users\jeswa\Downloads\file\data\train_set\noisy\synth_01462.wav,C:\Users\jeswa\Downloads\file\data\train_set\clean\synth_01462.wav,9.1
C:\Users\jeswa\Downloads\file\data\train_set\noisy\synth_01463.wav,C:\Users\jeswa\Downloads\file\data\train_set\clean\synth_01463.wav,-1.7
C:\Users\jeswa\Downloads\file\data\train_set\noisy\synth_01464.wav,C:\Users\jeswa\Downloads\file\data\train_set\clean\synth_01464.wav,-5.3
C:\Users\jeswa\Downloads\file\data\train_set\noisy\synth_01465.wav,C:\Users\jeswa\Downloads\file\data\train_set\clean\synth_01465.wav,1.9
C:\Users\jeswa\Downloads\file\data\train_set\noisy\synth_01466.wav,C:\Users\jeswa\Downloads\file\data\train_set\clean\synth_01466.wav,-2.5
C:\Users\jeswa\Downloads\file\data\train_set\noisy\synth_01467.wav,C:\Users\jeswa\Downloads\file\data\train_set\clean\synth_01467.wav,-5.8
C:\Users\jeswa\Downloads\file\data\train_set\noisy\synth_01468.wav,C:\Users\jeswa\Downloads\file\data\train_set\clean\synth_01468.wav,3.7
C:\Users\jeswa\Downloads\file\data\train_set\noisy\synth_01469.wav,C:\Users\jeswa\Downloads\file\data\train_set\clean\synth_01469.wav,12.6
C:\Users\jeswa\Downloads\file\data\train_set\noisy\synth_01470.wav,C:\Users\jeswa\Downloads\file\data\train_set\clean\synth_01470.wav,-6.3
C:\Users\jeswa\Downloads\file\data\train_set\noisy\synth_01471.wav,C:\Users\jeswa\Downloads\file\data\train_set\clean\synth_01471.wav,6.7
C:\Users\jeswa\Downloads\file\data\train_set\noisy\synth_01472.wav,C:\Users\jeswa\Downloads\file\data\train_set\clean\synth_01472.wav,-5.0
C:\Users\jeswa\Downloads\file\data\train_set\noisy\synth_01473.wav,C:\Users\jeswa\Downloads\file\data\train_set\clean\synth_01473.wav,-3.1
C:\Users\jeswa\Downloads\file\data\train_set\noisy\synth_01474.wav,C:\Users\jeswa\Downloads\file\data\train_set\clean\synth_01474.wav,12.6
C:\Users\jeswa\Downloads\file\data\train_set\noisy\synth_01475.wav,C:\Users\jeswa\Downloads\file\data\train_set\clean\synth_01475.wav,3.8
C:\Users\jeswa\Downloads\file\data\train_set\noisy\synth_01476.wav,C:\Users\jeswa\Downloads\file\data\train_set\clean\synth_01476.wav,-8.4
C:\Users\jeswa\Downloads\file\data\train_set\noisy\synth_01477.wav,C:\Users\jeswa\Downloads\file\data\train_set\clean\synth_01477.wav,-1.7
C:\Users\jeswa\Downloads\file\data\train_set\noisy\synth_01478.wav,C:\Users\jeswa\Downloads\file\data\train_set\clean\synth_01478.wav,4.9
C:\Users\jeswa\Downloads\file\data\train_set\noisy\synth_01479.wav,C:\Users\jeswa\Downloads\file\data\train_set\clean\synth_01479.wav,-9.3
C:\Users\jeswa\Downloads\file\data\train_set\noisy\synth_01480.wav,C:\Users\jeswa\Downloads\file\data\train_set\clean\synth_01480.wav,-9.5
C:\Users\jeswa\Downloads\file\data\train_set\noisy\synth_01481.wav,C:\Users\jeswa\Downloads\file\data\train_set\clean\synth_01481.wav,10.0
C:\Users\jeswa\Downloads\file\data\train_set\noisy\synth_01482.wav,C:\Users\jeswa\Downloads\file\data\train_set\clean\synth_01482.wav,10.4
C:\Users\jeswa\Downloads\file\data\train_set\noisy\synth_01483.wav,C:\Users\jeswa\Downloads\file\data\train_set\clean\synth_01483.wav,6.7
C:\Users\jeswa\Downloads\file\data\train_set\noisy\synth_01484.wav,C:\Users\jeswa\Downloads\file\data\train_set\clean\synth_01484.wav,-3.1
C:\Users\jeswa\Downloads\file\data\train_set\noisy\synth_01485.wav,C:\Users\jeswa\Downloads\file\data\train_set\clean\synth_01485.wav,8.9
C:\Users\jeswa\Downloads\file\data\train_set\noisy\synth_01486.wav,C:\Users\jeswa\Downloads\file\data\train_set\clean\synth_01486.wav,-9.1
C:\Users\jeswa\Downloads\file\data\train_set\noisy\synth_01487.wav,C:\Users\jeswa\Downloads\file\data\train_set\clean\synth_01487.wav,6.7
C:\Users\jeswa\Downloads\file\data\train_set\noisy\synth_01488.wav,C:\Users\jeswa\Downloads\file\data\train_set\clean\synth_01488.wav,0.3
C:\Users\jeswa\Downloads\file\data\train_set\noisy\synth_01489.wav,C:\Users\jeswa\Downloads\file\data\train_set\clean\synth_01489.wav,12.1
C:\Users\jeswa\Downloads\file\data\train_set\noisy\synth_01490.wav,C:\Users\jeswa\Downloads\file\data\train_set\clean\synth_01490.wav,10.8
C:\Users\jeswa\Downloads\file\data\train_set\noisy\synth_01491.wav,C:\Users\jeswa\Downloads\file\data\train_set\clean\synth_01491.wav,5.6
C:\Users\jeswa\Downloads\file\data\train_set\noisy\synth_01492.wav,C:\Users\jeswa\Downloads\file\data\train_set\clean\synth_01492.wav,-4.9
C:\Users\jeswa\Downloads\file\data\train_set\noisy\synth_01493.wav,C:\Users\jeswa\Downloads\file\data\train_set\clean\synth_01493.wav,-1.9
C:\Users\jeswa\Downloads\file\data\train_set\noisy\synth_01494.wav,C:\Users\jeswa\Downloads\file\data\train_set\clean\synth_01494.wav,5.0
C:\Users\jeswa\Downloads\file\data\train_set\noisy\synth_01495.wav,C:\Users\jeswa\Downloads\file\data\train_set\clean\synth_01495.wav,1.7
C:\Users\jeswa\Downloads\file\data\train_set\noisy\synth_01496.wav,C:\Users\jeswa\Downloads\file\data\train_set\clean\synth_01496.wav,11.4
C:\Users\jeswa\Downloads\file\data\train_set\noisy\synth_01497.wav,C:\Users\jeswa\Downloads\file\data\train_set\clean\synth_01497.wav,-3.4
C:\Users\jeswa\Downloads\file\data\train_set\noisy\synth_01498.wav,C:\Users\jeswa\Downloads\file\data\train_set\clean\synth_01498.wav,-8.0
C:\Users\jeswa\Downloads\file\data\train_set\noisy\synth_01499.wav,C:\Users\jeswa\Downloads\file\data\train_set\clean\synth_01499.wav,-8.5
C:\Users\jeswa\Downloads\file\data\train_set\noisy\synth_01500.wav,C:\Users\jeswa\Downloads\file\data\train_set\clean\synth_01500.wav,11.8
C:\Users\jeswa\Downloads\file\data\train_set\noisy\synth_01501.wav,C:\Users\jeswa\Downloads\file\data\train_set\clean\synth_01501.wav,9.7
C:\Users\jeswa\Downloads\file\data\train_set\noisy\synth_01502.wav,C:\Users\jeswa\Downloads\file\data\train_set\clean\synth_01502.wav,15.0
C:\Users\jeswa\Downloads\file\data\train_set\noisy\synth_01503.wav,C:\Users\jeswa\Downloads\file\data\train_set\clean\synth_01503.wav,9.3
C:\Users\jeswa\Downloads\file\data\train_set\noisy\synth_01504.wav,C:\Users\jeswa\Downloads\file\data\train_set\clean\synth_01504.wav,0.7
C:\Users\jeswa\Downloads\file\data\train_set\noisy\synth_01505.wav,C:\Users\jeswa\Downloads\file\data\train_set\clean\synth_01505.wav,-9.8
C:\Users\jeswa\Downloads\file\data\train_set\noisy\synth_01506.wav,C:\Users\jeswa\Downloads\file\data\train_set\clean\synth_01506.wav,2.3
C:\Users\jeswa\Downloads\file\data\train_set\noisy\synth_01507.wav,C:\Users\jeswa\Downloads\file\data\train_set\clean\synth_01507.wav,8.6
C:\Users\jeswa\Downloads\file\data\train_set\noisy\synth_01508.wav,C:\Users\jeswa\Downloads\file\data\train_set\clean\synth_01508.wav,6.0
C:\Users\jeswa\Downloads\file\data\train_set\noisy\synth_01509.wav,C:\Users\jeswa\Downloads\file\data\train_set\clean\synth_01509.wav,-5.6
C:\Users\jeswa\Downloads\file\data\train_set\noisy\synth_01510.wav,C:\Users\jeswa\Downloads\file\data\train_set\clean\synth_01510.wav,8.4
C:\Users\jeswa\Downloads\file\data\train_set\noisy\synth_01511.wav,C:\Users\jeswa\Downloads\file\data\train_set\clean\synth_01511.wav,-5.7
C:\Users\jeswa\Downloads\file\data\train_set\noisy\synth_01512.wav,C:\Users\jeswa\Downloads\file\data\train_set\clean\synth_01512.wav,4.1
C:\Users\jeswa\Downloads\file\data\train_set\noisy\synth_01513.wav,C:\Users\jeswa\Downloads\file\data\train_set\clean\synth_01513.wav,11.6
C:\Users\jeswa\Downloads\file\data\train_set\noisy\synth_01514.wav,C:\Users\jeswa\Downloads\file\data\train_set\clean\synth_01514.wav,6.2
C:\Users\jeswa\Downloads\file\data\train_set\noisy\synth_01515.wav,C:\Users\jeswa\Downloads\file\data\train_set\clean\synth_01515.wav,2.1
C:\Users\jeswa\Downloads\file\data\train_set\noisy\synth_01516.wav,C:\Users\jeswa\Downloads\file\data\train_set\clean\synth_01516.wav,4.8
C:\Users\jeswa\Downloads\file\data\train_set\noisy\synth_01517.wav,C:\Users\jeswa\Downloads\file\data\train_set\clean\synth_01517.wav,5.4
C:\Users\jeswa\Downloads\file\data\train_set\noisy\synth_01518.wav,C:\Users\jeswa\Downloads\file\data\train_set\clean\synth_01518.wav,-8.9
C:\Users\jeswa\Downloads\file\data\train_set\noisy\synth_01519.wav,C:\Users\jeswa\Downloads\file\data\train_set\clean\synth_01519.wav,14.2
C:\Users\jeswa\Downloads\file\data\train_set\noisy\synth_01520.wav,C:\Users\jeswa\Downloads\file\data\train_set\clean\synth_01520.wav,2.9
C:\Users\jeswa\Downloads\file\data\train_set\noisy\synth_01521.wav,C:\Users\jeswa\Downloads\file\data\train_set\clean\synth_01521.wav,-5.3
C:\Users\jeswa\Downloads\file\data\train_set\noisy\synth_01522.wav,C:\Users\jeswa\Downloads\file\data\train_set\clean\synth_01522.wav,-7.3
C:\Users\jeswa\Downloads\file\data\train_set\noisy\synth_01523.wav,C:\Users\jeswa\Downloads\file\data\train_set\clean\synth_01523.wav,10.4
C:\Users\jeswa\Downloads\file\data\train_set\noisy\synth_01524.wav,C:\Users\jeswa\Downloads\file\data\train_set\clean\synth_01524.wav,-5.8
C:\Users\jeswa\Downloads\file\data\train_set\noisy\synth_01525.wav,C:\Users\jeswa\Downloads\file\data\train_set\clean\synth_01525.wav,10.5
C:\Users\jeswa\Downloads\file\data\train_set\noisy\synth_01526.wav,C:\Users\jeswa\Downloads\file\data\train_set\clean\synth_01526.wav,-3.8
C:\Users\jeswa\Downloads\file\data\train_set\noisy\synth_01527.wav,C:\Users\jeswa\Downloads\file\data\train_set\clean\synth_01527.wav,12.6
C:\Users\jeswa\Downloads\file\data\train_set\noisy\synth_01528.wav,C:\Users\jeswa\Downloads\file\data\train_set\clean\synth_01528.wav,10.0
C:\Users\jeswa\Downloads\file\data\train_set\noisy\synth_01529.wav,C:\Users\jeswa\Downloads\file\data\train_set\clean\synth_01529.wav,8.8
C:\Users\jeswa\Downloads\file\data\train_set\noisy\synth_01530.wav,C:\Users\jeswa\Downloads\file\data\train_set\clean\synth_01530.wav,7.4
C:\Users\jeswa\Downloads\file\data\train_set\noisy\synth_01531.wav,C:\Users\jeswa\Downloads\file\data\train_set\clean\synth_01531.wav,-1.9
C:\Users\jeswa\Downloads\file\data\train_set\noisy\synth_01532.wav,C:\Users\jeswa\Downloads\file\data\train_set\clean\synth_01532.wav,10.0
C:\Users\jeswa\Downloads\file\data\train_set\noisy\synth_01533.wav,C:\Users\jeswa\Downloads\file\data\train_set\clean\synth_01533.wav,3.1
C:\Users\jeswa\Downloads\file\data\train_set\noisy\synth_01534.wav,C:\Users\jeswa\Downloads\file\data\train_set\clean\synth_01534.wav,-4.9
C:\Users\jeswa\Downloads\file\data\train_set\noisy\synth_01535.wav,C:\Users\jeswa\Downloads\file\data\train_set\clean\synth_01535.wav,11.1
C:\Users\jeswa\Downloads\file\data\train_set\noisy\synth_01536.wav,C:\Users\jeswa\Downloads\file\data\train_set\clean\synth_01536.wav,6.4
C:\Users\jeswa\Downloads\file\data\train_set\noisy\synth_01537.wav,C:\Users\jeswa\Downloads\file\data\train_set\clean\synth_01537.wav,-2.2
C:\Users\jeswa\Downloads\file\data\train_set\noisy\synth_01538.wav,C:\Users\jeswa\Downloads\file\data\train_set\clean\synth_01538.wav,-4.2
C:\Users\jeswa\Downloads\file\data\train_set\noisy\synth_01539.wav,C:\Users\jeswa\Downloads\file\data\train_set\clean\synth_01539.wav,-6.1
C:\Users\jeswa\Downloads\file\data\train_set\noisy\synth_01540.wav,C:\Users\jeswa\Downloads\file\data\train_set\clean\synth_01540.wav,5.4
C:\Users\jeswa\Downloads\file\data\train_set\noisy\synth_01541.wav,C:\Users\jeswa\Downloads\file\data\train_set\clean\synth_01541.wav,-6.3
C:\Users\jeswa\Downloads\file\data\train_set\noisy\synth_01542.wav,C:\Users\jeswa\Downloads\file\data\train_set\clean\synth_01542.wav,12.9
C:\Users\jeswa\Downloads\file\data\train_set\noisy\synth_01543.wav,C:\Users\jeswa\Downloads\file\data\train_set\clean\synth_01543.wav,13.9
C:\Users\jeswa\Downloads\file\data\train_set\noisy\synth_01544.wav,C:\Users\jeswa\Downloads\file\data\train_set\clean\synth_01544.wav,1.8
C:\Users\jeswa\Downloads\file\data\train_set\noisy\synth_01545.wav,C:\Users\jeswa\Downloads\file\data\train_set\clean\synth_01545.wav,-1.6
C:\Users\jeswa\Downloads\file\data\train_set\noisy\synth_01546.wav,C:\Users\jeswa\Downloads\file\data\train_set\clean\synth_01546.wav,5.6
C:\Users\jeswa\Downloads\file\data\train_set\noisy\synth_01547.wav,C:\Users\jeswa\Downloads\file\data\train_set\clean\synth_01547.wav,0.6
C:\Users\jeswa\Downloads\file\data\train_set\noisy\synth_01548.wav,C:\Users\jeswa\Downloads\file\data\train_set\clean\synth_01548.wav,-8.1
C:\Users\jeswa\Downloads\file\data\train_set\noisy\synth_01549.wav,C:\Users\jeswa\Downloads\file\data\train_set\clean\synth_01549.wav,-5.2
C:\Users\jeswa\Downloads\file\data\train_set\noisy\synth_01550.wav,C:\Users\jeswa\Downloads\file\data\train_set\clean\synth_01550.wav,13.2
C:\Users\jeswa\Downloads\file\data\train_set\noisy\synth_01551.wav,C:\Users\jeswa\Downloads\file\data\train_set\clean\synth_01551.wav,-3.7
C:\Users\jeswa\Downloads\file\data\train_set\noisy\synth_01552.wav,C:\Users\jeswa\Downloads\file\data\train_set\clean\synth_01552.wav,-6.3
C:\Users\jeswa\Downloads\file\data\train_set\noisy\synth_01553.wav,C:\Users\jeswa\Downloads\file\data\train_set\clean\synth_01553.wav,11.1
C:\Users\jeswa\Downloads\file\data\train_set\noisy\synth_01554.wav,C:\Users\jeswa\Downloads\file\data\train_set\clean\synth_01554.wav,-9.3
C:\Users\jeswa\Downloads\file\data\train_set\noisy\synth_01555.wav,C:\Users\jeswa\Downloads\file\data\train_set\clean\synth_01555.wav,11.7
C:\Users\jeswa\Downloads\file\data\train_set\noisy\synth_01556.wav,C:\Users\jeswa\Downloads\file\data\train_set\clean\synth_01556.wav,9.9
C:\Users\jeswa\Downloads\file\data\train_set\noisy\synth_01557.wav,C:\Users\jeswa\Downloads\file\data\train_set\clean\synth_01557.wav,-4.2
C:\Users\jeswa\Downloads\file\data\train_set\noisy\synth_01558.wav,C:\Users\jeswa\Downloads\file\data\train_set\clean\synth_01558.wav,7.5
C:\Users\jeswa\Downloads\file\data\train_set\noisy\synth_01559.wav,C:\Users\jeswa\Downloads\file\data\train_set\clean\synth_01559.wav,-2.8
C:\Users\jeswa\Downloads\file\data\train_set\noisy\synth_01560.wav,C:\Users\jeswa\Downloads\file\data\train_set\clean\synth_01560.wav,-5.0
C:\Users\jeswa\Downloads\file\data\train_set\noisy\synth_01561.wav,C:\Users\jeswa\Downloads\file\data\train_set\clean\synth_01561.wav,-8.6
C:\Users\jeswa\Downloads\file\data\train_set\noisy\synth_01562.wav,C:\Users\jeswa\Downloads\file\data\train_set\clean\synth_01562.wav,9.3
C:\Users\jeswa\Downloads\file\data\train_set\noisy\synth_01563.wav,C:\Users\jeswa\Downloads\file\data\train_set\clean\synth_01563.wav,10.6
C:\Users\jeswa\Downloads\file\data\train_set\noisy\synth_01564.wav,C:\Users\jeswa\Downloads\file\data\train_set\clean\synth_01564.wav,1.6
C:\Users\jeswa\Downloads\file\data\train_set\noisy\synth_01565.wav,C:\Users\jeswa\Downloads\file\data\train_set\clean\synth_01565.wav,-1.4
C:\Users\jeswa\Downloads\file\data\train_set\noisy\synth_01566.wav,C:\Users\jeswa\Downloads\file\data\train_set\clean\synth_01566.wav,12.1
C:\Users\jeswa\Downloads\file\data\train_set\noisy\synth_01567.wav,C:\Users\jeswa\Downloads\file\data\train_set\clean\synth_01567.wav,8.0
C:\Users\jeswa\Downloads\file\data\train_set\noisy\synth_01568.wav,C:\Users\jeswa\Downloads\file\data\train_set\clean\synth_01568.wav,7.5
C:\Users\jeswa\Downloads\file\data\train_set\noisy\synth_01569.wav,C:\Users\jeswa\Downloads\file\data\train_set\clean\synth_01569.wav,14.7
C:\Users\jeswa\Downloads\file\data\train_set\noisy\synth_01570.wav,C:\Users\jeswa\Downloads\file\data\train_set\clean\synth_01570.wav,-0.2
C:\Users\jeswa\Downloads\file\data\train_set\noisy\synth_01571.wav,C:\Users\jeswa\Downloads\file\data\train_set\clean\synth_01571.wav,8.9
C:\Users\jeswa\Downloads\file\data\train_set\noisy\synth_01572.wav,C:\Users\jeswa\Downloads\file\data\train_set\clean\synth_01572.wav,-6.9
C:\Users\jeswa\Downloads\file\data\train_set\noisy\synth_01573.wav,C:\Users\jeswa\Downloads\file\data\train_set\clean\synth_01573.wav,-6.7
C:\Users\jeswa\Downloads\file\data\train_set\noisy\synth_01574.wav,C:\Users\jeswa\Downloads\file\data\train_set\clean\synth_01574.wav,-8.7
C:\Users\jeswa\Downloads\file\data\train_set\noisy\synth_01575.wav,C:\Users\jeswa\Downloads\file\data\train_set\clean\synth_01575.wav,-3.3
C:\Users\jeswa\Downloads\file\data\train_set\noisy\synth_01576.wav,C:\Users\jeswa\Downloads\file\data\train_set\clean\synth_01576.wav,14.2
C:\Users\jeswa\Downloads\file\data\train_set\noisy\synth_01577.wav,C:\Users\jeswa\Downloads\file\data\train_set\clean\synth_01577.wav,-4.9
C:\Users\jeswa\Downloads\file\data\train_set\noisy\synth_01578.wav,C:\Users\jeswa\Downloads\file\data\train_set\clean\synth_01578.wav,-6.8
C:\Users\jeswa\Downloads\file\data\train_set\noisy\synth_01579.wav,C:\Users\jeswa\Downloads\file\data\train_set\clean\synth_01579.wav,-4.2
C:\Users\jeswa\Downloads\file\data\train_set\noisy\synth_01580.wav,C:\Users\jeswa\Downloads\file\data\train_set\clean\synth_01580.wav,-4.1
C:\Users\jeswa\Downloads\file\data\train_set\noisy\synth_01581.wav,C:\Users\jeswa\Downloads\file\data\train_set\clean\synth_01581.wav,1.0
C:\Users\jeswa\Downloads\file\data\train_set\noisy\synth_01582.wav,C:\Users\jeswa\Downloads\file\data\train_set\clean\synth_01582.wav,-4.9
C:\Users\jeswa\Downloads\file\data\train_set\noisy\synth_01583.wav,C:\Users\jeswa\Downloads\file\data\train_set\clean\synth_01583.wav,1.2
C:\Users\jeswa\Downloads\file\data\train_set\noisy\synth_01584.wav,C:\Users\jeswa\Downloads\file\data\train_set\clean\synth_01584.wav,-9.5
C:\Users\jeswa\Downloads\file\data\train_set\noisy\synth_01585.wav,C:\Users\jeswa\Downloads\file\data\train_set\clean\synth_01585.wav,12.9
C:\Users\jeswa\Downloads\file\data\train_set\noisy\synth_01586.wav,C:\Users\jeswa\Downloads\file\data\train_set\clean\synth_01586.wav,-0.6
C:\Users\jeswa\Downloads\file\data\train_set\noisy\synth_01587.wav,C:\Users\jeswa\Downloads\file\data\train_set\clean\synth_01587.wav,12.5
C:\Users\jeswa\Downloads\file\data\train_set\noisy\synth_01588.wav,C:\Users\jeswa\Downloads\file\data\train_set\clean\synth_01588.wav,6.3
C:\Users\jeswa\Downloads\file\data\train_set\noisy\synth_01589.wav,C:\Users\jeswa\Downloads\file\data\train_set\clean\synth_01589.wav,-9.3
C:\Users\jeswa\Downloads\file\data\train_set\noisy\synth_01590.wav,C:\Users\jeswa\Downloads\file\data\train_set\clean\synth_01590.wav,-6.1
C:\Users\jeswa\Downloads\file\data\train_set\noisy\synth_01591.wav,C:\Users\jeswa\Downloads\file\data\train_set\clean\synth_01591.wav,8.1
C:\Users\jeswa\Downloads\file\data\train_set\noisy\synth_01592.wav,C:\Users\jeswa\Downloads\file\data\train_set\clean\synth_01592.wav,-7.5
C:\Users\jeswa\Downloads\file\data\train_set\noisy\synth_01593.wav,C:\Users\jeswa\Downloads\file\data\train_set\clean\synth_01593.wav,12.9
C:\Users\jeswa\Downloads\file\data\train_set\noisy\synth_01594.wav,C:\Users\jeswa\Downloads\file\data\train_set\clean\synth_01594.wav,3.7
C:\Users\jeswa\Downloads\file\data\train_set\noisy\synth_01595.wav,C:\Users\jeswa\Downloads\file\data\train_set\clean\synth_01595.wav,10.7
C:\Users\jeswa\Downloads\file\data\train_set\noisy\synth_01596.wav,C:\Users\jeswa\Downloads\file\data\train_set\clean\synth_01596.wav,1.3
C:\Users\jeswa\Downloads\file\data\train_set\noisy\synth_01597.wav,C:\Users\jeswa\Downloads\file\data\train_set\clean\synth_01597.wav,-0.2
C:\Users\jeswa\Downloads\file\data\train_set\noisy\synth_01598.wav,C:\Users\jeswa\Downloads\file\data\train_set\clean\synth_01598.wav,12.9
C:\Users\jeswa\Downloads\file\data\train_set\noisy\synth_01599.wav,C:\Users\jeswa\Downloads\file\data\train_set\clean\synth_01599.wav,-5.0
C:\Users\jeswa\Downloads\file\data\train_set\noisy\synth_01600.wav,C:\Users\jeswa\Downloads\file\data\train_set\clean\synth_01600.wav,-9.5
C:\Users\jeswa\Downloads\file\data\train_set\noisy\synth_01601.wav,C:\Users\jeswa\Downloads\file\data\train_set\clean\synth_01601.wav,-3.5
C:\Users\jeswa\Downloads\file\data\train_set\noisy\synth_01602.wav,C:\Users\jeswa\Downloads\file\data\train_set\clean\synth_01602.wav,-9.4
C:\Users\jeswa\Downloads\file\data\train_set\noisy\synth_01603.wav,C:\Users\jeswa\Downloads\file\data\train_set\clean\synth_01603.wav,-2.3
C:\Users\jeswa\Downloads\file\data\train_set\noisy\synth_01604.wav,C:\Users\jeswa\Downloads\file\data\train_set\clean\synth_01604.wav,-7.9
C:\Users\jeswa\Downloads\file\data\train_set\noisy\synth_01605.wav,C:\Users\jeswa\Downloads\file\data\train_set\clean\synth_01605.wav,3.4
C:\Users\jeswa\Downloads\file\data\train_set\noisy\synth_01606.wav,C:\Users\jeswa\Downloads\file\data\train_set\clean\synth_01606.wav,0.8
C:\Users\jeswa\Downloads\file\data\train_set\noisy\synth_01607.wav,C:\Users\jeswa\Downloads\file\data\train_set\clean\synth_01607.wav,2.0
C:\Users\jeswa\Downloads\file\data\train_set\noisy\synth_01608.wav,C:\Users\jeswa\Downloads\file\data\train_set\clean\synth_01608.wav,10.0
C:\Users\jeswa\Downloads\file\data\train_set\noisy\synth_01609.wav,C:\Users\jeswa\Downloads\file\data\train_set\clean\synth_01609.wav,10.8
C:\Users\jeswa\Downloads\file\data\train_set\noisy\synth_01610.wav,C:\Users\jeswa\Downloads\file\data\train_set\clean\synth_01610.wav,4.3
C:\Users\jeswa\Downloads\file\data\train_set\noisy\synth_01611.wav,C:\Users\jeswa\Downloads\file\data\train_set\clean\synth_01611.wav,9.2
C:\Users\jeswa\Downloads\file\data\train_set\noisy\synth_01612.wav,C:\Users\jeswa\Downloads\file\data\train_set\clean\synth_01612.wav,14.3
C:\Users\jeswa\Downloads\file\data\train_set\noisy\synth_01613.wav,C:\Users\jeswa\Downloads\file\data\train_set\clean\synth_01613.wav,13.6
C:\Users\jeswa\Downloads\file\data\train_set\noisy\synth_01614.wav,C:\Users\jeswa\Downloads\file\data\train_set\clean\synth_01614.wav,2.2
C:\Users\jeswa\Downloads\file\data\train_set\noisy\synth_01615.wav,C:\Users\jeswa\Downloads\file\data\train_set\clean\synth_01615.wav,-7.1
C:\Users\jeswa\Downloads\file\data\train_set\noisy\synth_01616.wav,C:\Users\jeswa\Downloads\file\data\train_set\clean\synth_01616.wav,14.3
C:\Users\jeswa\Downloads\file\data\train_set\noisy\synth_01617.wav,C:\Users\jeswa\Downloads\file\data\train_set\clean\synth_01617.wav,6.8
C:\Users\jeswa\Downloads\file\data\train_set\noisy\synth_01618.wav,C:\Users\jeswa\Downloads\file\data\train_set\clean\synth_01618.wav,-9.1
C:\Users\jeswa\Downloads\file\data\train_set\noisy\synth_01619.wav,C:\Users\jeswa\Downloads\file\data\train_set\clean\synth_01619.wav,12.4
C:\Users\jeswa\Downloads\file\data\train_set\noisy\synth_01620.wav,C:\Users\jeswa\Downloads\file\data\train_set\clean\synth_01620.wav,3.8
C:\Users\jeswa\Downloads\file\data\train_set\noisy\synth_01621.wav,C:\Users\jeswa\Downloads\file\data\train_set\clean\synth_01621.wav,13.6
C:\Users\jeswa\Downloads\file\data\train_set\noisy\synth_01622.wav,C:\Users\jeswa\Downloads\file\data\train_set\clean\synth_01622.wav,8.1
C:\Users\jeswa\Downloads\file\data\train_set\noisy\synth_01623.wav,C:\Users\jeswa\Downloads\file\data\train_set\clean\synth_01623.wav,5.1
C:\Users\jeswa\Downloads\file\data\train_set\noisy\synth_01624.wav,C:\Users\jeswa\Downloads\file\data\train_set\clean\synth_01624.wav,0.9
C:\Users\jeswa\Downloads\file\data\train_set\noisy\synth_01625.wav,C:\Users\jeswa\Downloads\file\data\train_set\clean\synth_01625.wav,-0.9
C:\Users\jeswa\Downloads\file\data\train_set\noisy\synth_01626.wav,C:\Users\jeswa\Downloads\file\data\train_set\clean\synth_01626.wav,5.8
C:\Users\jeswa\Downloads\file\data\train_set\noisy\synth_01627.wav,C:\Users\jeswa\Downloads\file\data\train_set\clean\synth_01627.wav,10.3
C:\Users\jeswa\Downloads\file\data\train_set\noisy\synth_01628.wav,C:\Users\jeswa\Downloads\file\data\train_set\clean\synth_01628.wav,5.9
C:\Users\jeswa\Downloads\file\data\train_set\noisy\synth_01629.wav,C:\Users\jeswa\Downloads\file\data\train_set\clean\synth_01629.wav,-0.9
C:\Users\jeswa\Downloads\file\data\train_set\noisy\synth_01630.wav,C:\Users\jeswa\Downloads\file\data\train_set\clean\synth_01630.wav,2.0
C:\Users\jeswa\Downloads\file\data\train_set\noisy\synth_01631.wav,C:\Users\jeswa\Downloads\file\data\train_set\clean\synth_01631.wav,-2.6
C:\Users\jeswa\Downloads\file\data\train_set\noisy\synth_01632.wav,C:\Users\jeswa\Downloads\file\data\train_set\clean\synth_01632.wav,-8.2
C:\Users\jeswa\Downloads\file\data\train_set\noisy\synth_01633.wav,C:\Users\jeswa\Downloads\file\data\train_set\clean\synth_01633.wav,-0.6
C:\Users\jeswa\Downloads\file\data\train_set\noisy\synth_01634.wav,C:\Users\jeswa\Downloads\file\data\train_set\clean\synth_01634.wav,7.8
C:\Users\jeswa\Downloads\file\data\train_set\noisy\synth_01635.wav,C:\Users\jeswa\Downloads\file\data\train_set\clean\synth_01635.wav,-2.7
C:\Users\jeswa\Downloads\file\data\train_set\noisy\synth_01636.wav,C:\Users\jeswa\Downloads\file\data\train_set\clean\synth_01636.wav,5.3
C:\Users\jeswa\Downloads\file\data\train_set\noisy\synth_01637.wav,C:\Users\jeswa\Downloads\file\data\train_set\clean\synth_01637.wav,-8.3
C:\Users\jeswa\Downloads\file\data\train_set\noisy\synth_01638.wav,C:\Users\jeswa\Downloads\file\data\train_set\clean\synth_01638.wav,-3.6
C:\Users\jeswa\Downloads\file\data\train_set\noisy\synth_01639.wav,C:\Users\jeswa\Downloads\file\data\train_set\clean\synth_01639.wav,-7.3
C:\Users\jeswa\Downloads\file\data\train_set\noisy\synth_01640.wav,C:\Users\jeswa\Downloads\file\data\train_set\clean\synth_01640.wav,4.8
C:\Users\jeswa\Downloads\file\data\train_set\noisy\synth_01641.wav,C:\Users\jeswa\Downloads\file\data\train_set\clean\synth_01641.wav,11.3
C:\Users\jeswa\Downloads\file\data\train_set\noisy\synth_01642.wav,C:\Users\jeswa\Downloads\file\data\train_set\clean\synth_01642.wav,-7.9
C:\Users\jeswa\Downloads\file\data\train_set\noisy\synth_01643.wav,C:\Users\jeswa\Downloads\file\data\train_set\clean\synth_01643.wav,1.3
C:\Users\jeswa\Downloads\file\data\train_set\noisy\synth_01644.wav,C:\Users\jeswa\Downloads\file\data\train_set\clean\synth_01644.wav,2.4
C:\Users\jeswa\Downloads\file\data\train_set\noisy\synth_01645.wav,C:\Users\jeswa\Downloads\file\data\train_set\clean\synth_01645.wav,1.7
C:\Users\jeswa\Downloads\file\data\train_set\noisy\synth_01646.wav,C:\Users\jeswa\Downloads\file\data\train_set\clean\synth_01646.wav,0.5
C:\Users\jeswa\Downloads\file\data\train_set\noisy\synth_01647.wav,C:\Users\jeswa\Downloads\file\data\train_set\clean\synth_01647.wav,-0.1
C:\Users\jeswa\Downloads\file\data\train_set\noisy\synth_01648.wav,C:\Users\jeswa\Downloads\file\data\train_set\clean\synth_01648.wav,12.4
C:\Users\jeswa\Downloads\file\data\train_set\noisy\synth_01649.wav,C:\Users\jeswa\Downloads\file\data\train_set\clean\synth_01649.wav,-1.2
C:\Users\jeswa\Downloads\file\data\train_set\noisy\synth_01650.wav,C:\Users\jeswa\Downloads\file\data\train_set\clean\synth_01650.wav,9.5
C:\Users\jeswa\Downloads\file\data\train_set\noisy\synth_01651.wav,C:\Users\jeswa\Downloads\file\data\train_set\clean\synth_01651.wav,-6.3
C:\Users\jeswa\Downloads\file\data\train_set\noisy\synth_01652.wav,C:\Users\jeswa\Downloads\file\data\train_set\clean\synth_01652.wav,3.8
C:\Users\jeswa\Downloads\file\data\train_set\noisy\synth_01653.wav,C:\Users\jeswa\Downloads\file\data\train_set\clean\synth_01653.wav,14.0
C:\Users\jeswa\Downloads\file\data\train_set\noisy\synth_01654.wav,C:\Users\jeswa\Downloads\file\data\train_set\clean\synth_01654.wav,13.6
C:\Users\jeswa\Downloads\file\data\train_set\noisy\synth_01655.wav,C:\Users\jeswa\Downloads\file\data\train_set\clean\synth_01655.wav,1.8
C:\Users\jeswa\Downloads\file\data\train_set\noisy\synth_01656.wav,C:\Users\jeswa\Downloads\file\data\train_set\clean\synth_01656.wav,10.2
C:\Users\jeswa\Downloads\file\data\train_set\noisy\synth_01657.wav,C:\Users\jeswa\Downloads\file\data\train_set\clean\synth_01657.wav,9.3
C:\Users\jeswa\Downloads\file\data\train_set\noisy\synth_01658.wav,C:\Users\jeswa\Downloads\file\data\train_set\clean\synth_01658.wav,7.5
C:\Users\jeswa\Downloads\file\data\train_set\noisy\synth_01659.wav,C:\Users\jeswa\Downloads\file\data\train_set\clean\synth_01659.wav,13.2
C:\Users\jeswa\Downloads\file\data\train_set\noisy\synth_01660.wav,C:\Users\jeswa\Downloads\file\data\train_set\clean\synth_01660.wav,11.8
C:\Users\jeswa\Downloads\file\data\train_set\noisy\synth_01661.wav,C:\Users\jeswa\Downloads\file\data\train_set\clean\synth_01661.wav,13.7
C:\Users\jeswa\Downloads\file\data\train_set\noisy\synth_01662.wav,C:\Users\jeswa\Downloads\file\data\train_set\clean\synth_01662.wav,2.8
C:\Users\jeswa\Downloads\file\data\train_set\noisy\synth_01663.wav,C:\Users\jeswa\Downloads\file\data\train_set\clean\synth_01663.wav,-1.6
C:\Users\jeswa\Downloads\file\data\train_set\noisy\synth_01664.wav,C:\Users\jeswa\Downloads\file\data\train_set\clean\synth_01664.wav,-6.2
C:\Users\jeswa\Downloads\file\data\train_set\noisy\synth_01665.wav,C:\Users\jeswa\Downloads\file\data\train_set\clean\synth_01665.wav,-5.6
C:\Users\jeswa\Downloads\file\data\train_set\noisy\synth_01666.wav,C:\Users\jeswa\Downloads\file\data\train_set\clean\synth_01666.wav,-3.7
C:\Users\jeswa\Downloads\file\data\train_set\noisy\synth_01667.wav,C:\Users\jeswa\Downloads\file\data\train_set\clean\synth_01667.wav,-5.5
C:\Users\jeswa\Downloads\file\data\train_set\noisy\synth_01668.wav,C:\Users\jeswa\Downloads\file\data\train_set\clean\synth_01668.wav,8.0
C:\Users\jeswa\Downloads\file\data\train_set\noisy\synth_01669.wav,C:\Users\jeswa\Downloads\file\data\train_set\clean\synth_01669.wav,-1.4
C:\Users\jeswa\Downloads\file\data\train_set\noisy\synth_01670.wav,C:\Users\jeswa\Downloads\file\data\train_set\clean\synth_01670.wav,5.8
C:\Users\jeswa\Downloads\file\data\train_set\noisy\synth_01671.wav,C:\Users\jeswa\Downloads\file\data\train_set\clean\synth_01671.wav,4.3
C:\Users\jeswa\Downloads\file\data\train_set\noisy\synth_01672.wav,C:\Users\jeswa\Downloads\file\data\train_set\clean\synth_01672.wav,0.5
C:\Users\jeswa\Downloads\file\data\train_set\noisy\synth_01673.wav,C:\Users\jeswa\Downloads\file\data\train_set\clean\synth_01673.wav,0.0
C:\Users\jeswa\Downloads\file\data\train_set\noisy\synth_01674.wav,C:\Users\jeswa\Downloads\file\data\train_set\clean\synth_01674.wav,-9.3
C:\Users\jeswa\Downloads\file\data\train_set\noisy\synth_01675.wav,C:\Users\jeswa\Downloads\file\data\train_set\clean\synth_01675.wav,-9.1
C:\Users\jeswa\Downloads\file\data\train_set\noisy\synth_01676.wav,C:\Users\jeswa\Downloads\file\data\train_set\clean\synth_01676.wav,-3.1
C:\Users\jeswa\Downloads\file\data\train_set\noisy\synth_01677.wav,C:\Users\jeswa\Downloads\file\data\train_set\clean\synth_01677.wav,9.8
C:\Users\jeswa\Downloads\file\data\train_set\noisy\synth_01678.wav,C:\Users\jeswa\Downloads\file\data\train_set\clean\synth_01678.wav,9.8
C:\Users\jeswa\Downloads\file\data\train_set\noisy\synth_01679.wav,C:\Users\jeswa\Downloads\file\data\train_set\clean\synth_01679.wav,-5.7
C:\Users\jeswa\Downloads\file\data\train_set\noisy\synth_01680.wav,C:\Users\jeswa\Downloads\file\data\train_set\clean\synth_01680.wav,13.4
C:\Users\jeswa\Downloads\file\data\train_set\noisy\synth_01681.wav,C:\Users\jeswa\Downloads\file\data\train_set\clean\synth_01681.wav,2.0
C:\Users\jeswa\Downloads\file\data\train_set\noisy\synth_01682.wav,C:\Users\jeswa\Downloads\file\data\train_set\clean\synth_01682.wav,5.0
C:\Users\jeswa\Downloads\file\data\train_set\noisy\synth_01683.wav,C:\Users\jeswa\Downloads\file\data\train_set\clean\synth_01683.wav,4.9
C:\Users\jeswa\Downloads\file\data\train_set\noisy\synth_01684.wav,C:\Users\jeswa\Downloads\file\data\train_set\clean\synth_01684.wav,13.1
C:\Users\jeswa\Downloads\file\data\train_set\noisy\synth_01685.wav,C:\Users\jeswa\Downloads\file\data\train_set\clean\synth_01685.wav,6.1
C:\Users\jeswa\Downloads\file\data\train_set\noisy\synth_01686.wav,C:\Users\jeswa\Downloads\file\data\train_set\clean\synth_01686.wav,-0.2
C:\Users\jeswa\Downloads\file\data\train_set\noisy\synth_01687.wav,C:\Users\jeswa\Downloads\file\data\train_set\clean\synth_01687.wav,-1.4
C:\Users\jeswa\Downloads\file\data\train_set\noisy\synth_01688.wav,C:\Users\jeswa\Downloads\file\data\train_set\clean\synth_01688.wav,12.7
C:\Users\jeswa\Downloads\file\data\train_set\noisy\synth_01689.wav,C:\Users\jeswa\Downloads\file\data\train_set\clean\synth_01689.wav,-8.5
C:\Users\jeswa\Downloads\file\data\train_set\noisy\synth_01690.wav,C:\Users\jeswa\Downloads\file\data\train_set\clean\synth_01690.wav,4.8
C:\Users\jeswa\Downloads\file\data\train_set\noisy\synth_01691.wav,C:\Users\jeswa\Downloads\file\data\train_set\clean\synth_01691.wav,-3.7
C:\Users\jeswa\Downloads\file\data\train_set\noisy\synth_01692.wav,C:\Users\jeswa\Downloads\file\data\train_set\clean\synth_01692.wav,12.2
C:\Users\jeswa\Downloads\file\data\train_set\noisy\synth_01693.wav,C:\Users\jeswa\Downloads\file\data\train_set\clean\synth_01693.wav,-6.1
C:\Users\jeswa\Downloads\file\data\train_set\noisy\synth_01694.wav,C:\Users\jeswa\Downloads\file\data\train_set\clean\synth_01694.wav,6.7
C:\Users\jeswa\Downloads\file\data\train_set\noisy\synth_01695.wav,C:\Users\jeswa\Downloads\file\data\train_set\clean\synth_01695.wav,8.7
C:\Users\jeswa\Downloads\file\data\train_set\noisy\synth_01696.wav,C:\Users\jeswa\Downloads\file\data\train_set\clean\synth_01696.wav,0.5
C:\Users\jeswa\Downloads\file\data\train_set\noisy\synth_01697.wav,C:\Users\jeswa\Downloads\file\data\train_set\clean\synth_01697.wav,6.6
C:\Users\jeswa\Downloads\file\data\train_set\noisy\synth_01698.wav,C:\Users\jeswa\Downloads\file\data\train_set\clean\synth_01698.wav,-6.8
C:\Users\jeswa\Downloads\file\data\train_set\noisy\synth_01699.wav,C:\Users\jeswa\Downloads\file\data\train_set\clean\synth_01699.wav,-1.8
C:\Users\jeswa\Downloads\file\data\train_set\noisy\synth_01700.wav,C:\Users\jeswa\Downloads\file\data\train_set\clean\synth_01700.wav,2.8
C:\Users\jeswa\Downloads\file\data\train_set\noisy\synth_01701.wav,C:\Users\jeswa\Downloads\file\data\train_set\clean\synth_01701.wav,6.0
C:\Users\jeswa\Downloads\file\data\train_set\noisy\synth_01702.wav,C:\Users\jeswa\Downloads\file\data\train_set\clean\synth_01702.wav,6.5
C:\Users\jeswa\Downloads\file\data\train_set\noisy\synth_01703.wav,C:\Users\jeswa\Downloads\file\data\train_set\clean\synth_01703.wav,9.3
C:\Users\jeswa\Downloads\file\data\train_set\noisy\synth_01704.wav,C:\Users\jeswa\Downloads\file\data\train_set\clean\synth_01704.wav,-6.6
C:\Users\jeswa\Downloads\file\data\train_set\noisy\synth_01705.wav,C:\Users\jeswa\Downloads\file\data\train_set\clean\synth_01705.wav,-9.3
C:\Users\jeswa\Downloads\file\data\train_set\noisy\synth_01706.wav,C:\Users\jeswa\Downloads\file\data\train_set\clean\synth_01706.wav,6.0
C:\Users\jeswa\Downloads\file\data\train_set\noisy\synth_01707.wav,C:\Users\jeswa\Downloads\file\data\train_set\clean\synth_01707.wav,9.5
C:\Users\jeswa\Downloads\file\data\train_set\noisy\synth_01708.wav,C:\Users\jeswa\Downloads\file\data\train_set\clean\synth_01708.wav,-4.5
C:\Users\jeswa\Downloads\file\data\train_set\noisy\synth_01709.wav,C:\Users\jeswa\Downloads\file\data\train_set\clean\synth_01709.wav,-8.4
C:\Users\jeswa\Downloads\file\data\train_set\noisy\synth_01710.wav,C:\Users\jeswa\Downloads\file\data\train_set\clean\synth_01710.wav,-1.7
C:\Users\jeswa\Downloads\file\data\train_set\noisy\synth_01711.wav,C:\Users\jeswa\Downloads\file\data\train_set\clean\synth_01711.wav,-0.7
C:\Users\jeswa\Downloads\file\data\train_set\noisy\synth_01712.wav,C:\Users\jeswa\Downloads\file\data\train_set\clean\synth_01712.wav,-4.3
C:\Users\jeswa\Downloads\file\data\train_set\noisy\synth_01713.wav,C:\Users\jeswa\Downloads\file\data\train_set\clean\synth_01713.wav,-0.5
C:\Users\jeswa\Downloads\file\data\train_set\noisy\synth_01714.wav,C:\Users\jeswa\Downloads\file\data\train_set\clean\synth_01714.wav,6.9
C:\Users\jeswa\Downloads\file\data\train_set\noisy\synth_01715.wav,C:\Users\jeswa\Downloads\file\data\train_set\clean\synth_01715.wav,1.0
C:\Users\jeswa\Downloads\file\data\train_set\noisy\synth_01716.wav,C:\Users\jeswa\Downloads\file\data\train_set\clean\synth_01716.wav,10.5
C:\Users\jeswa\Downloads\file\data\train_set\noisy\synth_01717.wav,C:\Users\jeswa\Downloads\file\data\train_set\clean\synth_01717.wav,-8.0
C:\Users\jeswa\Downloads\file\data\train_set\noisy\synth_01718.wav,C:\Users\jeswa\Downloads\file\data\train_set\clean\synth_01718.wav,10.2
C:\Users\jeswa\Downloads\file\data\train_set\noisy\synth_01719.wav,C:\Users\jeswa\Downloads\file\data\train_set\clean\synth_01719.wav,-9.5
C:\Users\jeswa\Downloads\file\data\train_set\noisy\synth_01720.wav,C:\Users\jeswa\Downloads\file\data\train_set\clean\synth_01720.wav,-10.0
C:\Users\jeswa\Downloads\file\data\train_set\noisy\synth_01721.wav,C:\Users\jeswa\Downloads\file\data\train_set\clean\synth_01721.wav,-6.3
C:\Users\jeswa\Downloads\file\data\train_set\noisy\synth_01722.wav,C:\Users\jeswa\Downloads\file\data\train_set\clean\synth_01722.wav,-2.3
C:\Users\jeswa\Downloads\file\data\train_set\noisy\synth_01723.wav,C:\Users\jeswa\Downloads\file\data\train_set\clean\synth_01723.wav,14.4
C:\Users\jeswa\Downloads\file\data\train_set\noisy\synth_01724.wav,C:\Users\jeswa\Downloads\file\data\train_set\clean\synth_01724.wav,-6.1
C:\Users\jeswa\Downloads\file\data\train_set\noisy\synth_01725.wav,C:\Users\jeswa\Downloads\file\data\train_set\clean\synth_01725.wav,3.5
C:\Users\jeswa\Downloads\file\data\train_set\noisy\synth_01726.wav,C:\Users\jeswa\Downloads\file\data\train_set\clean\synth_01726.wav,4.2
C:\Users\jeswa\Downloads\file\data\train_set\noisy\synth_01727.wav,C:\Users\jeswa\Downloads\file\data\train_set\clean\synth_01727.wav,13.9
C:\Users\jeswa\Downloads\file\data\train_set\noisy\synth_01728.wav,C:\Users\jeswa\Downloads\file\data\train_set\clean\synth_01728.wav,13.5
C:\Users\jeswa\Downloads\file\data\train_set\noisy\synth_01729.wav,C:\Users\jeswa\Downloads\file\data\train_set\clean\synth_01729.wav,-4.1
C:\Users\jeswa\Downloads\file\data\train_set\noisy\synth_01730.wav,C:\Users\jeswa\Downloads\file\data\train_set\clean\synth_01730.wav,-6.8
C:\Users\jeswa\Downloads\file\data\train_set\noisy\synth_01731.wav,C:\Users\jeswa\Downloads\file\data\train_set\clean\synth_01731.wav,-7.0
C:\Users\jeswa\Downloads\file\data\train_set\noisy\synth_01732.wav,C:\Users\jeswa\Downloads\file\data\train_set\clean\synth_01732.wav,-0.4
C:\Users\jeswa\Downloads\file\data\train_set\noisy\synth_01733.wav,C:\Users\jeswa\Downloads\file\data\train_set\clean\synth_01733.wav,-1.3
C:\Users\jeswa\Downloads\file\data\train_set\noisy\synth_01734.wav,C:\Users\jeswa\Downloads\file\data\train_set\clean\synth_01734.wav,9.1
C:\Users\jeswa\Downloads\file\data\train_set\noisy\synth_01735.wav,C:\Users\jeswa\Downloads\file\data\train_set\clean\synth_01735.wav,5.4
C:\Users\jeswa\Downloads\file\data\train_set\noisy\synth_01736.wav,C:\Users\jeswa\Downloads\file\data\train_set\clean\synth_01736.wav,6.4
C:\Users\jeswa\Downloads\file\data\train_set\noisy\synth_01737.wav,C:\Users\jeswa\Downloads\file\data\train_set\clean\synth_01737.wav,-1.4
C:\Users\jeswa\Downloads\file\data\train_set\noisy\synth_01738.wav,C:\Users\jeswa\Downloads\file\data\train_set\clean\synth_01738.wav,6.1
C:\Users\jeswa\Downloads\file\data\train_set\noisy\synth_01739.wav,C:\Users\jeswa\Downloads\file\data\train_set\clean\synth_01739.wav,6.0
C:\Users\jeswa\Downloads\file\data\train_set\noisy\synth_01740.wav,C:\Users\jeswa\Downloads\file\data\train_set\clean\synth_01740.wav,-7.2
C:\Users\jeswa\Downloads\file\data\train_set\noisy\synth_01741.wav,C:\Users\jeswa\Downloads\file\data\train_set\clean\synth_01741.wav,5.9
C:\Users\jeswa\Downloads\file\data\train_set\noisy\synth_01742.wav,C:\Users\jeswa\Downloads\file\data\train_set\clean\synth_01742.wav,-5.6
C:\Users\jeswa\Downloads\file\data\train_set\noisy\synth_01743.wav,C:\Users\jeswa\Downloads\file\data\train_set\clean\synth_01743.wav,13.5
C:\Users\jeswa\Downloads\file\data\train_set\noisy\synth_01744.wav,C:\Users\jeswa\Downloads\file\data\train_set\clean\synth_01744.wav,-3.6
C:\Users\jeswa\Downloads\file\data\train_set\noisy\synth_01745.wav,C:\Users\jeswa\Downloads\file\data\train_set\clean\synth_01745.wav,-5.7
C:\Users\jeswa\Downloads\file\data\train_set\noisy\synth_01746.wav,C:\Users\jeswa\Downloads\file\data\train_set\clean\synth_01746.wav,6.0
C:\Users\jeswa\Downloads\file\data\train_set\noisy\synth_01747.wav,C:\Users\jeswa\Downloads\file\data\train_set\clean\synth_01747.wav,4.4
C:\Users\jeswa\Downloads\file\data\train_set\noisy\synth_01748.wav,C:\Users\jeswa\Downloads\file\data\train_set\clean\synth_01748.wav,2.4
C:\Users\jeswa\Downloads\file\data\train_set\noisy\synth_01749.wav,C:\Users\jeswa\Downloads\file\data\train_set\clean\synth_01749.wav,2.8
C:\Users\jeswa\Downloads\file\data\train_set\noisy\synth_01750.wav,C:\Users\jeswa\Downloads\file\data\train_set\clean\synth_01750.wav,12.6
C:\Users\jeswa\Downloads\file\data\train_set\noisy\synth_01751.wav,C:\Users\jeswa\Downloads\file\data\train_set\clean\synth_01751.wav,4.9
C:\Users\jeswa\Downloads\file\data\train_set\noisy\synth_01752.wav,C:\Users\jeswa\Downloads\file\data\train_set\clean\synth_01752.wav,-4.2
C:\Users\jeswa\Downloads\file\data\train_set\noisy\synth_01753.wav,C:\Users\jeswa\Downloads\file\data\train_set\clean\synth_01753.wav,3.0
C:\Users\jeswa\Downloads\file\data\train_set\noisy\synth_01754.wav,C:\Users\jeswa\Downloads\file\data\train_set\clean\synth_01754.wav,-9.0
C:\Users\jeswa\Downloads\file\data\train_set\noisy\synth_01755.wav,C:\Users\jeswa\Downloads\file\data\train_set\clean\synth_01755.wav,12.2
C:\Users\jeswa\Downloads\file\data\train_set\noisy\synth_01756.wav,C:\Users\jeswa\Downloads\file\data\train_set\clean\synth_01756.wav,0.6
C:\Users\jeswa\Downloads\file\data\train_set\noisy\synth_01757.wav,C:\Users\jeswa\Downloads\file\data\train_set\clean\synth_01757.wav,-6.8
C:\Users\jeswa\Downloads\file\data\train_set\noisy\synth_01758.wav,C:\Users\jeswa\Downloads\file\data\train_set\clean\synth_01758.wav,-4.2
C:\Users\jeswa\Downloads\file\data\train_set\noisy\synth_01759.wav,C:\Users\jeswa\Downloads\file\data\train_set\clean\synth_01759.wav,8.0
C:\Users\jeswa\Downloads\file\data\train_set\noisy\synth_01760.wav,C:\Users\jeswa\Downloads\file\data\train_set\clean\synth_01760.wav,-0.4
C:\Users\jeswa\Downloads\file\data\train_set\noisy\synth_01761.wav,C:\Users\jeswa\Downloads\file\data\train_set\clean\synth_01761.wav,2.9
C:\Users\jeswa\Downloads\file\data\train_set\noisy\synth_01762.wav,C:\Users\jeswa\Downloads\file\data\train_set\clean\synth_01762.wav,-0.6
C:\Users\jeswa\Downloads\file\data\train_set\noisy\synth_01763.wav,C:\Users\jeswa\Downloads\file\data\train_set\clean\synth_01763.wav,9.2
C:\Users\jeswa\Downloads\file\data\train_set\noisy\synth_01764.wav,C:\Users\jeswa\Downloads\file\data\train_set\clean\synth_01764.wav,13.6
C:\Users\jeswa\Downloads\file\data\train_set\noisy\synth_01765.wav,C:\Users\jeswa\Downloads\file\data\train_set\clean\synth_01765.wav,-7.0
C:\Users\jeswa\Downloads\file\data\train_set\noisy\synth_01766.wav,C:\Users\jeswa\Downloads\file\data\train_set\clean\synth_01766.wav,9.4
C:\Users\jeswa\Downloads\file\data\train_set\noisy\synth_01767.wav,C:\Users\jeswa\Downloads\file\data\train_set\clean\synth_01767.wav,-2.9
C:\Users\jeswa\Downloads\file\data\train_set\noisy\synth_01768.wav,C:\Users\jeswa\Downloads\file\data\train_set\clean\synth_01768.wav,-2.1
C:\Users\jeswa\Downloads\file\data\train_set\noisy\synth_01769.wav,C:\Users\jeswa\Downloads\file\data\train_set\clean\synth_01769.wav,-5.0
C:\Users\jeswa\Downloads\file\data\train_set\noisy\synth_01770.wav,C:\Users\jeswa\Downloads\file\data\train_set\clean\synth_01770.wav,-7.7
C:\Users\jeswa\Downloads\file\data\train_set\noisy\synth_01771.wav,C:\Users\jeswa\Downloads\file\data\train_set\clean\synth_01771.wav,3.1
C:\Users\jeswa\Downloads\file\data\train_set\noisy\synth_01772.wav,C:\Users\jeswa\Downloads\file\data\train_set\clean\synth_01772.wav,11.1
C:\Users\jeswa\Downloads\file\data\train_set\noisy\synth_01773.wav,C:\Users\jeswa\Downloads\file\data\train_set\clean\synth_01773.wav,3.2
C:\Users\jeswa\Downloads\file\data\train_set\noisy\synth_01774.wav,C:\Users\jeswa\Downloads\file\data\train_set\clean\synth_01774.wav,-1.9
C:\Users\jeswa\Downloads\file\data\train_set\noisy\synth_01775.wav,C:\Users\jeswa\Downloads\file\data\train_set\clean\synth_01775.wav,2.9
C:\Users\jeswa\Downloads\file\data\train_set\noisy\synth_01776.wav,C:\Users\jeswa\Downloads\file\data\train_set\clean\synth_01776.wav,0.5
C:\Users\jeswa\Downloads\file\data\train_set\noisy\synth_01777.wav,C:\Users\jeswa\Downloads\file\data\train_set\clean\synth_01777.wav,-7.5
C:\Users\jeswa\Downloads\file\data\train_set\noisy\synth_01778.wav,C:\Users\jeswa\Downloads\file\data\train_set\clean\synth_01778.wav,-1.1
C:\Users\jeswa\Downloads\file\data\train_set\noisy\synth_01779.wav,C:\Users\jeswa\Downloads\file\data\train_set\clean\synth_01779.wav,13.0
C:\Users\jeswa\Downloads\file\data\train_set\noisy\synth_01780.wav,C:\Users\jeswa\Downloads\file\data\train_set\clean\synth_01780.wav,10.0
C:\Users\jeswa\Downloads\file\data\train_set\noisy\synth_01781.wav,C:\Users\jeswa\Downloads\file\data\train_set\clean\synth_01781.wav,-4.7
C:\Users\jeswa\Downloads\file\data\train_set\noisy\synth_01782.wav,C:\Users\jeswa\Downloads\file\data\train_set\clean\synth_01782.wav,14.4
C:\Users\jeswa\Downloads\file\data\train_set\noisy\synth_01783.wav,C:\Users\jeswa\Downloads\file\data\train_set\clean\synth_01783.wav,3.1
C:\Users\jeswa\Downloads\file\data\train_set\noisy\synth_01784.wav,C:\Users\jeswa\Downloads\file\data\train_set\clean\synth_01784.wav,-2.5
C:\Users\jeswa\Downloads\file\data\train_set\noisy\synth_01785.wav,C:\Users\jeswa\Downloads\file\data\train_set\clean\synth_01785.wav,10.6
C:\Users\jeswa\Downloads\file\data\train_set\noisy\synth_01786.wav,C:\Users\jeswa\Downloads\file\data\train_set\clean\synth_01786.wav,5.6
C:\Users\jeswa\Downloads\file\data\train_set\noisy\synth_01787.wav,C:\Users\jeswa\Downloads\file\data\train_set\clean\synth_01787.wav,-5.6
C:\Users\jeswa\Downloads\file\data\train_set\noisy\synth_01788.wav,C:\Users\jeswa\Downloads\file\data\train_set\clean\synth_01788.wav,4.9
C:\Users\jeswa\Downloads\file\data\train_set\noisy\synth_01789.wav,C:\Users\jeswa\Downloads\file\data\train_set\clean\synth_01789.wav,12.6
C:\Users\jeswa\Downloads\file\data\train_set\noisy\synth_01790.wav,C:\Users\jeswa\Downloads\file\data\train_set\clean\synth_01790.wav,9.0
C:\Users\jeswa\Downloads\file\data\train_set\noisy\synth_01791.wav,C:\Users\jeswa\Downloads\file\data\train_set\clean\synth_01791.wav,-4.5
C:\Users\jeswa\Downloads\file\data\train_set\noisy\synth_01792.wav,C:\Users\jeswa\Downloads\file\data\train_set\clean\synth_01792.wav,5.7
C:\Users\jeswa\Downloads\file\data\train_set\noisy\synth_01793.wav,C:\Users\jeswa\Downloads\file\data\train_set\clean\synth_01793.wav,-3.1
C:\Users\jeswa\Downloads\file\data\train_set\noisy\synth_01794.wav,C:\Users\jeswa\Downloads\file\data\train_set\clean\synth_01794.wav,-7.9
C:\Users\jeswa\Downloads\file\data\train_set\noisy\synth_01795.wav,C:\Users\jeswa\Downloads\file\data\train_set\clean\synth_01795.wav,9.0
C:\Users\jeswa\Downloads\file\data\train_set\noisy\synth_01796.wav,C:\Users\jeswa\Downloads\file\data\train_set\clean\synth_01796.wav,-5.7
C:\Users\jeswa\Downloads\file\data\train_set\noisy\synth_01797.wav,C:\Users\jeswa\Downloads\file\data\train_set\clean\synth_01797.wav,-6.5
C:\Users\jeswa\Downloads\file\data\train_set\noisy\synth_01798.wav,C:\Users\jeswa\Downloads\file\data\train_set\clean\synth_01798.wav,6.9
C:\Users\jeswa\Downloads\file\data\train_set\noisy\synth_01799.wav,C:\Users\jeswa\Downloads\file\data\train_set\clean\synth_01799.wav,-5.7
C:\Users\jeswa\Downloads\file\data\train_set\noisy\synth_01800.wav,C:\Users\jeswa\Downloads\file\data\train_set\clean\synth_01800.wav,6.0
C:\Users\jeswa\Downloads\file\data\train_set\noisy\synth_01801.wav,C:\Users\jeswa\Downloads\file\data\train_set\clean\synth_01801.wav,1.6
C:\Users\jeswa\Downloads\file\data\train_set\noisy\synth_01802.wav,C:\Users\jeswa\Downloads\file\data\train_set\clean\synth_01802.wav,13.2
C:\Users\jeswa\Downloads\file\data\train_set\noisy\synth_01803.wav,C:\Users\jeswa\Downloads\file\data\train_set\clean\synth_01803.wav,5.6
C:\Users\jeswa\Downloads\file\data\train_set\noisy\synth_01804.wav,C:\Users\jeswa\Downloads\file\data\train_set\clean\synth_01804.wav,11.8
C:\Users\jeswa\Downloads\file\data\train_set\noisy\synth_01805.wav,C:\Users\jeswa\Downloads\file\data\train_set\clean\synth_01805.wav,6.6
C:\Users\jeswa\Downloads\file\data\train_set\noisy\synth_01806.wav,C:\Users\jeswa\Downloads\file\data\train_set\clean\synth_01806.wav,3.9
C:\Users\jeswa\Downloads\file\data\train_set\noisy\synth_01807.wav,C:\Users\jeswa\Downloads\file\data\train_set\clean\synth_01807.wav,-9.4
C:\Users\jeswa\Downloads\file\data\train_set\noisy\synth_01808.wav,C:\Users\jeswa\Downloads\file\data\train_set\clean\synth_01808.wav,-9.2
C:\Users\jeswa\Downloads\file\data\train_set\noisy\synth_01809.wav,C:\Users\jeswa\Downloads\file\data\train_set\clean\synth_01809.wav,15.0
C:\Users\jeswa\Downloads\file\data\train_set\noisy\synth_01810.wav,C:\Users\jeswa\Downloads\file\data\train_set\clean\synth_01810.wav,6.5
C:\Users\jeswa\Downloads\file\data\train_set\noisy\synth_01811.wav,C:\Users\jeswa\Downloads\file\data\train_set\clean\synth_01811.wav,13.2
C:\Users\jeswa\Downloads\file\data\train_set\noisy\synth_01812.wav,C:\Users\jeswa\Downloads\file\data\train_set\clean\synth_01812.wav,-6.5
C:\Users\jeswa\Downloads\file\data\train_set\noisy\synth_01813.wav,C:\Users\jeswa\Downloads\file\data\train_set\clean\synth_01813.wav,2.9
C:\Users\jeswa\Downloads\file\data\train_set\noisy\synth_01814.wav,C:\Users\jeswa\Downloads\file\data\train_set\clean\synth_01814.wav,-2.4
C:\Users\jeswa\Downloads\file\data\train_set\noisy\synth_01815.wav,C:\Users\jeswa\Downloads\file\data\train_set\clean\synth_01815.wav,-7.6
C:\Users\jeswa\Downloads\file\data\train_set\noisy\synth_01816.wav,C:\Users\jeswa\Downloads\file\data\train_set\clean\synth_01816.wav,7.0
C:\Users\jeswa\Downloads\file\data\train_set\noisy\synth_01817.wav,C:\Users\jeswa\Downloads\file\data\train_set\clean\synth_01817.wav,-7.9
C:\Users\jeswa\Downloads\file\data\train_set\noisy\synth_01818.wav,C:\Users\jeswa\Downloads\file\data\train_set\clean\synth_01818.wav,-1.7
C:\Users\jeswa\Downloads\file\data\train_set\noisy\synth_01819.wav,C:\Users\jeswa\Downloads\file\data\train_set\clean\synth_01819.wav,-6.6
C:\Users\jeswa\Downloads\file\data\train_set\noisy\synth_01820.wav,C:\Users\jeswa\Downloads\file\data\train_set\clean\synth_01820.wav,9.5
C:\Users\jeswa\Downloads\file\data\train_set\noisy\synth_01821.wav,C:\Users\jeswa\Downloads\file\data\train_set\clean\synth_01821.wav,12.3
C:\Users\jeswa\Downloads\file\data\train_set\noisy\synth_01822.wav,C:\Users\jeswa\Downloads\file\data\train_set\clean\synth_01822.wav,-2.4
C:\Users\jeswa\Downloads\file\data\train_set\noisy\synth_01823.wav,C:\Users\jeswa\Downloads\file\data\train_set\clean\synth_01823.wav,11.5
C:\Users\jeswa\Downloads\file\data\train_set\noisy\synth_01824.wav,C:\Users\jeswa\Downloads\file\data\train_set\clean\synth_01824.wav,1.1
C:\Users\jeswa\Downloads\file\data\train_set\noisy\synth_01825.wav,C:\Users\jeswa\Downloads\file\data\train_set\clean\synth_01825.wav,-7.5
C:\Users\jeswa\Downloads\file\data\train_set\noisy\synth_01826.wav,C:\Users\jeswa\Downloads\file\data\train_set\clean\synth_01826.wav,9.6
C:\Users\jeswa\Downloads\file\data\train_set\noisy\synth_01827.wav,C:\Users\jeswa\Downloads\file\data\train_set\clean\synth_01827.wav,4.6
C:\Users\jeswa\Downloads\file\data\train_set\noisy\synth_01828.wav,C:\Users\jeswa\Downloads\file\data\train_set\clean\synth_01828.wav,12.7
C:\Users\jeswa\Downloads\file\data\train_set\noisy\synth_01829.wav,C:\Users\jeswa\Downloads\file\data\train_set\clean\synth_01829.wav,-5.8
C:\Users\jeswa\Downloads\file\data\train_set\noisy\synth_01830.wav,C:\Users\jeswa\Downloads\file\data\train_set\clean\synth_01830.wav,-5.2
C:\Users\jeswa\Downloads\file\data\train_set\noisy\synth_01831.wav,C:\Users\jeswa\Downloads\file\data\train_set\clean\synth_01831.wav,-9.6
C:\Users\jeswa\Downloads\file\data\train_set\noisy\synth_01832.wav,C:\Users\jeswa\Downloads\file\data\train_set\clean\synth_01832.wav,9.2
C:\Users\jeswa\Downloads\file\data\train_set\noisy\synth_01833.wav,C:\Users\jeswa\Downloads\file\data\train_set\clean\synth_01833.wav,13.6
C:\Users\jeswa\Downloads\file\data\train_set\noisy\synth_01834.wav,C:\Users\jeswa\Downloads\file\data\train_set\clean\synth_01834.wav,13.8
C:\Users\jeswa\Downloads\file\data\train_set\noisy\synth_01835.wav,C:\Users\jeswa\Downloads\file\data\train_set\clean\synth_01835.wav,11.4
C:\Users\jeswa\Downloads\file\data\train_set\noisy\synth_01836.wav,C:\Users\jeswa\Downloads\file\data\train_set\clean\synth_01836.wav,7.2
C:\Users\jeswa\Downloads\file\data\train_set\noisy\synth_01837.wav,C:\Users\jeswa\Downloads\file\data\train_set\clean\synth_01837.wav,8.3
C:\Users\jeswa\Downloads\file\data\train_set\noisy\synth_01838.wav,C:\Users\jeswa\Downloads\file\data\train_set\clean\synth_01838.wav,-8.3
C:\Users\jeswa\Downloads\file\data\train_set\noisy\synth_01839.wav,C:\Users\jeswa\Downloads\file\data\train_set\clean\synth_01839.wav,11.6
C:\Users\jeswa\Downloads\file\data\train_set\noisy\synth_01840.wav,C:\Users\jeswa\Downloads\file\data\train_set\clean\synth_01840.wav,8.2
C:\Users\jeswa\Downloads\file\data\train_set\noisy\synth_01841.wav,C:\Users\jeswa\Downloads\file\data\train_set\clean\synth_01841.wav,5.7
C:\Users\jeswa\Downloads\file\data\train_set\noisy\synth_01842.wav,C:\Users\jeswa\Downloads\file\data\train_set\clean\synth_01842.wav,4.5
C:\Users\jeswa\Downloads\file\data\train_set\noisy\synth_01843.wav,C:\Users\jeswa\Downloads\file\data\train_set\clean\synth_01843.wav,5.8
C:\Users\jeswa\Downloads\file\data\train_set\noisy\synth_01844.wav,C:\Users\jeswa\Downloads\file\data\train_set\clean\synth_01844.wav,5.1
C:\Users\jeswa\Downloads\file\data\train_set\noisy\synth_01845.wav,C:\Users\jeswa\Downloads\file\data\train_set\clean\synth_01845.wav,2.0
C:\Users\jeswa\Downloads\file\data\train_set\noisy\synth_01846.wav,C:\Users\jeswa\Downloads\file\data\train_set\clean\synth_01846.wav,-7.2
C:\Users\jeswa\Downloads\file\data\train_set\noisy\synth_01847.wav,C:\Users\jeswa\Downloads\file\data\train_set\clean\synth_01847.wav,9.6
C:\Users\jeswa\Downloads\file\data\train_set\noisy\synth_01848.wav,C:\Users\jeswa\Downloads\file\data\train_set\clean\synth_01848.wav,-3.3
C:\Users\jeswa\Downloads\file\data\train_set\noisy\synth_01849.wav,C:\Users\jeswa\Downloads\file\data\train_set\clean\synth_01849.wav,13.7
C:\Users\jeswa\Downloads\file\data\train_set\noisy\synth_01850.wav,C:\Users\jeswa\Downloads\file\data\train_set\clean\synth_01850.wav,8.5
C:\Users\jeswa\Downloads\file\data\train_set\noisy\synth_01851.wav,C:\Users\jeswa\Downloads\file\data\train_set\clean\synth_01851.wav,5.2
C:\Users\jeswa\Downloads\file\data\train_set\noisy\synth_01852.wav,C:\Users\jeswa\Downloads\file\data\train_set\clean\synth_01852.wav,0.2
C:\Users\jeswa\Downloads\file\data\train_set\noisy\synth_01853.wav,C:\Users\jeswa\Downloads\file\data\train_set\clean\synth_01853.wav,-3.1
C:\Users\jeswa\Downloads\file\data\train_set\noisy\synth_01854.wav,C:\Users\jeswa\Downloads\file\data\train_set\clean\synth_01854.wav,-9.1
C:\Users\jeswa\Downloads\file\data\train_set\noisy\synth_01855.wav,C:\Users\jeswa\Downloads\file\data\train_set\clean\synth_01855.wav,0.9
C:\Users\jeswa\Downloads\file\data\train_set\noisy\synth_01856.wav,C:\Users\jeswa\Downloads\file\data\train_set\clean\synth_01856.wav,2.3
C:\Users\jeswa\Downloads\file\data\train_set\noisy\synth_01857.wav,C:\Users\jeswa\Downloads\file\data\train_set\clean\synth_01857.wav,5.6
C:\Users\jeswa\Downloads\file\data\train_set\noisy\synth_01858.wav,C:\Users\jeswa\Downloads\file\data\train_set\clean\synth_01858.wav,-5.2
C:\Users\jeswa\Downloads\file\data\train_set\noisy\synth_01859.wav,C:\Users\jeswa\Downloads\file\data\train_set\clean\synth_01859.wav,7.3
C:\Users\jeswa\Downloads\file\data\train_set\noisy\synth_01860.wav,C:\Users\jeswa\Downloads\file\data\train_set\clean\synth_01860.wav,9.8
C:\Users\jeswa\Downloads\file\data\train_set\noisy\synth_01861.wav,C:\Users\jeswa\Downloads\file\data\train_set\clean\synth_01861.wav,4.9
C:\Users\jeswa\Downloads\file\data\train_set\noisy\synth_01862.wav,C:\Users\jeswa\Downloads\file\data\train_set\clean\synth_01862.wav,-2.4
C:\Users\jeswa\Downloads\file\data\train_set\noisy\synth_01863.wav,C:\Users\jeswa\Downloads\file\data\train_set\clean\synth_01863.wav,10.9
C:\Users\jeswa\Downloads\file\data\train_set\noisy\synth_01864.wav,C:\Users\jeswa\Downloads\file\data\train_set\clean\synth_01864.wav,-0.9
C:\Users\jeswa\Downloads\file\data\train_set\noisy\synth_01865.wav,C:\Users\jeswa\Downloads\file\data\train_set\clean\synth_01865.wav,-8.6
C:\Users\jeswa\Downloads\file\data\train_set\noisy\synth_01866.wav,C:\Users\jeswa\Downloads\file\data\train_set\clean\synth_01866.wav,-4.0
C:\Users\jeswa\Downloads\file\data\train_set\noisy\synth_01867.wav,C:\Users\jeswa\Downloads\file\data\train_set\clean\synth_01867.wav,-3.7
C:\Users\jeswa\Downloads\file\data\train_set\noisy\synth_01868.wav,C:\Users\jeswa\Downloads\file\data\train_set\clean\synth_01868.wav,-5.2
C:\Users\jeswa\Downloads\file\data\train_set\noisy\synth_01869.wav,C:\Users\jeswa\Downloads\file\data\train_set\clean\synth_01869.wav,10.2
C:\Users\jeswa\Downloads\file\data\train_set\noisy\synth_01870.wav,C:\Users\jeswa\Downloads\file\data\train_set\clean\synth_01870.wav,3.6
C:\Users\jeswa\Downloads\file\data\train_set\noisy\synth_01871.wav,C:\Users\jeswa\Downloads\file\data\train_set\clean\synth_01871.wav,-9.8
C:\Users\jeswa\Downloads\file\data\train_set\noisy\synth_01872.wav,C:\Users\jeswa\Downloads\file\data\train_set\clean\synth_01872.wav,-3.9
C:\Users\jeswa\Downloads\file\data\train_set\noisy\synth_01873.wav,C:\Users\jeswa\Downloads\file\data\train_set\clean\synth_01873.wav,-2.7
C:\Users\jeswa\Downloads\file\data\train_set\noisy\synth_01874.wav,C:\Users\jeswa\Downloads\file\data\train_set\clean\synth_01874.wav,2.1
C:\Users\jeswa\Downloads\file\data\train_set\noisy\synth_01875.wav,C:\Users\jeswa\Downloads\file\data\train_set\clean\synth_01875.wav,0.7
C:\Users\jeswa\Downloads\file\data\train_set\noisy\synth_01876.wav,C:\Users\jeswa\Downloads\file\data\train_set\clean\synth_01876.wav,-0.1
C:\Users\jeswa\Downloads\file\data\train_set\noisy\synth_01877.wav,C:\Users\jeswa\Downloads\file\data\train_set\clean\synth_01877.wav,0.9
C:\Users\jeswa\Downloads\file\data\train_set\noisy\synth_01878.wav,C:\Users\jeswa\Downloads\file\data\train_set\clean\synth_01878.wav,13.4
C:\Users\jeswa\Downloads\file\data\train_set\noisy\synth_01879.wav,C:\Users\jeswa\Downloads\file\data\train_set\clean\synth_01879.wav,-1.4
C:\Users\jeswa\Downloads\file\data\train_set\noisy\synth_01880.wav,C:\Users\jeswa\Downloads\file\data\train_set\clean\synth_01880.wav,-5.1
C:\Users\jeswa\Downloads\file\data\train_set\noisy\synth_01881.wav,C:\Users\jeswa\Downloads\file\data\train_set\clean\synth_01881.wav,1.0
C:\Users\jeswa\Downloads\file\data\train_set\noisy\synth_01882.wav,C:\Users\jeswa\Downloads\file\data\train_set\clean\synth_01882.wav,0.5
C:\Users\jeswa\Downloads\file\data\train_set\noisy\synth_01883.wav,C:\Users\jeswa\Downloads\file\data\train_set\clean\synth_01883.wav,-5.8
C:\Users\jeswa\Downloads\file\data\train_set\noisy\synth_01884.wav,C:\Users\jeswa\Downloads\file\data\train_set\clean\synth_01884.wav,3.8
C:\Users\jeswa\Downloads\file\data\train_set\noisy\synth_01885.wav,C:\Users\jeswa\Downloads\file\data\train_set\clean\synth_01885.wav,8.2
C:\Users\jeswa\Downloads\file\data\train_set\noisy\synth_01886.wav,C:\Users\jeswa\Downloads\file\data\train_set\clean\synth_01886.wav,5.8
C:\Users\jeswa\Downloads\file\data\train_set\noisy\synth_01887.wav,C:\Users\jeswa\Downloads\file\data\train_set\clean\synth_01887.wav,-3.5
C:\Users\jeswa\Downloads\file\data\train_set\noisy\synth_01888.wav,C:\Users\jeswa\Downloads\file\data\train_set\clean\synth_01888.wav,-6.7
C:\Users\jeswa\Downloads\file\data\train_set\noisy\synth_01889.wav,C:\Users\jeswa\Downloads\file\data\train_set\clean\synth_01889.wav,10.4
C:\Users\jeswa\Downloads\file\data\train_set\noisy\synth_01890.wav,C:\Users\jeswa\Downloads\file\data\train_set\clean\synth_01890.wav,10.4
C:\Users\jeswa\Downloads\file\data\train_set\noisy\synth_01891.wav,C:\Users\jeswa\Downloads\file\data\train_set\clean\synth_01891.wav,4.3
C:\Users\jeswa\Downloads\file\data\train_set\noisy\synth_01892.wav,C:\Users\jeswa\Downloads\file\data\train_set\clean\synth_01892.wav,14.4
C:\Users\jeswa\Downloads\file\data\train_set\noisy\synth_01893.wav,C:\Users\jeswa\Downloads\file\data\train_set\clean\synth_01893.wav,-4.7
C:\Users\jeswa\Downloads\file\data\train_set\noisy\synth_01894.wav,C:\Users\jeswa\Downloads\file\data\train_set\clean\synth_01894.wav,13.4
C:\Users\jeswa\Downloads\file\data\train_set\noisy\synth_01895.wav,C:\Users\jeswa\Downloads\file\data\train_set\clean\synth_01895.wav,3.7
C:\Users\jeswa\Downloads\file\data\train_set\noisy\synth_01896.wav,C:\Users\jeswa\Downloads\file\data\train_set\clean\synth_01896.wav,10.5
C:\Users\jeswa\Downloads\file\data\train_set\noisy\synth_01897.wav,C:\Users\jeswa\Downloads\file\data\train_set\clean\synth_01897.wav,-2.5
C:\Users\jeswa\Downloads\file\data\train_set\noisy\synth_01898.wav,C:\Users\jeswa\Downloads\file\data\train_set\clean\synth_01898.wav,-7.8
C:\Users\jeswa\Downloads\file\data\train_set\noisy\synth_01899.wav,C:\Users\jeswa\Downloads\file\data\train_set\clean\synth_01899.wav,-8.9
C:\Users\jeswa\Downloads\file\data\train_set\noisy\synth_01900.wav,C:\Users\jeswa\Downloads\file\data\train_set\clean\synth_01900.wav,7.6
C:\Users\jeswa\Downloads\file\data\train_set\noisy\synth_01901.wav,C:\Users\jeswa\Downloads\file\data\train_set\clean\synth_01901.wav,6.8
C:\Users\jeswa\Downloads\file\data\train_set\noisy\synth_01902.wav,C:\Users\jeswa\Downloads\file\data\train_set\clean\synth_01902.wav,-5.4
C:\Users\jeswa\Downloads\file\data\train_set\noisy\synth_01903.wav,C:\Users\jeswa\Downloads\file\data\train_set\clean\synth_01903.wav,8.1
C:\Users\jeswa\Downloads\file\data\train_set\noisy\synth_01904.wav,C:\Users\jeswa\Downloads\file\data\train_set\clean\synth_01904.wav,9.6
C:\Users\jeswa\Downloads\file\data\train_set\noisy\synth_01905.wav,C:\Users\jeswa\Downloads\file\data\train_set\clean\synth_01905.wav,1.0
C:\Users\jeswa\Downloads\file\data\train_set\noisy\synth_01906.wav,C:\Users\jeswa\Downloads\file\data\train_set\clean\synth_01906.wav,-9.1
C:\Users\jeswa\Downloads\file\data\train_set\noisy\synth_01907.wav,C:\Users\jeswa\Downloads\file\data\train_set\clean\synth_01907.wav,2.0
C:\Users\jeswa\Downloads\file\data\train_set\noisy\synth_01908.wav,C:\Users\jeswa\Downloads\file\data\train_set\clean\synth_01908.wav,7.8
C:\Users\jeswa\Downloads\file\data\train_set\noisy\synth_01909.wav,C:\Users\jeswa\Downloads\file\data\train_set\clean\synth_01909.wav,12.9
C:\Users\jeswa\Downloads\file\data\train_set\noisy\synth_01910.wav,C:\Users\jeswa\Downloads\file\data\train_set\clean\synth_01910.wav,13.0
C:\Users\jeswa\Downloads\file\data\train_set\noisy\synth_01911.wav,C:\Users\jeswa\Downloads\file\data\train_set\clean\synth_01911.wav,14.4
C:\Users\jeswa\Downloads\file\data\train_set\noisy\synth_01912.wav,C:\Users\jeswa\Downloads\file\data\train_set\clean\synth_01912.wav,-9.9
C:\Users\jeswa\Downloads\file\data\train_set\noisy\synth_01913.wav,C:\Users\jeswa\Downloads\file\data\train_set\clean\synth_01913.wav,-9.6
C:\Users\jeswa\Downloads\file\data\train_set\noisy\synth_01914.wav,C:\Users\jeswa\Downloads\file\data\train_set\clean\synth_01914.wav,-4.8
C:\Users\jeswa\Downloads\file\data\train_set\noisy\synth_01915.wav,C:\Users\jeswa\Downloads\file\data\train_set\clean\synth_01915.wav,-4.1
C:\Users\jeswa\Downloads\file\data\train_set\noisy\synth_01916.wav,C:\Users\jeswa\Downloads\file\data\train_set\clean\synth_01916.wav,3.6
C:\Users\jeswa\Downloads\file\data\train_set\noisy\synth_01917.wav,C:\Users\jeswa\Downloads\file\data\train_set\clean\synth_01917.wav,11.9
C:\Users\jeswa\Downloads\file\data\train_set\noisy\synth_01918.wav,C:\Users\jeswa\Downloads\file\data\train_set\clean\synth_01918.wav,-9.6
C:\Users\jeswa\Downloads\file\data\train_set\noisy\synth_01919.wav,C:\Users\jeswa\Downloads\file\data\train_set\clean\synth_01919.wav,-3.6
C:\Users\jeswa\Downloads\file\data\train_set\noisy\synth_01920.wav,C:\Users\jeswa\Downloads\file\data\train_set\clean\synth_01920.wav,1.4
C:\Users\jeswa\Downloads\file\data\train_set\noisy\synth_01921.wav,C:\Users\jeswa\Downloads\file\data\train_set\clean\synth_01921.wav,12.6
C:\Users\jeswa\Downloads\file\data\train_set\noisy\synth_01922.wav,C:\Users\jeswa\Downloads\file\data\train_set\clean\synth_01922.wav,12.0
C:\Users\jeswa\Downloads\file\data\train_set\noisy\synth_01923.wav,C:\Users\jeswa\Downloads\file\data\train_set\clean\synth_01923.wav,-9.8
C:\Users\jeswa\Downloads\file\data\train_set\noisy\synth_01924.wav,C:\Users\jeswa\Downloads\file\data\train_set\clean\synth_01924.wav,6.4
C:\Users\jeswa\Downloads\file\data\train_set\noisy\synth_01925.wav,C:\Users\jeswa\Downloads\file\data\train_set\clean\synth_01925.wav,8.4
C:\Users\jeswa\Downloads\file\data\train_set\noisy\synth_01926.wav,C:\Users\jeswa\Downloads\file\data\train_set\clean\synth_01926.wav,11.2
C:\Users\jeswa\Downloads\file\data\train_set\noisy\synth_01927.wav,C:\Users\jeswa\Downloads\file\data\train_set\clean\synth_01927.wav,1.4
C:\Users\jeswa\Downloads\file\data\train_set\noisy\synth_01928.wav,C:\Users\jeswa\Downloads\file\data\train_set\clean\synth_01928.wav,11.5
C:\Users\jeswa\Downloads\file\data\train_set\noisy\synth_01929.wav,C:\Users\jeswa\Downloads\file\data\train_set\clean\synth_01929.wav,14.6
C:\Users\jeswa\Downloads\file\data\train_set\noisy\synth_01930.wav,C:\Users\jeswa\Downloads\file\data\train_set\clean\synth_01930.wav,4.0
C:\Users\jeswa\Downloads\file\data\train_set\noisy\synth_01931.wav,C:\Users\jeswa\Downloads\file\data\train_set\clean\synth_01931.wav,4.7
C:\Users\jeswa\Downloads\file\data\train_set\noisy\synth_01932.wav,C:\Users\jeswa\Downloads\file\data\train_set\clean\synth_01932.wav,-1.3
C:\Users\jeswa\Downloads\file\data\train_set\noisy\synth_01933.wav,C:\Users\jeswa\Downloads\file\data\train_set\clean\synth_01933.wav,10.5
C:\Users\jeswa\Downloads\file\data\train_set\noisy\synth_01934.wav,C:\Users\jeswa\Downloads\file\data\train_set\clean\synth_01934.wav,3.6
C:\Users\jeswa\Downloads\file\data\train_set\noisy\synth_01935.wav,C:\Users\jeswa\Downloads\file\data\train_set\clean\synth_01935.wav,11.5
C:\Users\jeswa\Downloads\file\data\train_set\noisy\synth_01936.wav,C:\Users\jeswa\Downloads\file\data\train_set\clean\synth_01936.wav,-3.5
C:\Users\jeswa\Downloads\file\data\train_set\noisy\synth_01937.wav,C:\Users\jeswa\Downloads\file\data\train_set\clean\synth_01937.wav,-0.2
C:\Users\jeswa\Downloads\file\data\train_set\noisy\synth_01938.wav,C:\Users\jeswa\Downloads\file\data\train_set\clean\synth_01938.wav,-2.1
C:\Users\jeswa\Downloads\file\data\train_set\noisy\synth_01939.wav,C:\Users\jeswa\Downloads\file\data\train_set\clean\synth_01939.wav,11.8
C:\Users\jeswa\Downloads\file\data\train_set\noisy\synth_01940.wav,C:\Users\jeswa\Downloads\file\data\train_set\clean\synth_01940.wav,-1.4
C:\Users\jeswa\Downloads\file\data\train_set\noisy\synth_01941.wav,C:\Users\jeswa\Downloads\file\data\train_set\clean\synth_01941.wav,3.4
C:\Users\jeswa\Downloads\file\data\train_set\noisy\synth_01942.wav,C:\Users\jeswa\Downloads\file\data\train_set\clean\synth_01942.wav,11.8
C:\Users\jeswa\Downloads\file\data\train_set\noisy\synth_01943.wav,C:\Users\jeswa\Downloads\file\data\train_set\clean\synth_01943.wav,12.4
C:\Users\jeswa\Downloads\file\data\train_set\noisy\synth_01944.wav,C:\Users\jeswa\Downloads\file\data\train_set\clean\synth_01944.wav,8.4
C:\Users\jeswa\Downloads\file\data\train_set\noisy\synth_01945.wav,C:\Users\jeswa\Downloads\file\data\train_set\clean\synth_01945.wav,8.5
C:\Users\jeswa\Downloads\file\data\train_set\noisy\synth_01946.wav,C:\Users\jeswa\Downloads\file\data\train_set\clean\synth_01946.wav,-3.2
C:\Users\jeswa\Downloads\file\data\train_set\noisy\synth_01947.wav,C:\Users\jeswa\Downloads\file\data\train_set\clean\synth_01947.wav,13.0
C:\Users\jeswa\Downloads\file\data\train_set\noisy\synth_01948.wav,C:\Users\jeswa\Downloads\file\data\train_set\clean\synth_01948.wav,2.9
C:\Users\jeswa\Downloads\file\data\train_set\noisy\synth_01949.wav,C:\Users\jeswa\Downloads\file\data\train_set\clean\synth_01949.wav,4.8
C:\Users\jeswa\Downloads\file\data\train_set\noisy\synth_01950.wav,C:\Users\jeswa\Downloads\file\data\train_set\clean\synth_01950.wav,1.2
C:\Users\jeswa\Downloads\file\data\train_set\noisy\synth_01951.wav,C:\Users\jeswa\Downloads\file\data\train_set\clean\synth_01951.wav,-7.5
C:\Users\jeswa\Downloads\file\data\train_set\noisy\synth_01952.wav,C:\Users\jeswa\Downloads\file\data\train_set\clean\synth_01952.wav,11.3
C:\Users\jeswa\Downloads\file\data\train_set\noisy\synth_01953.wav,C:\Users\jeswa\Downloads\file\data\train_set\clean\synth_01953.wav,-3.5
C:\Users\jeswa\Downloads\file\data\train_set\noisy\synth_01954.wav,C:\Users\jeswa\Downloads\file\data\train_set\clean\synth_01954.wav,0.3
C:\Users\jeswa\Downloads\file\data\train_set\noisy\synth_01955.wav,C:\Users\jeswa\Downloads\file\data\train_set\clean\synth_01955.wav,11.9
C:\Users\jeswa\Downloads\file\data\train_set\noisy\synth_01956.wav,C:\Users\jeswa\Downloads\file\data\train_set\clean\synth_01956.wav,-3.0
C:\Users\jeswa\Downloads\file\data\train_set\noisy\synth_01957.wav,C:\Users\jeswa\Downloads\file\data\train_set\clean\synth_01957.wav,-0.4
C:\Users\jeswa\Downloads\file\data\train_set\noisy\synth_01958.wav,C:\Users\jeswa\Downloads\file\data\train_set\clean\synth_01958.wav,4.1
C:\Users\jeswa\Downloads\file\data\train_set\noisy\synth_01959.wav,C:\Users\jeswa\Downloads\file\data\train_set\clean\synth_01959.wav,2.0
C:\Users\jeswa\Downloads\file\data\train_set\noisy\synth_01960.wav,C:\Users\jeswa\Downloads\file\data\train_set\clean\synth_01960.wav,-5.0
C:\Users\jeswa\Downloads\file\data\train_set\noisy\synth_01961.wav,C:\Users\jeswa\Downloads\file\data\train_set\clean\synth_01961.wav,-5.3
C:\Users\jeswa\Downloads\file\data\train_set\noisy\synth_01962.wav,C:\Users\jeswa\Downloads\file\data\train_set\clean\synth_01962.wav,-6.9
C:\Users\jeswa\Downloads\file\data\train_set\noisy\synth_01963.wav,C:\Users\jeswa\Downloads\file\data\train_set\clean\synth_01963.wav,-0.4
C:\Users\jeswa\Downloads\file\data\train_set\noisy\synth_01964.wav,C:\Users\jeswa\Downloads\file\data\train_set\clean\synth_01964.wav,-0.7
C:\Users\jeswa\Downloads\file\data\train_set\noisy\synth_01965.wav,C:\Users\jeswa\Downloads\file\data\train_set\clean\synth_01965.wav,8.4
C:\Users\jeswa\Downloads\file\data\train_set\noisy\synth_01966.wav,C:\Users\jeswa\Downloads\file\data\train_set\clean\synth_01966.wav,10.4
C:\Users\jeswa\Downloads\file\data\train_set\noisy\synth_01967.wav,C:\Users\jeswa\Downloads\file\data\train_set\clean\synth_01967.wav,-9.0
C:\Users\jeswa\Downloads\file\data\train_set\noisy\synth_01968.wav,C:\Users\jeswa\Downloads\file\data\train_set\clean\synth_01968.wav,-6.0
C:\Users\jeswa\Downloads\file\data\train_set\noisy\synth_01969.wav,C:\Users\jeswa\Downloads\file\data\train_set\clean\synth_01969.wav,-6.8
C:\Users\jeswa\Downloads\file\data\train_set\noisy\synth_01970.wav,C:\Users\jeswa\Downloads\file\data\train_set\clean\synth_01970.wav,-7.5
C:\Users\jeswa\Downloads\file\data\train_set\noisy\synth_01971.wav,C:\Users\jeswa\Downloads\file\data\train_set\clean\synth_01971.wav,-6.3
C:\Users\jeswa\Downloads\file\data\train_set\noisy\synth_01972.wav,C:\Users\jeswa\Downloads\file\data\train_set\clean\synth_01972.wav,-7.8
C:\Users\jeswa\Downloads\file\data\train_set\noisy\synth_01973.wav,C:\Users\jeswa\Downloads\file\data\train_set\clean\synth_01973.wav,-8.4
C:\Users\jeswa\Downloads\file\data\train_set\noisy\synth_01974.wav,C:\Users\jeswa\Downloads\file\data\train_set\clean\synth_01974.wav,-2.7
C:\Users\jeswa\Downloads\file\data\train_set\noisy\synth_01975.wav,C:\Users\jeswa\Downloads\file\data\train_set\clean\synth_01975.wav,5.1
C:\Users\jeswa\Downloads\file\data\train_set\noisy\synth_01976.wav,C:\Users\jeswa\Downloads\file\data\train_set\clean\synth_01976.wav,-3.1
C:\Users\jeswa\Downloads\file\data\train_set\noisy\synth_01977.wav,C:\Users\jeswa\Downloads\file\data\train_set\clean\synth_01977.wav,-3.1
C:\Users\jeswa\Downloads\file\data\train_set\noisy\synth_01978.wav,C:\Users\jeswa\Downloads\file\data\train_set\clean\synth_01978.wav,13.4
C:\Users\jeswa\Downloads\file\data\train_set\noisy\synth_01979.wav,C:\Users\jeswa\Downloads\file\data\train_set\clean\synth_01979.wav,13.4
C:\Users\jeswa\Downloads\file\data\train_set\noisy\synth_01980.wav,C:\Users\jeswa\Downloads\file\data\train_set\clean\synth_01980.wav,-7.1
C:\Users\jeswa\Downloads\file\data\train_set\noisy\synth_01981.wav,C:\Users\jeswa\Downloads\file\data\train_set\clean\synth_01981.wav,-0.9
C:\Users\jeswa\Downloads\file\data\train_set\noisy\synth_01982.wav,C:\Users\jeswa\Downloads\file\data\train_set\clean\synth_01982.wav,13.4
C:\Users\jeswa\Downloads\file\data\train_set\noisy\synth_01983.wav,C:\Users\jeswa\Downloads\file\data\train_set\clean\synth_01983.wav,-4.7
C:\Users\jeswa\Downloads\file\data\train_set\noisy\synth_01984.wav,C:\Users\jeswa\Downloads\file\data\train_set\clean\synth_01984.wav,4.2
C:\Users\jeswa\Downloads\file\data\train_set\noisy\synth_01985.wav,C:\Users\jeswa\Downloads\file\data\train_set\clean\synth_01985.wav,13.6
C:\Users\jeswa\Downloads\file\data\train_set\noisy\synth_01986.wav,C:\Users\jeswa\Downloads\file\data\train_set\clean\synth_01986.wav,8.4
C:\Users\jeswa\Downloads\file\data\train_set\noisy\synth_01987.wav,C:\Users\jeswa\Downloads\file\data\train_set\clean\synth_01987.wav,-1.1
C:\Users\jeswa\Downloads\file\data\train_set\noisy\synth_01988.wav,C:\Users\jeswa\Downloads\file\data\train_set\clean\synth_01988.wav,1.9
C:\Users\jeswa\Downloads\file\data\train_set\noisy\synth_01989.wav,C:\Users\jeswa\Downloads\file\data\train_set\clean\synth_01989.wav,-6.0
C:\Users\jeswa\Downloads\file\data\train_set\noisy\synth_01990.wav,C:\Users\jeswa\Downloads\file\data\train_set\clean\synth_01990.wav,5.8
C:\Users\jeswa\Downloads\file\data\train_set\noisy\synth_01991.wav,C:\Users\jeswa\Downloads\file\data\train_set\clean\synth_01991.wav,-4.9
C:\Users\jeswa\Downloads\file\data\train_set\noisy\synth_01992.wav,C:\Users\jeswa\Downloads\file\data\train_set\clean\synth_01992.wav,-0.3
C:\Users\jeswa\Downloads\file\data\train_set\noisy\synth_01993.wav,C:\Users\jeswa\Downloads\file\data\train_set\clean\synth_01993.wav,13.8
C:\Users\jeswa\Downloads\file\data\train_set\noisy\synth_01994.wav,C:\Users\jeswa\Downloads\file\data\train_set\clean\synth_01994.wav,12.6
C:\Users\jeswa\Downloads\file\data\train_set\noisy\synth_01995.wav,C:\Users\jeswa\Downloads\file\data\train_set\clean\synth_01995.wav,-8.2
C:\Users\jeswa\Downloads\file\data\train_set\noisy\synth_01996.wav,C:\Users\jeswa\Downloads\file\data\train_set\clean\synth_01996.wav,5.7
C:\Users\jeswa\Downloads\file\data\train_set\noisy\synth_01997.wav,C:\Users\jeswa\Downloads\file\data\train_set\clean\synth_01997.wav,13.1
C:\Users\jeswa\Downloads\file\data\train_set\noisy\synth_01998.wav,C:\Users\jeswa\Downloads\file\data\train_set\clean\synth_01998.wav,-2.6
C:\Users\jeswa\Downloads\file\data\train_set\noisy\synth_01999.wav,C:\Users\jeswa\Downloads\file\data\train_set\clean\synth_01999.wav,-2.0
C:\Users\jeswa\Downloads\file\data\train_set\noisy\synth_02000.wav,C:\Users\jeswa\Downloads\file\data\train_set\clean\synth_02000.wav,1.0
C:\Users\jeswa\Downloads\file\data\train_set\noisy\synth_02001.wav,C:\Users\jeswa\Downloads\file\data\train_set\clean\synth_02001.wav,-0.9
C:\Users\jeswa\Downloads\file\data\train_set\noisy\synth_02002.wav,C:\Users\jeswa\Downloads\file\data\train_set\clean\synth_02002.wav,-6.2
C:\Users\jeswa\Downloads\file\data\train_set\noisy\synth_02003.wav,C:\Users\jeswa\Downloads\file\data\train_set\clean\synth_02003.wav,5.0
C:\Users\jeswa\Downloads\file\data\train_set\noisy\synth_02004.wav,C:\Users\jeswa\Downloads\file\data\train_set\clean\synth_02004.wav,13.7
C:\Users\jeswa\Downloads\file\data\train_set\noisy\synth_02005.wav,C:\Users\jeswa\Downloads\file\data\train_set\clean\synth_02005.wav,-5.7
C:\Users\jeswa\Downloads\file\data\train_set\noisy\synth_02006.wav,C:\Users\jeswa\Downloads\file\data\train_set\clean\synth_02006.wav,-3.8
C:\Users\jeswa\Downloads\file\data\train_set\noisy\synth_02007.wav,C:\Users\jeswa\Downloads\file\data\train_set\clean\synth_02007.wav,3.0
C:\Users\jeswa\Downloads\file\data\train_set\noisy\synth_02008.wav,C:\Users\jeswa\Downloads\file\data\train_set\clean\synth_02008.wav,-2.7
C:\Users\jeswa\Downloads\file\data\train_set\noisy\synth_02009.wav,C:\Users\jeswa\Downloads\file\data\train_set\clean\synth_02009.wav,-0.1
C:\Users\jeswa\Downloads\file\data\train_set\noisy\synth_02010.wav,C:\Users\jeswa\Downloads\file\data\train_set\clean\synth_02010.wav,12.8
C:\Users\jeswa\Downloads\file\data\train_set\noisy\synth_02011.wav,C:\Users\jeswa\Downloads\file\data\train_set\clean\synth_02011.wav,-3.9
C:\Users\jeswa\Downloads\file\data\train_set\noisy\synth_02012.wav,C:\Users\jeswa\Downloads\file\data\train_set\clean\synth_02012.wav,-8.6
C:\Users\jeswa\Downloads\file\data\train_set\noisy\synth_02013.wav,C:\Users\jeswa\Downloads\file\data\train_set\clean\synth_02013.wav,-8.8
C:\Users\jeswa\Downloads\file\data\train_set\noisy\synth_02014.wav,C:\Users\jeswa\Downloads\file\data\train_set\clean\synth_02014.wav,8.7
C:\Users\jeswa\Downloads\file\data\train_set\noisy\synth_02015.wav,C:\Users\jeswa\Downloads\file\data\train_set\clean\synth_02015.wav,-3.8
C:\Users\jeswa\Downloads\file\data\train_set\noisy\synth_02016.wav,C:\Users\jeswa\Downloads\file\data\train_set\clean\synth_02016.wav,8.0
C:\Users\jeswa\Downloads\file\data\train_set\noisy\synth_02017.wav,C:\Users\jeswa\Downloads\file\data\train_set\clean\synth_02017.wav,5.8
C:\Users\jeswa\Downloads\file\data\train_set\noisy\synth_02018.wav,C:\Users\jeswa\Downloads\file\data\train_set\clean\synth_02018.wav,1.3
C:\Users\jeswa\Downloads\file\data\train_set\noisy\synth_02019.wav,C:\Users\jeswa\Downloads\file\data\train_set\clean\synth_02019.wav,5.4
C:\Users\jeswa\Downloads\file\data\train_set\noisy\synth_02020.wav,C:\Users\jeswa\Downloads\file\data\train_set\clean\synth_02020.wav,-4.4
C:\Users\jeswa\Downloads\file\data\train_set\noisy\synth_02021.wav,C:\Users\jeswa\Downloads\file\data\train_set\clean\synth_02021.wav,-10.0
C:\Users\jeswa\Downloads\file\data\train_set\noisy\synth_02022.wav,C:\Users\jeswa\Downloads\file\data\train_set\clean\synth_02022.wav,8.4
C:\Users\jeswa\Downloads\file\data\train_set\noisy\synth_02023.wav,C:\Users\jeswa\Downloads\file\data\train_set\clean\synth_02023.wav,-4.5
C:\Users\jeswa\Downloads\file\data\train_set\noisy\synth_02024.wav,C:\Users\jeswa\Downloads\file\data\train_set\clean\synth_02024.wav,7.4
C:\Users\jeswa\Downloads\file\data\train_set\noisy\synth_02025.wav,C:\Users\jeswa\Downloads\file\data\train_set\clean\synth_02025.wav,0.6
C:\Users\jeswa\Downloads\file\data\train_set\noisy\synth_02026.wav,C:\Users\jeswa\Downloads\file\data\train_set\clean\synth_02026.wav,6.9
C:\Users\jeswa\Downloads\file\data\train_set\noisy\synth_02027.wav,C:\Users\jeswa\Downloads\file\data\train_set\clean\synth_02027.wav,8.6
C:\Users\jeswa\Downloads\file\data\train_set\noisy\synth_02028.wav,C:\Users\jeswa\Downloads\file\data\train_set\clean\synth_02028.wav,-9.5
C:\Users\jeswa\Downloads\file\data\train_set\noisy\synth_02029.wav,C:\Users\jeswa\Downloads\file\data\train_set\clean\synth_02029.wav,-6.4
C:\Users\jeswa\Downloads\file\data\train_set\noisy\synth_02030.wav,C:\Users\jeswa\Downloads\file\data\train_set\clean\synth_02030.wav,-2.1
C:\Users\jeswa\Downloads\file\data\train_set\noisy\synth_02031.wav,C:\Users\jeswa\Downloads\file\data\train_set\clean\synth_02031.wav,2.5
C:\Users\jeswa\Downloads\file\data\train_set\noisy\synth_02032.wav,C:\Users\jeswa\Downloads\file\data\train_set\clean\synth_02032.wav,13.2
C:\Users\jeswa\Downloads\file\data\train_set\noisy\synth_02033.wav,C:\Users\jeswa\Downloads\file\data\train_set\clean\synth_02033.wav,11.2
C:\Users\jeswa\Downloads\file\data\train_set\noisy\synth_02034.wav,C:\Users\jeswa\Downloads\file\data\train_set\clean\synth_02034.wav,11.3
C:\Users\jeswa\Downloads\file\data\train_set\noisy\synth_02035.wav,C:\Users\jeswa\Downloads\file\data\train_set\clean\synth_02035.wav,9.7
C:\Users\jeswa\Downloads\file\data\train_set\noisy\synth_02036.wav,C:\Users\jeswa\Downloads\file\data\train_set\clean\synth_02036.wav,6.3
C:\Users\jeswa\Downloads\file\data\train_set\noisy\synth_02037.wav,C:\Users\jeswa\Downloads\file\data\train_set\clean\synth_02037.wav,7.2
C:\Users\jeswa\Downloads\file\data\train_set\noisy\synth_02038.wav,C:\Users\jeswa\Downloads\file\data\train_set\clean\synth_02038.wav,13.0
C:\Users\jeswa\Downloads\file\data\train_set\noisy\synth_02039.wav,C:\Users\jeswa\Downloads\file\data\train_set\clean\synth_02039.wav,-2.2
C:\Users\jeswa\Downloads\file\data\train_set\noisy\synth_02040.wav,C:\Users\jeswa\Downloads\file\data\train_set\clean\synth_02040.wav,-8.2
C:\Users\jeswa\Downloads\file\data\train_set\noisy\synth_02041.wav,C:\Users\jeswa\Downloads\file\data\train_set\clean\synth_02041.wav,13.5
C:\Users\jeswa\Downloads\file\data\train_set\noisy\synth_02042.wav,C:\Users\jeswa\Downloads\file\data\train_set\clean\synth_02042.wav,9.5
C:\Users\jeswa\Downloads\file\data\train_set\noisy\synth_02043.wav,C:\Users\jeswa\Downloads\file\data\train_set\clean\synth_02043.wav,10.4
C:\Users\jeswa\Downloads\file\data\train_set\noisy\synth_02044.wav,C:\Users\jeswa\Downloads\file\data\train_set\clean\synth_02044.wav,12.8
C:\Users\jeswa\Downloads\file\data\train_set\noisy\synth_02045.wav,C:\Users\jeswa\Downloads\file\data\train_set\clean\synth_02045.wav,12.1
C:\Users\jeswa\Downloads\file\data\train_set\noisy\synth_02046.wav,C:\Users\jeswa\Downloads\file\data\train_set\clean\synth_02046.wav,-8.3
C:\Users\jeswa\Downloads\file\data\train_set\noisy\synth_02047.wav,C:\Users\jeswa\Downloads\file\data\train_set\clean\synth_02047.wav,-7.6
C:\Users\jeswa\Downloads\file\data\train_set\noisy\synth_02048.wav,C:\Users\jeswa\Downloads\file\data\train_set\clean\synth_02048.wav,12.5
C:\Users\jeswa\Downloads\file\data\train_set\noisy\synth_02049.wav,C:\Users\jeswa\Downloads\file\data\train_set\clean\synth_02049.wav,-2.1
C:\Users\jeswa\Downloads\file\data\train_set\noisy\synth_02050.wav,C:\Users\jeswa\Downloads\file\data\train_set\clean\synth_02050.wav,5.8
C:\Users\jeswa\Downloads\file\data\train_set\noisy\synth_02051.wav,C:\Users\jeswa\Downloads\file\data\train_set\clean\synth_02051.wav,-6.8
C:\Users\jeswa\Downloads\file\data\train_set\noisy\synth_02052.wav,C:\Users\jeswa\Downloads\file\data\train_set\clean\synth_02052.wav,-6.8
C:\Users\jeswa\Downloads\file\data\train_set\noisy\synth_02053.wav,C:\Users\jeswa\Downloads\file\data\train_set\clean\synth_02053.wav,-7.6
C:\Users\jeswa\Downloads\file\data\train_set\noisy\synth_02054.wav,C:\Users\jeswa\Downloads\file\data\train_set\clean\synth_02054.wav,1.0
C:\Users\jeswa\Downloads\file\data\train_set\noisy\synth_02055.wav,C:\Users\jeswa\Downloads\file\data\train_set\clean\synth_02055.wav,4.0
C:\Users\jeswa\Downloads\file\data\train_set\noisy\synth_02056.wav,C:\Users\jeswa\Downloads\file\data\train_set\clean\synth_02056.wav,-7.3
C:\Users\jeswa\Downloads\file\data\train_set\noisy\synth_02057.wav,C:\Users\jeswa\Downloads\file\data\train_set\clean\synth_02057.wav,-9.3
C:\Users\jeswa\Downloads\file\data\train_set\noisy\synth_02058.wav,C:\Users\jeswa\Downloads\file\data\train_set\clean\synth_02058.wav,13.2
C:\Users\jeswa\Downloads\file\data\train_set\noisy\synth_02059.wav,C:\Users\jeswa\Downloads\file\data\train_set\clean\synth_02059.wav,10.9
C:\Users\jeswa\Downloads\file\data\train_set\noisy\synth_02060.wav,C:\Users\jeswa\Downloads\file\data\train_set\clean\synth_02060.wav,8.4
C:\Users\jeswa\Downloads\file\data\train_set\noisy\synth_02061.wav,C:\Users\jeswa\Downloads\file\data\train_set\clean\synth_02061.wav,-7.8
C:\Users\jeswa\Downloads\file\data\train_set\noisy\synth_02062.wav,C:\Users\jeswa\Downloads\file\data\train_set\clean\synth_02062.wav,8.2
C:\Users\jeswa\Downloads\file\data\train_set\noisy\synth_02063.wav,C:\Users\jeswa\Downloads\file\data\train_set\clean\synth_02063.wav,-3.8
C:\Users\jeswa\Downloads\file\data\train_set\noisy\synth_02064.wav,C:\Users\jeswa\Downloads\file\data\train_set\clean\synth_02064.wav,-9.9
C:\Users\jeswa\Downloads\file\data\train_set\noisy\synth_02065.wav,C:\Users\jeswa\Downloads\file\data\train_set\clean\synth_02065.wav,-2.2
C:\Users\jeswa\Downloads\file\data\train_set\noisy\synth_02066.wav,C:\Users\jeswa\Downloads\file\data\train_set\clean\synth_02066.wav,2.0
C:\Users\jeswa\Downloads\file\data\train_set\noisy\synth_02067.wav,C:\Users\jeswa\Downloads\file\data\train_set\clean\synth_02067.wav,7.5
C:\Users\jeswa\Downloads\file\data\train_set\noisy\synth_02068.wav,C:\Users\jeswa\Downloads\file\data\train_set\clean\synth_02068.wav,4.6
C:\Users\jeswa\Downloads\file\data\train_set\noisy\synth_02069.wav,C:\Users\jeswa\Downloads\file\data\train_set\clean\synth_02069.wav,-2.4
C:\Users\jeswa\Downloads\file\data\train_set\noisy\synth_02070.wav,C:\Users\jeswa\Downloads\file\data\train_set\clean\synth_02070.wav,2.4
C:\Users\jeswa\Downloads\file\data\train_set\noisy\synth_02071.wav,C:\Users\jeswa\Downloads\file\data\train_set\clean\synth_02071.wav,-7.7
C:\Users\jeswa\Downloads\file\data\train_set\noisy\synth_02072.wav,C:\Users\jeswa\Downloads\file\data\train_set\clean\synth_02072.wav,8.9
C:\Users\jeswa\Downloads\file\data\train_set\noisy\synth_02073.wav,C:\Users\jeswa\Downloads\file\data\train_set\clean\synth_02073.wav,0.9
C:\Users\jeswa\Downloads\file\data\train_set\noisy\synth_02074.wav,C:\Users\jeswa\Downloads\file\data\train_set\clean\synth_02074.wav,-2.1
C:\Users\jeswa\Downloads\file\data\train_set\noisy\synth_02075.wav,C:\Users\jeswa\Downloads\file\data\train_set\clean\synth_02075.wav,2.0
C:\Users\jeswa\Downloads\file\data\train_set\noisy\synth_02076.wav,C:\Users\jeswa\Downloads\file\data\train_set\clean\synth_02076.wav,-9.2
C:\Users\jeswa\Downloads\file\data\train_set\noisy\synth_02077.wav,C:\Users\jeswa\Downloads\file\data\train_set\clean\synth_02077.wav,7.8
C:\Users\jeswa\Downloads\file\data\train_set\noisy\synth_02078.wav,C:\Users\jeswa\Downloads\file\data\train_set\clean\synth_02078.wav,9.3
C:\Users\jeswa\Downloads\file\data\train_set\noisy\synth_02079.wav,C:\Users\jeswa\Downloads\file\data\train_set\clean\synth_02079.wav,7.1
C:\Users\jeswa\Downloads\file\data\train_set\noisy\synth_02080.wav,C:\Users\jeswa\Downloads\file\data\train_set\clean\synth_02080.wav,-7.0
C:\Users\jeswa\Downloads\file\data\train_set\noisy\synth_02081.wav,C:\Users\jeswa\Downloads\file\data\train_set\clean\synth_02081.wav,-0.6
C:\Users\jeswa\Downloads\file\data\train_set\noisy\synth_02082.wav,C:\Users\jeswa\Downloads\file\data\train_set\clean\synth_02082.wav,9.2
C:\Users\jeswa\Downloads\file\data\train_set\noisy\synth_02083.wav,C:\Users\jeswa\Downloads\file\data\train_set\clean\synth_02083.wav,7.5
C:\Users\jeswa\Downloads\file\data\train_set\noisy\synth_02084.wav,C:\Users\jeswa\Downloads\file\data\train_set\clean\synth_02084.wav,2.3
C:\Users\jeswa\Downloads\file\data\train_set\noisy\synth_02085.wav,C:\Users\jeswa\Downloads\file\data\train_set\clean\synth_02085.wav,-0.6
C:\Users\jeswa\Downloads\file\data\train_set\noisy\synth_02086.wav,C:\Users\jeswa\Downloads\file\data\train_set\clean\synth_02086.wav,10.1
C:\Users\jeswa\Downloads\file\data\train_set\noisy\synth_02087.wav,C:\Users\jeswa\Downloads\file\data\train_set\clean\synth_02087.wav,3.6
C:\Users\jeswa\Downloads\file\data\train_set\noisy\synth_02088.wav,C:\Users\jeswa\Downloads\file\data\train_set\clean\synth_02088.wav,-5.9
C:\Users\jeswa\Downloads\file\data\train_set\noisy\synth_02089.wav,C:\Users\jeswa\Downloads\file\data\train_set\clean\synth_02089.wav,5.3
C:\Users\jeswa\Downloads\file\data\train_set\noisy\synth_02090.wav,C:\Users\jeswa\Downloads\file\data\train_set\clean\synth_02090.wav,0.5
C:\Users\jeswa\Downloads\file\data\train_set\noisy\synth_02091.wav,C:\Users\jeswa\Downloads\file\data\train_set\clean\synth_02091.wav,-6.8
C:\Users\jeswa\Downloads\file\data\train_set\noisy\synth_02092.wav,C:\Users\jeswa\Downloads\file\data\train_set\clean\synth_02092.wav,6.9
C:\Users\jeswa\Downloads\file\data\train_set\noisy\synth_02093.wav,C:\Users\jeswa\Downloads\file\data\train_set\clean\synth_02093.wav,-8.1
C:\Users\jeswa\Downloads\file\data\train_set\noisy\synth_02094.wav,C:\Users\jeswa\Downloads\file\data\train_set\clean\synth_02094.wav,6.8
C:\Users\jeswa\Downloads\file\data\train_set\noisy\synth_02095.wav,C:\Users\jeswa\Downloads\file\data\train_set\clean\synth_02095.wav,8.4
C:\Users\jeswa\Downloads\file\data\train_set\noisy\synth_02096.wav,C:\Users\jeswa\Downloads\file\data\train_set\clean\synth_02096.wav,7.2
C:\Users\jeswa\Downloads\file\data\train_set\noisy\synth_02097.wav,C:\Users\jeswa\Downloads\file\data\train_set\clean\synth_02097.wav,9.9
C:\Users\jeswa\Downloads\file\data\train_set\noisy\synth_02098.wav,C:\Users\jeswa\Downloads\file\data\train_set\clean\synth_02098.wav,13.6
C:\Users\jeswa\Downloads\file\data\train_set\noisy\synth_02099.wav,C:\Users\jeswa\Downloads\file\data\train_set\clean\synth_02099.wav,-1.8
C:\Users\jeswa\Downloads\file\data\train_set\noisy\synth_02100.wav,C:\Users\jeswa\Downloads\file\data\train_set\clean\synth_02100.wav,8.6
C:\Users\jeswa\Downloads\file\data\train_set\noisy\synth_02101.wav,C:\Users\jeswa\Downloads\file\data\train_set\clean\synth_02101.wav,-5.4
C:\Users\jeswa\Downloads\file\data\train_set\noisy\synth_02102.wav,C:\Users\jeswa\Downloads\file\data\train_set\clean\synth_02102.wav,4.8
C:\Users\jeswa\Downloads\file\data\train_set\noisy\synth_02103.wav,C:\Users\jeswa\Downloads\file\data\train_set\clean\synth_02103.wav,-7.5
C:\Users\jeswa\Downloads\file\data\train_set\noisy\synth_02104.wav,C:\Users\jeswa\Downloads\file\data\train_set\clean\synth_02104.wav,1.4
C:\Users\jeswa\Downloads\file\data\train_set\noisy\synth_02105.wav,C:\Users\jeswa\Downloads\file\data\train_set\clean\synth_02105.wav,14.2
C:\Users\jeswa\Downloads\file\data\train_set\noisy\synth_02106.wav,C:\Users\jeswa\Downloads\file\data\train_set\clean\synth_02106.wav,7.8
C:\Users\jeswa\Downloads\file\data\train_set\noisy\synth_02107.wav,C:\Users\jeswa\Downloads\file\data\train_set\clean\synth_02107.wav,-0.6
C:\Users\jeswa\Downloads\file\data\train_set\noisy\synth_02108.wav,C:\Users\jeswa\Downloads\file\data\train_set\clean\synth_02108.wav,2.9
C:\Users\jeswa\Downloads\file\data\train_set\noisy\synth_02109.wav,C:\Users\jeswa\Downloads\file\data\train_set\clean\synth_02109.wav,11.1
C:\Users\jeswa\Downloads\file\data\train_set\noisy\synth_02110.wav,C:\Users\jeswa\Downloads\file\data\train_set\clean\synth_02110.wav,4.1
C:\Users\jeswa\Downloads\file\data\train_set\noisy\synth_02111.wav,C:\Users\jeswa\Downloads\file\data\train_set\clean\synth_02111.wav,4.6
C:\Users\jeswa\Downloads\file\data\train_set\noisy\synth_02112.wav,C:\Users\jeswa\Downloads\file\data\train_set\clean\synth_02112.wav,14.6
C:\Users\jeswa\Downloads\file\data\train_set\noisy\synth_02113.wav,C:\Users\jeswa\Downloads\file\data\train_set\clean\synth_02113.wav,9.6
C:\Users\jeswa\Downloads\file\data\train_set\noisy\synth_02114.wav,C:\Users\jeswa\Downloads\file\data\train_set\clean\synth_02114.wav,13.7
C:\Users\jeswa\Downloads\file\data\train_set\noisy\synth_02115.wav,C:\Users\jeswa\Downloads\file\data\train_set\clean\synth_02115.wav,-7.2
C:\Users\jeswa\Downloads\file\data\train_set\noisy\synth_02116.wav,C:\Users\jeswa\Downloads\file\data\train_set\clean\synth_02116.wav,-9.4
C:\Users\jeswa\Downloads\file\data\train_set\noisy\synth_02117.wav,C:\Users\jeswa\Downloads\file\data\train_set\clean\synth_02117.wav,3.2
C:\Users\jeswa\Downloads\file\data\train_set\noisy\synth_02118.wav,C:\Users\jeswa\Downloads\file\data\train_set\clean\synth_02118.wav,8.5
C:\Users\jeswa\Downloads\file\data\train_set\noisy\synth_02119.wav,C:\Users\jeswa\Downloads\file\data\train_set\clean\synth_02119.wav,4.9
C:\Users\jeswa\Downloads\file\data\train_set\noisy\synth_02120.wav,C:\Users\jeswa\Downloads\file\data\train_set\clean\synth_02120.wav,-1.7
C:\Users\jeswa\Downloads\file\data\train_set\noisy\synth_02121.wav,C:\Users\jeswa\Downloads\file\data\train_set\clean\synth_02121.wav,7.2
C:\Users\jeswa\Downloads\file\data\train_set\noisy\synth_02122.wav,C:\Users\jeswa\Downloads\file\data\train_set\clean\synth_02122.wav,5.2
C:\Users\jeswa\Downloads\file\data\train_set\noisy\synth_02123.wav,C:\Users\jeswa\Downloads\file\data\train_set\clean\synth_02123.wav,-6.7
C:\Users\jeswa\Downloads\file\data\train_set\noisy\synth_02124.wav,C:\Users\jeswa\Downloads\file\data\train_set\clean\synth_02124.wav,-2.8
C:\Users\jeswa\Downloads\file\data\train_set\noisy\synth_02125.wav,C:\Users\jeswa\Downloads\file\data\train_set\clean\synth_02125.wav,5.2
C:\Users\jeswa\Downloads\file\data\train_set\noisy\synth_02126.wav,C:\Users\jeswa\Downloads\file\data\train_set\clean\synth_02126.wav,8.2
C:\Users\jeswa\Downloads\file\data\train_set\noisy\synth_02127.wav,C:\Users\jeswa\Downloads\file\data\train_set\clean\synth_02127.wav,12.4
C:\Users\jeswa\Downloads\file\data\train_set\noisy\synth_02128.wav,C:\Users\jeswa\Downloads\file\data\train_set\clean\synth_02128.wav,14.5
C:\Users\jeswa\Downloads\file\data\train_set\noisy\synth_02129.wav,C:\Users\jeswa\Downloads\file\data\train_set\clean\synth_02129.wav,-7.2
C:\Users\jeswa\Downloads\file\data\train_set\noisy\synth_02130.wav,C:\Users\jeswa\Downloads\file\data\train_set\clean\synth_02130.wav,4.0
C:\Users\jeswa\Downloads\file\data\train_set\noisy\synth_02131.wav,C:\Users\jeswa\Downloads\file\data\train_set\clean\synth_02131.wav,9.1
C:\Users\jeswa\Downloads\file\data\train_set\noisy\synth_02132.wav,C:\Users\jeswa\Downloads\file\data\train_set\clean\synth_02132.wav,-7.8
C:\Users\jeswa\Downloads\file\data\train_set\noisy\synth_02133.wav,C:\Users\jeswa\Downloads\file\data\train_set\clean\synth_02133.wav,10.9
C:\Users\jeswa\Downloads\file\data\train_set\noisy\synth_02134.wav,C:\Users\jeswa\Downloads\file\data\train_set\clean\synth_02134.wav,-8.9
C:\Users\jeswa\Downloads\file\data\train_set\noisy\synth_02135.wav,C:\Users\jeswa\Downloads\file\data\train_set\clean\synth_02135.wav,2.9
C:\Users\jeswa\Downloads\file\data\train_set\noisy\synth_02136.wav,C:\Users\jeswa\Downloads\file\data\train_set\clean\synth_02136.wav,-7.3
C:\Users\jeswa\Downloads\file\data\train_set\noisy\synth_02137.wav,C:\Users\jeswa\Downloads\file\data\train_set\clean\synth_02137.wav,-7.2
C:\Users\jeswa\Downloads\file\data\train_set\noisy\synth_02138.wav,C:\Users\jeswa\Downloads\file\data\train_set\clean\synth_02138.wav,-2.2
C:\Users\jeswa\Downloads\file\data\train_set\noisy\synth_02139.wav,C:\Users\jeswa\Downloads\file\data\train_set\clean\synth_02139.wav,7.9
C:\Users\jeswa\Downloads\file\data\train_set\noisy\synth_02140.wav,C:\Users\jeswa\Downloads\file\data\train_set\clean\synth_02140.wav,5.1
C:\Users\jeswa\Downloads\file\data\train_set\noisy\synth_02141.wav,C:\Users\jeswa\Downloads\file\data\train_set\clean\synth_02141.wav,7.6
C:\Users\jeswa\Downloads\file\data\train_set\noisy\synth_02142.wav,C:\Users\jeswa\Downloads\file\data\train_set\clean\synth_02142.wav,7.0
C:\Users\jeswa\Downloads\file\data\train_set\noisy\synth_02143.wav,C:\Users\jeswa\Downloads\file\data\train_set\clean\synth_02143.wav,5.7
C:\Users\jeswa\Downloads\file\data\train_set\noisy\synth_02144.wav,C:\Users\jeswa\Downloads\file\data\train_set\clean\synth_02144.wav,4.2
C:\Users\jeswa\Downloads\file\data\train_set\noisy\synth_02145.wav,C:\Users\jeswa\Downloads\file\data\train_set\clean\synth_02145.wav,1.3
C:\Users\jeswa\Downloads\file\data\train_set\noisy\synth_02146.wav,C:\Users\jeswa\Downloads\file\data\train_set\clean\synth_02146.wav,3.6
C:\Users\jeswa\Downloads\file\data\train_set\noisy\synth_02147.wav,C:\Users\jeswa\Downloads\file\data\train_set\clean\synth_02147.wav,-7.6
C:\Users\jeswa\Downloads\file\data\train_set\noisy\synth_02148.wav,C:\Users\jeswa\Downloads\file\data\train_set\clean\synth_02148.wav,-8.9
C:\Users\jeswa\Downloads\file\data\train_set\noisy\synth_02149.wav,C:\Users\jeswa\Downloads\file\data\train_set\clean\synth_02149.wav,-7.2
C:\Users\jeswa\Downloads\file\data\train_set\noisy\synth_02150.wav,C:\Users\jeswa\Downloads\file\data\train_set\clean\synth_02150.wav,3.3
C:\Users\jeswa\Downloads\file\data\train_set\noisy\synth_02151.wav,C:\Users\jeswa\Downloads\file\data\train_set\clean\synth_02151.wav,3.6
C:\Users\jeswa\Downloads\file\data\train_set\noisy\synth_02152.wav,C:\Users\jeswa\Downloads\file\data\train_set\clean\synth_02152.wav,-9.4
C:\Users\jeswa\Downloads\file\data\train_set\noisy\synth_02153.wav,C:\Users\jeswa\Downloads\file\data\train_set\clean\synth_02153.wav,-4.5
C:\Users\jeswa\Downloads\file\data\train_set\noisy\synth_02154.wav,C:\Users\jeswa\Downloads\file\data\train_set\clean\synth_02154.wav,-6.3
C:\Users\jeswa\Downloads\file\data\train_set\noisy\synth_02155.wav,C:\Users\jeswa\Downloads\file\data\train_set\clean\synth_02155.wav,-9.5
C:\Users\jeswa\Downloads\file\data\train_set\noisy\synth_02156.wav,C:\Users\jeswa\Downloads\file\data\train_set\clean\synth_02156.wav,2.7
C:\Users\jeswa\Downloads\file\data\train_set\noisy\synth_02157.wav,C:\Users\jeswa\Downloads\file\data\train_set\clean\synth_02157.wav,-6.8
C:\Users\jeswa\Downloads\file\data\train_set\noisy\synth_02158.wav,C:\Users\jeswa\Downloads\file\data\train_set\clean\synth_02158.wav,4.3
C:\Users\jeswa\Downloads\file\data\train_set\noisy\synth_02159.wav,C:\Users\jeswa\Downloads\file\data\train_set\clean\synth_02159.wav,4.6
C:\Users\jeswa\Downloads\file\data\train_set\noisy\synth_02160.wav,C:\Users\jeswa\Downloads\file\data\train_set\clean\synth_02160.wav,12.4
C:\Users\jeswa\Downloads\file\data\train_set\noisy\synth_02161.wav,C:\Users\jeswa\Downloads\file\data\train_set\clean\synth_02161.wav,-8.5
C:\Users\jeswa\Downloads\file\data\train_set\noisy\synth_02162.wav,C:\Users\jeswa\Downloads\file\data\train_set\clean\synth_02162.wav,6.0
C:\Users\jeswa\Downloads\file\data\train_set\noisy\synth_02163.wav,C:\Users\jeswa\Downloads\file\data\train_set\clean\synth_02163.wav,-9.1
C:\Users\jeswa\Downloads\file\data\train_set\noisy\synth_02164.wav,C:\Users\jeswa\Downloads\file\data\train_set\clean\synth_02164.wav,1.9
C:\Users\jeswa\Downloads\file\data\train_set\noisy\synth_02165.wav,C:\Users\jeswa\Downloads\file\data\train_set\clean\synth_02165.wav,2.2
C:\Users\jeswa\Downloads\file\data\train_set\noisy\synth_02166.wav,C:\Users\jeswa\Downloads\file\data\train_set\clean\synth_02166.wav,5.6
C:\Users\jeswa\Downloads\file\data\train_set\noisy\synth_02167.wav,C:\Users\jeswa\Downloads\file\data\train_set\clean\synth_02167.wav,1.5
C:\Users\jeswa\Downloads\file\data\train_set\noisy\synth_02168.wav,C:\Users\jeswa\Downloads\file\data\train_set\clean\synth_02168.wav,9.1
C:\Users\jeswa\Downloads\file\data\train_set\noisy\synth_02169.wav,C:\Users\jeswa\Downloads\file\data\train_set\clean\synth_02169.wav,-5.5
C:\Users\jeswa\Downloads\file\data\train_set\noisy\synth_02170.wav,C:\Users\jeswa\Downloads\file\data\train_set\clean\synth_02170.wav,-8.6
C:\Users\jeswa\Downloads\file\data\train_set\noisy\synth_02171.wav,C:\Users\jeswa\Downloads\file\data\train_set\clean\synth_02171.wav,0.8
C:\Users\jeswa\Downloads\file\data\train_set\noisy\synth_02172.wav,C:\Users\jeswa\Downloads\file\data\train_set\clean\synth_02172.wav,0.8
C:\Users\jeswa\Downloads\file\data\train_set\noisy\synth_02173.wav,C:\Users\jeswa\Downloads\file\data\train_set\clean\synth_02173.wav,-5.3
C:\Users\jeswa\Downloads\file\data\train_set\noisy\synth_02174.wav,C:\Users\jeswa\Downloads\file\data\train_set\clean\synth_02174.wav,-0.4
C:\Users\jeswa\Downloads\file\data\train_set\noisy\synth_02175.wav,C:\Users\jeswa\Downloads\file\data\train_set\clean\synth_02175.wav,6.6
C:\Users\jeswa\Downloads\file\data\train_set\noisy\synth_02176.wav,C:\Users\jeswa\Downloads\file\data\train_set\clean\synth_02176.wav,5.7
C:\Users\jeswa\Downloads\file\data\train_set\noisy\synth_02177.wav,C:\Users\jeswa\Downloads\file\data\train_set\clean\synth_02177.wav,-5.9
C:\Users\jeswa\Downloads\file\data\train_set\noisy\synth_02178.wav,C:\Users\jeswa\Downloads\file\data\train_set\clean\synth_02178.wav,6.0
C:\Users\jeswa\Downloads\file\data\train_set\noisy\synth_02179.wav,C:\Users\jeswa\Downloads\file\data\train_set\clean\synth_02179.wav,3.9
C:\Users\jeswa\Downloads\file\data\train_set\noisy\synth_02180.wav,C:\Users\jeswa\Downloads\file\data\train_set\clean\synth_02180.wav,2.5
C:\Users\jeswa\Downloads\file\data\train_set\noisy\synth_02181.wav,C:\Users\jeswa\Downloads\file\data\train_set\clean\synth_02181.wav,14.6
C:\Users\jeswa\Downloads\file\data\train_set\noisy\synth_02182.wav,C:\Users\jeswa\Downloads\file\data\train_set\clean\synth_02182.wav,7.4
C:\Users\jeswa\Downloads\file\data\train_set\noisy\synth_02183.wav,C:\Users\jeswa\Downloads\file\data\train_set\clean\synth_02183.wav,11.2
C:\Users\jeswa\Downloads\file\data\train_set\noisy\synth_02184.wav,C:\Users\jeswa\Downloads\file\data\train_set\clean\synth_02184.wav,0.8
C:\Users\jeswa\Downloads\file\data\train_set\noisy\synth_02185.wav,C:\Users\jeswa\Downloads\file\data\train_set\clean\synth_02185.wav,8.0
C:\Users\jeswa\Downloads\file\data\train_set\noisy\synth_02186.wav,C:\Users\jeswa\Downloads\file\data\train_set\clean\synth_02186.wav,14.9
C:\Users\jeswa\Downloads\file\data\train_set\noisy\synth_02187.wav,C:\Users\jeswa\Downloads\file\data\train_set\clean\synth_02187.wav,11.5
C:\Users\jeswa\Downloads\file\data\train_set\noisy\synth_02188.wav,C:\Users\jeswa\Downloads\file\data\train_set\clean\synth_02188.wav,1.0
C:\Users\jeswa\Downloads\file\data\train_set\noisy\synth_02189.wav,C:\Users\jeswa\Downloads\file\data\train_set\clean\synth_02189.wav,-2.2
C:\Users\jeswa\Downloads\file\data\train_set\noisy\synth_02190.wav,C:\Users\jeswa\Downloads\file\data\train_set\clean\synth_02190.wav,11.1
C:\Users\jeswa\Downloads\file\data\train_set\noisy\synth_02191.wav,C:\Users\jeswa\Downloads\file\data\train_set\clean\synth_02191.wav,-1.7
C:\Users\jeswa\Downloads\file\data\train_set\noisy\synth_02192.wav,C:\Users\jeswa\Downloads\file\data\train_set\clean\synth_02192.wav,9.2
C:\Users\jeswa\Downloads\file\data\train_set\noisy\synth_02193.wav,C:\Users\jeswa\Downloads\file\data\train_set\clean\synth_02193.wav,6.0
C:\Users\jeswa\Downloads\file\data\train_set\noisy\synth_02194.wav,C:\Users\jeswa\Downloads\file\data\train_set\clean\synth_02194.wav,2.1
C:\Users\jeswa\Downloads\file\data\train_set\noisy\synth_02195.wav,C:\Users\jeswa\Downloads\file\data\train_set\clean\synth_02195.wav,-9.3
C:\Users\jeswa\Downloads\file\data\train_set\noisy\synth_02196.wav,C:\Users\jeswa\Downloads\file\data\train_set\clean\synth_02196.wav,6.0
C:\Users\jeswa\Downloads\file\data\train_set\noisy\synth_02197.wav,C:\Users\jeswa\Downloads\file\data\train_set\clean\synth_02197.wav,7.8
C:\Users\jeswa\Downloads\file\data\train_set\noisy\synth_02198.wav,C:\Users\jeswa\Downloads\file\data\train_set\clean\synth_02198.wav,9.5
C:\Users\jeswa\Downloads\file\data\train_set\noisy\synth_02199.wav,C:\Users\jeswa\Downloads\file\data\train_set\clean\synth_02199.wav,-5.6
C:\Users\jeswa\Downloads\file\data\train_set\noisy\synth_02200.wav,C:\Users\jeswa\Downloads\file\data\train_set\clean\synth_02200.wav,-6.1
C:\Users\jeswa\Downloads\file\data\train_set\noisy\synth_02201.wav,C:\Users\jeswa\Downloads\file\data\train_set\clean\synth_02201.wav,-2.2
C:\Users\jeswa\Downloads\file\data\train_set\noisy\synth_02202.wav,C:\Users\jeswa\Downloads\file\data\train_set\clean\synth_02202.wav,3.7
C:\Users\jeswa\Downloads\file\data\train_set\noisy\synth_02203.wav,C:\Users\jeswa\Downloads\file\data\train_set\clean\synth_02203.wav,13.1
C:\Users\jeswa\Downloads\file\data\train_set\noisy\synth_02204.wav,C:\Users\jeswa\Downloads\file\data\train_set\clean\synth_02204.wav,10.5
C:\Users\jeswa\Downloads\file\data\train_set\noisy\synth_02205.wav,C:\Users\jeswa\Downloads\file\data\train_set\clean\synth_02205.wav,3.1
C:\Users\jeswa\Downloads\file\data\train_set\noisy\synth_02206.wav,C:\Users\jeswa\Downloads\file\data\train_set\clean\synth_02206.wav,11.9
C:\Users\jeswa\Downloads\file\data\train_set\noisy\synth_02207.wav,C:\Users\jeswa\Downloads\file\data\train_set\clean\synth_02207.wav,10.9
C:\Users\jeswa\Downloads\file\data\train_set\noisy\synth_02208.wav,C:\Users\jeswa\Downloads\file\data\train_set\clean\synth_02208.wav,8.3
C:\Users\jeswa\Downloads\file\data\train_set\noisy\synth_02209.wav,C:\Users\jeswa\Downloads\file\data\train_set\clean\synth_02209.wav,-7.9
C:\Users\jeswa\Downloads\file\data\train_set\noisy\synth_02210.wav,C:\Users\jeswa\Downloads\file\data\train_set\clean\synth_02210.wav,4.1
C:\Users\jeswa\Downloads\file\data\train_set\noisy\synth_02211.wav,C:\Users\jeswa\Downloads\file\data\train_set\clean\synth_02211.wav,2.5
C:\Users\jeswa\Downloads\file\data\train_set\noisy\synth_02212.wav,C:\Users\jeswa\Downloads\file\data\train_set\clean\synth_02212.wav,-4.1
C:\Users\jeswa\Downloads\file\data\train_set\noisy\synth_02213.wav,C:\Users\jeswa\Downloads\file\data\train_set\clean\synth_02213.wav,-4.7
C:\Users\jeswa\Downloads\file\data\train_set\noisy\synth_02214.wav,C:\Users\jeswa\Downloads\file\data\train_set\clean\synth_02214.wav,5.2
C:\Users\jeswa\Downloads\file\data\train_set\noisy\synth_02215.wav,C:\Users\jeswa\Downloads\file\data\train_set\clean\synth_02215.wav,1.8
C:\Users\jeswa\Downloads\file\data\train_set\noisy\synth_02216.wav,C:\Users\jeswa\Downloads\file\data\train_set\clean\synth_02216.wav,13.8
C:\Users\jeswa\Downloads\file\data\train_set\noisy\synth_02217.wav,C:\Users\jeswa\Downloads\file\data\train_set\clean\synth_02217.wav,-2.1
C:\Users\jeswa\Downloads\file\data\train_set\noisy\synth_02218.wav,C:\Users\jeswa\Downloads\file\data\train_set\clean\synth_02218.wav,-4.3
C:\Users\jeswa\Downloads\file\data\train_set\noisy\synth_02219.wav,C:\Users\jeswa\Downloads\file\data\train_set\clean\synth_02219.wav,5.2
C:\Users\jeswa\Downloads\file\data\train_set\noisy\synth_02220.wav,C:\Users\jeswa\Downloads\file\data\train_set\clean\synth_02220.wav,4.5
C:\Users\jeswa\Downloads\file\data\train_set\noisy\synth_02221.wav,C:\Users\jeswa\Downloads\file\data\train_set\clean\synth_02221.wav,-9.1
C:\Users\jeswa\Downloads\file\data\train_set\noisy\synth_02222.wav,C:\Users\jeswa\Downloads\file\data\train_set\clean\synth_02222.wav,9.2
C:\Users\jeswa\Downloads\file\data\train_set\noisy\synth_02223.wav,C:\Users\jeswa\Downloads\file\data\train_set\clean\synth_02223.wav,1.7
C:\Users\jeswa\Downloads\file\data\train_set\noisy\synth_02224.wav,C:\Users\jeswa\Downloads\file\data\train_set\clean\synth_02224.wav,-9.7
C:\Users\jeswa\Downloads\file\data\train_set\noisy\synth_02225.wav,C:\Users\jeswa\Downloads\file\data\train_set\clean\synth_02225.wav,-0.3
C:\Users\jeswa\Downloads\file\data\train_set\noisy\synth_02226.wav,C:\Users\jeswa\Downloads\file\data\train_set\clean\synth_02226.wav,6.4
C:\Users\jeswa\Downloads\file\data\train_set\noisy\synth_02227.wav,C:\Users\jeswa\Downloads\file\data\train_set\clean\synth_02227.wav,-1.9
C:\Users\jeswa\Downloads\file\data\train_set\noisy\synth_02228.wav,C:\Users\jeswa\Downloads\file\data\train_set\clean\synth_02228.wav,2.5
C:\Users\jeswa\Downloads\file\data\train_set\noisy\synth_02229.wav,C:\Users\jeswa\Downloads\file\data\train_set\clean\synth_02229.wav,7.3
C:\Users\jeswa\Downloads\file\data\train_set\noisy\synth_02230.wav,C:\Users\jeswa\Downloads\file\data\train_set\clean\synth_02230.wav,2.2
C:\Users\jeswa\Downloads\file\data\train_set\noisy\synth_02231.wav,C:\Users\jeswa\Downloads\file\data\train_set\clean\synth_02231.wav,3.8
C:\Users\jeswa\Downloads\file\data\train_set\noisy\synth_02232.wav,C:\Users\jeswa\Downloads\file\data\train_set\clean\synth_02232.wav,-7.4
C:\Users\jeswa\Downloads\file\data\train_set\noisy\synth_02233.wav,C:\Users\jeswa\Downloads\file\data\train_set\clean\synth_02233.wav,13.6
C:\Users\jeswa\Downloads\file\data\train_set\noisy\synth_02234.wav,C:\Users\jeswa\Downloads\file\data\train_set\clean\synth_02234.wav,14.0
C:\Users\jeswa\Downloads\file\data\train_set\noisy\synth_02235.wav,C:\Users\jeswa\Downloads\file\data\train_set\clean\synth_02235.wav,-0.5
C:\Users\jeswa\Downloads\file\data\train_set\noisy\synth_02236.wav,C:\Users\jeswa\Downloads\file\data\train_set\clean\synth_02236.wav,-7.8
C:\Users\jeswa\Downloads\file\data\train_set\noisy\synth_02237.wav,C:\Users\jeswa\Downloads\file\data\train_set\clean\synth_02237.wav,3.1
C:\Users\jeswa\Downloads\file\data\train_set\noisy\synth_02238.wav,C:\Users\jeswa\Downloads\file\data\train_set\clean\synth_02238.wav,-2.2
C:\Users\jeswa\Downloads\file\data\train_set\noisy\synth_02239.wav,C:\Users\jeswa\Downloads\file\data\train_set\clean\synth_02239.wav,-10.0
C:\Users\jeswa\Downloads\file\data\train_set\noisy\synth_02240.wav,C:\Users\jeswa\Downloads\file\data\train_set\clean\synth_02240.wav,-2.3
C:\Users\jeswa\Downloads\file\data\train_set\noisy\synth_02241.wav,C:\Users\jeswa\Downloads\file\data\train_set\clean\synth_02241.wav,8.2
C:\Users\jeswa\Downloads\file\data\train_set\noisy\synth_02242.wav,C:\Users\jeswa\Downloads\file\data\train_set\clean\synth_02242.wav,-4.9
C:\Users\jeswa\Downloads\file\data\train_set\noisy\synth_02243.wav,C:\Users\jeswa\Downloads\file\data\train_set\clean\synth_02243.wav,-1.0
C:\Users\jeswa\Downloads\file\data\train_set\noisy\synth_02244.wav,C:\Users\jeswa\Downloads\file\data\train_set\clean\synth_02244.wav,-2.0
C:\Users\jeswa\Downloads\file\data\train_set\noisy\synth_02245.wav,C:\Users\jeswa\Downloads\file\data\train_set\clean\synth_02245.wav,-9.4
C:\Users\jeswa\Downloads\file\data\train_set\noisy\synth_02246.wav,C:\Users\jeswa\Downloads\file\data\train_set\clean\synth_02246.wav,8.0
C:\Users\jeswa\Downloads\file\data\train_set\noisy\synth_02247.wav,C:\Users\jeswa\Downloads\file\data\train_set\clean\synth_02247.wav,6.5
C:\Users\jeswa\Downloads\file\data\train_set\noisy\synth_02248.wav,C:\Users\jeswa\Downloads\file\data\train_set\clean\synth_02248.wav,7.8
C:\Users\jeswa\Downloads\file\data\train_set\noisy\synth_02249.wav,C:\Users\jeswa\Downloads\file\data\train_set\clean\synth_02249.wav,-2.8
C:\Users\jeswa\Downloads\file\data\train_set\noisy\synth_02250.wav,C:\Users\jeswa\Downloads\file\data\train_set\clean\synth_02250.wav,5.0
C:\Users\jeswa\Downloads\file\data\train_set\noisy\synth_02251.wav,C:\Users\jeswa\Downloads\file\data\train_set\clean\synth_02251.wav,-6.5
C:\Users\jeswa\Downloads\file\data\train_set\noisy\synth_02252.wav,C:\Users\jeswa\Downloads\file\data\train_set\clean\synth_02252.wav,-5.9
C:\Users\jeswa\Downloads\file\data\train_set\noisy\synth_02253.wav,C:\Users\jeswa\Downloads\file\data\train_set\clean\synth_02253.wav,-0.7
C:\Users\jeswa\Downloads\file\data\train_set\noisy\synth_02254.wav,C:\Users\jeswa\Downloads\file\data\train_set\clean\synth_02254.wav,8.1
C:\Users\jeswa\Downloads\file\data\train_set\noisy\synth_02255.wav,C:\Users\jeswa\Downloads\file\data\train_set\clean\synth_02255.wav,10.7
C:\Users\jeswa\Downloads\file\data\train_set\noisy\synth_02256.wav,C:\Users\jeswa\Downloads\file\data\train_set\clean\synth_02256.wav,-2.6
C:\Users\jeswa\Downloads\file\data\train_set\noisy\synth_02257.wav,C:\Users\jeswa\Downloads\file\data\train_set\clean\synth_02257.wav,-5.4
C:\Users\jeswa\Downloads\file\data\train_set\noisy\synth_02258.wav,C:\Users\jeswa\Downloads\file\data\train_set\clean\synth_02258.wav,5.5
C:\Users\jeswa\Downloads\file\data\train_set\noisy\synth_02259.wav,C:\Users\jeswa\Downloads\file\data\train_set\clean\synth_02259.wav,7.7
C:\Users\jeswa\Downloads\file\data\train_set\noisy\synth_02260.wav,C:\Users\jeswa\Downloads\file\data\train_set\clean\synth_02260.wav,10.5
C:\Users\jeswa\Downloads\file\data\train_set\noisy\synth_02261.wav,C:\Users\jeswa\Downloads\file\data\train_set\clean\synth_02261.wav,5.4
C:\Users\jeswa\Downloads\file\data\train_set\noisy\synth_02262.wav,C:\Users\jeswa\Downloads\file\data\train_set\clean\synth_02262.wav,-0.7
C:\Users\jeswa\Downloads\file\data\train_set\noisy\synth_02263.wav,C:\Users\jeswa\Downloads\file\data\train_set\clean\synth_02263.wav,-5.6
C:\Users\jeswa\Downloads\file\data\train_set\noisy\synth_02264.wav,C:\Users\jeswa\Downloads\file\data\train_set\clean\synth_02264.wav,-1.6
C:\Users\jeswa\Downloads\file\data\train_set\noisy\synth_02265.wav,C:\Users\jeswa\Downloads\file\data\train_set\clean\synth_02265.wav,7.4
C:\Users\jeswa\Downloads\file\data\train_set\noisy\synth_02266.wav,C:\Users\jeswa\Downloads\file\data\train_set\clean\synth_02266.wav,-8.3
C:\Users\jeswa\Downloads\file\data\train_set\noisy\synth_02267.wav,C:\Users\jeswa\Downloads\file\data\train_set\clean\synth_02267.wav,-3.5
C:\Users\jeswa\Downloads\file\data\train_set\noisy\synth_02268.wav,C:\Users\jeswa\Downloads\file\data\train_set\clean\synth_02268.wav,-4.9
C:\Users\jeswa\Downloads\file\data\train_set\noisy\synth_02269.wav,C:\Users\jeswa\Downloads\file\data\train_set\clean\synth_02269.wav,7.9
C:\Users\jeswa\Downloads\file\data\train_set\noisy\synth_02270.wav,C:\Users\jeswa\Downloads\file\data\train_set\clean\synth_02270.wav,-9.9
C:\Users\jeswa\Downloads\file\data\train_set\noisy\synth_02271.wav,C:\Users\jeswa\Downloads\file\data\train_set\clean\synth_02271.wav,1.9
C:\Users\jeswa\Downloads\file\data\train_set\noisy\synth_02272.wav,C:\Users\jeswa\Downloads\file\data\train_set\clean\synth_02272.wav,-3.8
C:\Users\jeswa\Downloads\file\data\train_set\noisy\synth_02273.wav,C:\Users\jeswa\Downloads\file\data\train_set\clean\synth_02273.wav,11.4
C:\Users\jeswa\Downloads\file\data\train_set\noisy\synth_02274.wav,C:\Users\jeswa\Downloads\file\data\train_set\clean\synth_02274.wav,-9.4
C:\Users\jeswa\Downloads\file\data\train_set\noisy\synth_02275.wav,C:\Users\jeswa\Downloads\file\data\train_set\clean\synth_02275.wav,-6.5
C:\Users\jeswa\Downloads\file\data\train_set\noisy\synth_02276.wav,C:\Users\jeswa\Downloads\file\data\train_set\clean\synth_02276.wav,7.6
C:\Users\jeswa\Downloads\file\data\train_set\noisy\synth_02277.wav,C:\Users\jeswa\Downloads\file\data\train_set\clean\synth_02277.wav,5.6
C:\Users\jeswa\Downloads\file\data\train_set\noisy\synth_02278.wav,C:\Users\jeswa\Downloads\file\data\train_set\clean\synth_02278.wav,12.0
C:\Users\jeswa\Downloads\file\data\train_set\noisy\synth_02279.wav,C:\Users\jeswa\Downloads\file\data\train_set\clean\synth_02279.wav,5.4
C:\Users\jeswa\Downloads\file\data\train_set\noisy\synth_02280.wav,C:\Users\jeswa\Downloads\file\data\train_set\clean\synth_02280.wav,2.0
C:\Users\jeswa\Downloads\file\data\train_set\noisy\synth_02281.wav,C:\Users\jeswa\Downloads\file\data\train_set\clean\synth_02281.wav,4.3
C:\Users\jeswa\Downloads\file\data\train_set\noisy\synth_02282.wav,C:\Users\jeswa\Downloads\file\data\train_set\clean\synth_02282.wav,4.1
C:\Users\jeswa\Downloads\file\data\train_set\noisy\synth_02283.wav,C:\Users\jeswa\Downloads\file\data\train_set\clean\synth_02283.wav,-9.3
C:\Users\jeswa\Downloads\file\data\train_set\noisy\synth_02284.wav,C:\Users\jeswa\Downloads\file\data\train_set\clean\synth_02284.wav,7.9
C:\Users\jeswa\Downloads\file\data\train_set\noisy\synth_02285.wav,C:\Users\jeswa\Downloads\file\data\train_set\clean\synth_02285.wav,2.1
C:\Users\jeswa\Downloads\file\data\train_set\noisy\synth_02286.wav,C:\Users\jeswa\Downloads\file\data\train_set\clean\synth_02286.wav,-3.0
C:\Users\jeswa\Downloads\file\data\train_set\noisy\synth_02287.wav,C:\Users\jeswa\Downloads\file\data\train_set\clean\synth_02287.wav,-7.7
C:\Users\jeswa\Downloads\file\data\train_set\noisy\synth_02288.wav,C:\Users\jeswa\Downloads\file\data\train_set\clean\synth_02288.wav,-7.0
C:\Users\jeswa\Downloads\file\data\train_set\noisy\synth_02289.wav,C:\Users\jeswa\Downloads\file\data\train_set\clean\synth_02289.wav,5.1
C:\Users\jeswa\Downloads\file\data\train_set\noisy\synth_02290.wav,C:\Users\jeswa\Downloads\file\data\train_set\clean\synth_02290.wav,-2.1
C:\Users\jeswa\Downloads\file\data\train_set\noisy\synth_02291.wav,C:\Users\jeswa\Downloads\file\data\train_set\clean\synth_02291.wav,0.8
C:\Users\jeswa\Downloads\file\data\train_set\noisy\synth_02292.wav,C:\Users\jeswa\Downloads\file\data\train_set\clean\synth_02292.wav,12.2
C:\Users\jeswa\Downloads\file\data\train_set\noisy\synth_02293.wav,C:\Users\jeswa\Downloads\file\data\train_set\clean\synth_02293.wav,-2.7
C:\Users\jeswa\Downloads\file\data\train_set\noisy\synth_02294.wav,C:\Users\jeswa\Downloads\file\data\train_set\clean\synth_02294.wav,-6.9
C:\Users\jeswa\Downloads\file\data\train_set\noisy\synth_02295.wav,C:\Users\jeswa\Downloads\file\data\train_set\clean\synth_02295.wav,7.6
C:\Users\jeswa\Downloads\file\data\train_set\noisy\synth_02296.wav,C:\Users\jeswa\Downloads\file\data\train_set\clean\synth_02296.wav,-2.3
C:\Users\jeswa\Downloads\file\data\train_set\noisy\synth_02297.wav,C:\Users\jeswa\Downloads\file\data\train_set\clean\synth_02297.wav,11.7
C:\Users\jeswa\Downloads\file\data\train_set\noisy\synth_02298.wav,C:\Users\jeswa\Downloads\file\data\train_set\clean\synth_02298.wav,10.7
C:\Users\jeswa\Downloads\file\data\train_set\noisy\synth_02299.wav,C:\Users\jeswa\Downloads\file\data\train_set\clean\synth_02299.wav,-8.9
C:\Users\jeswa\Downloads\file\data\train_set\noisy\synth_02300.wav,C:\Users\jeswa\Downloads\file\data\train_set\clean\synth_02300.wav,-2.3
C:\Users\jeswa\Downloads\file\data\train_set\noisy\synth_02301.wav,C:\Users\jeswa\Downloads\file\data\train_set\clean\synth_02301.wav,0.7
C:\Users\jeswa\Downloads\file\data\train_set\noisy\synth_02302.wav,C:\Users\jeswa\Downloads\file\data\train_set\clean\synth_02302.wav,13.5
C:\Users\jeswa\Downloads\file\data\train_set\noisy\synth_02303.wav,C:\Users\jeswa\Downloads\file\data\train_set\clean\synth_02303.wav,-2.1
C:\Users\jeswa\Downloads\file\data\train_set\noisy\synth_02304.wav,C:\Users\jeswa\Downloads\file\data\train_set\clean\synth_02304.wav,-8.2
C:\Users\jeswa\Downloads\file\data\train_set\noisy\synth_02305.wav,C:\Users\jeswa\Downloads\file\data\train_set\clean\synth_02305.wav,14.5
C:\Users\jeswa\Downloads\file\data\train_set\noisy\synth_02306.wav,C:\Users\jeswa\Downloads\file\data\train_set\clean\synth_02306.wav,6.0
C:\Users\jeswa\Downloads\file\data\train_set\noisy\synth_02307.wav,C:\Users\jeswa\Downloads\file\data\train_set\clean\synth_02307.wav,1.0
C:\Users\jeswa\Downloads\file\data\train_set\noisy\synth_02308.wav,C:\Users\jeswa\Downloads\file\data\train_set\clean\synth_02308.wav,-1.4
C:\Users\jeswa\Downloads\file\data\train_set\noisy\synth_02309.wav,C:\Users\jeswa\Downloads\file\data\train_set\clean\synth_02309.wav,10.3
C:\Users\jeswa\Downloads\file\data\train_set\noisy\synth_02310.wav,C:\Users\jeswa\Downloads\file\data\train_set\clean\synth_02310.wav,4.3
C:\Users\jeswa\Downloads\file\data\train_set\noisy\synth_02311.wav,C:\Users\jeswa\Downloads\file\data\train_set\clean\synth_02311.wav,2.6
C:\Users\jeswa\Downloads\file\data\train_set\noisy\synth_02312.wav,C:\Users\jeswa\Downloads\file\data\train_set\clean\synth_02312.wav,2.0
C:\Users\jeswa\Downloads\file\data\train_set\noisy\synth_02313.wav,C:\Users\jeswa\Downloads\file\data\train_set\clean\synth_02313.wav,-1.0
C:\Users\jeswa\Downloads\file\data\train_set\noisy\synth_02314.wav,C:\Users\jeswa\Downloads\file\data\train_set\clean\synth_02314.wav,3.6
C:\Users\jeswa\Downloads\file\data\train_set\noisy\synth_02315.wav,C:\Users\jeswa\Downloads\file\data\train_set\clean\synth_02315.wav,-6.9
C:\Users\jeswa\Downloads\file\data\train_set\noisy\synth_02316.wav,C:\Users\jeswa\Downloads\file\data\train_set\clean\synth_02316.wav,-4.8
C:\Users\jeswa\Downloads\file\data\train_set\noisy\synth_02317.wav,C:\Users\jeswa\Downloads\file\data\train_set\clean\synth_02317.wav,0.2
C:\Users\jeswa\Downloads\file\data\train_set\noisy\synth_02318.wav,C:\Users\jeswa\Downloads\file\data\train_set\clean\synth_02318.wav,12.8
C:\Users\jeswa\Downloads\file\data\train_set\noisy\synth_02319.wav,C:\Users\jeswa\Downloads\file\data\train_set\clean\synth_02319.wav,10.0
C:\Users\jeswa\Downloads\file\data\train_set\noisy\synth_02320.wav,C:\Users\jeswa\Downloads\file\data\train_set\clean\synth_02320.wav,14.3
C:\Users\jeswa\Downloads\file\data\train_set\noisy\synth_02321.wav,C:\Users\jeswa\Downloads\file\data\train_set\clean\synth_02321.wav,0.3
C:\Users\jeswa\Downloads\file\data\train_set\noisy\synth_02322.wav,C:\Users\jeswa\Downloads\file\data\train_set\clean\synth_02322.wav,2.6
C:\Users\jeswa\Downloads\file\data\train_set\noisy\synth_02323.wav,C:\Users\jeswa\Downloads\file\data\train_set\clean\synth_02323.wav,8.8
C:\Users\jeswa\Downloads\file\data\train_set\noisy\synth_02324.wav,C:\Users\jeswa\Downloads\file\data\train_set\clean\synth_02324.wav,4.3
C:\Users\jeswa\Downloads\file\data\train_set\noisy\synth_02325.wav,C:\Users\jeswa\Downloads\file\data\train_set\clean\synth_02325.wav,-9.3
C:\Users\jeswa\Downloads\file\data\train_set\noisy\synth_02326.wav,C:\Users\jeswa\Downloads\file\data\train_set\clean\synth_02326.wav,14.4
C:\Users\jeswa\Downloads\file\data\train_set\noisy\synth_02327.wav,C:\Users\jeswa\Downloads\file\data\train_set\clean\synth_02327.wav,12.5
C:\Users\jeswa\Downloads\file\data\train_set\noisy\synth_02328.wav,C:\Users\jeswa\Downloads\file\data\train_set\clean\synth_02328.wav,1.6
C:\Users\jeswa\Downloads\file\data\train_set\noisy\synth_02329.wav,C:\Users\jeswa\Downloads\file\data\train_set\clean\synth_02329.wav,4.7
C:\Users\jeswa\Downloads\file\data\train_set\noisy\synth_02330.wav,C:\Users\jeswa\Downloads\file\data\train_set\clean\synth_02330.wav,-3.9
C:\Users\jeswa\Downloads\file\data\train_set\noisy\synth_02331.wav,C:\Users\jeswa\Downloads\file\data\train_set\clean\synth_02331.wav,14.0
C:\Users\jeswa\Downloads\file\data\train_set\noisy\synth_02332.wav,C:\Users\jeswa\Downloads\file\data\train_set\clean\synth_02332.wav,12.1
C:\Users\jeswa\Downloads\file\data\train_set\noisy\synth_02333.wav,C:\Users\jeswa\Downloads\file\data\train_set\clean\synth_02333.wav,14.9
C:\Users\jeswa\Downloads\file\data\train_set\noisy\synth_02334.wav,C:\Users\jeswa\Downloads\file\data\train_set\clean\synth_02334.wav,4.8
C:\Users\jeswa\Downloads\file\data\train_set\noisy\synth_02335.wav,C:\Users\jeswa\Downloads\file\data\train_set\clean\synth_02335.wav,2.2
C:\Users\jeswa\Downloads\file\data\train_set\noisy\synth_02336.wav,C:\Users\jeswa\Downloads\file\data\train_set\clean\synth_02336.wav,1.0
C:\Users\jeswa\Downloads\file\data\train_set\noisy\synth_02337.wav,C:\Users\jeswa\Downloads\file\data\train_set\clean\synth_02337.wav,-9.1
C:\Users\jeswa\Downloads\file\data\train_set\noisy\synth_02338.wav,C:\Users\jeswa\Downloads\file\data\train_set\clean\synth_02338.wav,14.6
C:\Users\jeswa\Downloads\file\data\train_set\noisy\synth_02339.wav,C:\Users\jeswa\Downloads\file\data\train_set\clean\synth_02339.wav,-0.3
C:\Users\jeswa\Downloads\file\data\train_set\noisy\synth_02340.wav,C:\Users\jeswa\Downloads\file\data\train_set\clean\synth_02340.wav,-2.5
C:\Users\jeswa\Downloads\file\data\train_set\noisy\synth_02341.wav,C:\Users\jeswa\Downloads\file\data\train_set\clean\synth_02341.wav,-1.3
C:\Users\jeswa\Downloads\file\data\train_set\noisy\synth_02342.wav,C:\Users\jeswa\Downloads\file\data\train_set\clean\synth_02342.wav,-5.2
C:\Users\jeswa\Downloads\file\data\train_set\noisy\synth_02343.wav,C:\Users\jeswa\Downloads\file\data\train_set\clean\synth_02343.wav,10.5
C:\Users\jeswa\Downloads\file\data\train_set\noisy\synth_02344.wav,C:\Users\jeswa\Downloads\file\data\train_set\clean\synth_02344.wav,4.2
C:\Users\jeswa\Downloads\file\data\train_set\noisy\synth_02345.wav,C:\Users\jeswa\Downloads\file\data\train_set\clean\synth_02345.wav,11.8
C:\Users\jeswa\Downloads\file\data\train_set\noisy\synth_02346.wav,C:\Users\jeswa\Downloads\file\data\train_set\clean\synth_02346.wav,-2.7
C:\Users\jeswa\Downloads\file\data\train_set\noisy\synth_02347.wav,C:\Users\jeswa\Downloads\file\data\train_set\clean\synth_02347.wav,9.5
C:\Users\jeswa\Downloads\file\data\train_set\noisy\synth_02348.wav,C:\Users\jeswa\Downloads\file\data\train_set\clean\synth_02348.wav,9.2
C:\Users\jeswa\Downloads\file\data\train_set\noisy\synth_02349.wav,C:\Users\jeswa\Downloads\file\data\train_set\clean\synth_02349.wav,-2.4
C:\Users\jeswa\Downloads\file\data\train_set\noisy\synth_02350.wav,C:\Users\jeswa\Downloads\file\data\train_set\clean\synth_02350.wav,8.3
C:\Users\jeswa\Downloads\file\data\train_set\noisy\synth_02351.wav,C:\Users\jeswa\Downloads\file\data\train_set\clean\synth_02351.wav,-3.6
C:\Users\jeswa\Downloads\file\data\train_set\noisy\synth_02352.wav,C:\Users\jeswa\Downloads\file\data\train_set\clean\synth_02352.wav,7.6
C:\Users\jeswa\Downloads\file\data\train_set\noisy\synth_02353.wav,C:\Users\jeswa\Downloads\file\data\train_set\clean\synth_02353.wav,13.3
C:\Users\jeswa\Downloads\file\data\train_set\noisy\synth_02354.wav,C:\Users\jeswa\Downloads\file\data\train_set\clean\synth_02354.wav,13.6
C:\Users\jeswa\Downloads\file\data\train_set\noisy\synth_02355.wav,C:\Users\jeswa\Downloads\file\data\train_set\clean\synth_02355.wav,3.0
C:\Users\jeswa\Downloads\file\data\train_set\noisy\synth_02356.wav,C:\Users\jeswa\Downloads\file\data\train_set\clean\synth_02356.wav,2.8
C:\Users\jeswa\Downloads\file\data\train_set\noisy\synth_02357.wav,C:\Users\jeswa\Downloads\file\data\train_set\clean\synth_02357.wav,5.6
C:\Users\jeswa\Downloads\file\data\train_set\noisy\synth_02358.wav,C:\Users\jeswa\Downloads\file\data\train_set\clean\synth_02358.wav,-6.8
C:\Users\jeswa\Downloads\file\data\train_set\noisy\synth_02359.wav,C:\Users\jeswa\Downloads\file\data\train_set\clean\synth_02359.wav,11.9
C:\Users\jeswa\Downloads\file\data\train_set\noisy\synth_02360.wav,C:\Users\jeswa\Downloads\file\data\train_set\clean\synth_02360.wav,-9.6
C:\Users\jeswa\Downloads\file\data\train_set\noisy\synth_02361.wav,C:\Users\jeswa\Downloads\file\data\train_set\clean\synth_02361.wav,6.9
C:\Users\jeswa\Downloads\file\data\train_set\noisy\synth_02362.wav,C:\Users\jeswa\Downloads\file\data\train_set\clean\synth_02362.wav,2.0
C:\Users\jeswa\Downloads\file\data\train_set\noisy\synth_02363.wav,C:\Users\jeswa\Downloads\file\data\train_set\clean\synth_02363.wav,11.1
C:\Users\jeswa\Downloads\file\data\train_set\noisy\synth_02364.wav,C:\Users\jeswa\Downloads\file\data\train_set\clean\synth_02364.wav,9.8
C:\Users\jeswa\Downloads\file\data\train_set\noisy\synth_02365.wav,C:\Users\jeswa\Downloads\file\data\train_set\clean\synth_02365.wav,13.4
C:\Users\jeswa\Downloads\file\data\train_set\noisy\synth_02366.wav,C:\Users\jeswa\Downloads\file\data\train_set\clean\synth_02366.wav,-0.6
C:\Users\jeswa\Downloads\file\data\train_set\noisy\synth_02367.wav,C:\Users\jeswa\Downloads\file\data\train_set\clean\synth_02367.wav,-1.3
C:\Users\jeswa\Downloads\file\data\train_set\noisy\synth_02368.wav,C:\Users\jeswa\Downloads\file\data\train_set\clean\synth_02368.wav,-2.3
C:\Users\jeswa\Downloads\file\data\train_set\noisy\synth_02369.wav,C:\Users\jeswa\Downloads\file\data\train_set\clean\synth_02369.wav,-8.5
C:\Users\jeswa\Downloads\file\data\train_set\noisy\synth_02370.wav,C:\Users\jeswa\Downloads\file\data\train_set\clean\synth_02370.wav,5.7
C:\Users\jeswa\Downloads\file\data\train_set\noisy\synth_02371.wav,C:\Users\jeswa\Downloads\file\data\train_set\clean\synth_02371.wav,4.6
C:\Users\jeswa\Downloads\file\data\train_set\noisy\synth_02372.wav,C:\Users\jeswa\Downloads\file\data\train_set\clean\synth_02372.wav,3.4
C:\Users\jeswa\Downloads\file\data\train_set\noisy\synth_02373.wav,C:\Users\jeswa\Downloads\file\data\train_set\clean\synth_02373.wav,-7.9
C:\Users\jeswa\Downloads\file\data\train_set\noisy\synth_02374.wav,C:\Users\jeswa\Downloads\file\data\train_set\clean\synth_02374.wav,-8.3
C:\Users\jeswa\Downloads\file\data\train_set\noisy\synth_02375.wav,C:\Users\jeswa\Downloads\file\data\train_set\clean\synth_02375.wav,13.7
C:\Users\jeswa\Downloads\file\data\train_set\noisy\synth_02376.wav,C:\Users\jeswa\Downloads\file\data\train_set\clean\synth_02376.wav,-4.4
C:\Users\jeswa\Downloads\file\data\train_set\noisy\synth_02377.wav,C:\Users\jeswa\Downloads\file\data\train_set\clean\synth_02377.wav,8.1
C:\Users\jeswa\Downloads\file\data\train_set\noisy\synth_02378.wav,C:\Users\jeswa\Downloads\file\data\train_set\clean\synth_02378.wav,7.7
C:\Users\jeswa\Downloads\file\data\train_set\noisy\synth_02379.wav,C:\Users\jeswa\Downloads\file\data\train_set\clean\synth_02379.wav,-2.2
C:\Users\jeswa\Downloads\file\data\train_set\noisy\synth_02380.wav,C:\Users\jeswa\Downloads\file\data\train_set\clean\synth_02380.wav,-7.3
C:\Users\jeswa\Downloads\file\data\train_set\noisy\synth_02381.wav,C:\Users\jeswa\Downloads\file\data\train_set\clean\synth_02381.wav,11.5
C:\Users\jeswa\Downloads\file\data\train_set\noisy\synth_02382.wav,C:\Users\jeswa\Downloads\file\data\train_set\clean\synth_02382.wav,14.9
C:\Users\jeswa\Downloads\file\data\train_set\noisy\synth_02383.wav,C:\Users\jeswa\Downloads\file\data\train_set\clean\synth_02383.wav,-3.3
C:\Users\jeswa\Downloads\file\data\train_set\noisy\synth_02384.wav,C:\Users\jeswa\Downloads\file\data\train_set\clean\synth_02384.wav,-1.3
C:\Users\jeswa\Downloads\file\data\train_set\noisy\synth_02385.wav,C:\Users\jeswa\Downloads\file\data\train_set\clean\synth_02385.wav,7.1
C:\Users\jeswa\Downloads\file\data\train_set\noisy\synth_02386.wav,C:\Users\jeswa\Downloads\file\data\train_set\clean\synth_02386.wav,12.4
C:\Users\jeswa\Downloads\file\data\train_set\noisy\synth_02387.wav,C:\Users\jeswa\Downloads\file\data\train_set\clean\synth_02387.wav,4.0
C:\Users\jeswa\Downloads\file\data\train_set\noisy\synth_02388.wav,C:\Users\jeswa\Downloads\file\data\train_set\clean\synth_02388.wav,11.7
C:\Users\jeswa\Downloads\file\data\train_set\noisy\synth_02389.wav,C:\Users\jeswa\Downloads\file\data\train_set\clean\synth_02389.wav,8.2
C:\Users\jeswa\Downloads\file\data\train_set\noisy\synth_02390.wav,C:\Users\jeswa\Downloads\file\data\train_set\clean\synth_02390.wav,12.2
C:\Users\jeswa\Downloads\file\data\train_set\noisy\synth_02391.wav,C:\Users\jeswa\Downloads\file\data\train_set\clean\synth_02391.wav,-7.4
C:\Users\jeswa\Downloads\file\data\train_set\noisy\synth_02392.wav,C:\Users\jeswa\Downloads\file\data\train_set\clean\synth_02392.wav,9.2
C:\Users\jeswa\Downloads\file\data\train_set\noisy\synth_02393.wav,C:\Users\jeswa\Downloads\file\data\train_set\clean\synth_02393.wav,3.2
C:\Users\jeswa\Downloads\file\data\train_set\noisy\synth_02394.wav,C:\Users\jeswa\Downloads\file\data\train_set\clean\synth_02394.wav,-3.4
C:\Users\jeswa\Downloads\file\data\train_set\noisy\synth_02395.wav,C:\Users\jeswa\Downloads\file\data\train_set\clean\synth_02395.wav,2.5
C:\Users\jeswa\Downloads\file\data\train_set\noisy\synth_02396.wav,C:\Users\jeswa\Downloads\file\data\train_set\clean\synth_02396.wav,-5.6
C:\Users\jeswa\Downloads\file\data\train_set\noisy\synth_02397.wav,C:\Users\jeswa\Downloads\file\data\train_set\clean\synth_02397.wav,-7.0
C:\Users\jeswa\Downloads\file\data\train_set\noisy\synth_02398.wav,C:\Users\jeswa\Downloads\file\data\train_set\clean\synth_02398.wav,13.2
C:\Users\jeswa\Downloads\file\data\train_set\noisy\synth_02399.wav,C:\Users\jeswa\Downloads\file\data\train_set\clean\synth_02399.wav,11.5
C:\Users\jeswa\Downloads\file\data\train_set\noisy\synth_02400.wav,C:\Users\jeswa\Downloads\file\data\train_set\clean\synth_02400.wav,9.8
C:\Users\jeswa\Downloads\file\data\train_set\noisy\synth_02401.wav,C:\Users\jeswa\Downloads\file\data\train_set\clean\synth_02401.wav,-8.0
C:\Users\jeswa\Downloads\file\data\train_set\noisy\synth_02402.wav,C:\Users\jeswa\Downloads\file\data\train_set\clean\synth_02402.wav,-3.8
C:\Users\jeswa\Downloads\file\data\train_set\noisy\synth_02403.wav,C:\Users\jeswa\Downloads\file\data\train_set\clean\synth_02403.wav,13.7
C:\Users\jeswa\Downloads\file\data\train_set\noisy\synth_02404.wav,C:\Users\jeswa\Downloads\file\data\train_set\clean\synth_02404.wav,6.1
C:\Users\jeswa\Downloads\file\data\train_set\noisy\synth_02405.wav,C:\Users\jeswa\Downloads\file\data\train_set\clean\synth_02405.wav,10.4
C:\Users\jeswa\Downloads\file\data\train_set\noisy\synth_02406.wav,C:\Users\jeswa\Downloads\file\data\train_set\clean\synth_02406.wav,13.0
C:\Users\jeswa\Downloads\file\data\train_set\noisy\synth_02407.wav,C:\Users\jeswa\Downloads\file\data\train_set\clean\synth_02407.wav,11.1
C:\Users\jeswa\Downloads\file\data\train_set\noisy\synth_02408.wav,C:\Users\jeswa\Downloads\file\data\train_set\clean\synth_02408.wav,-4.0
C:\Users\jeswa\Downloads\file\data\train_set\noisy\synth_02409.wav,C:\Users\jeswa\Downloads\file\data\train_set\clean\synth_02409.wav,-8.2
C:\Users\jeswa\Downloads\file\data\train_set\noisy\synth_02410.wav,C:\Users\jeswa\Downloads\file\data\train_set\clean\synth_02410.wav,1.4
C:\Users\jeswa\Downloads\file\data\train_set\noisy\synth_02411.wav,C:\Users\jeswa\Downloads\file\data\train_set\clean\synth_02411.wav,-10.0
C:\Users\jeswa\Downloads\file\data\train_set\noisy\synth_02412.wav,C:\Users\jeswa\Downloads\file\data\train_set\clean\synth_02412.wav,10.7
C:\Users\jeswa\Downloads\file\data\train_set\noisy\synth_02413.wav,C:\Users\jeswa\Downloads\file\data\train_set\clean\synth_02413.wav,14.7
C:\Users\jeswa\Downloads\file\data\train_set\noisy\synth_02414.wav,C:\Users\jeswa\Downloads\file\data\train_set\clean\synth_02414.wav,7.1
C:\Users\jeswa\Downloads\file\data\train_set\noisy\synth_02415.wav,C:\Users\jeswa\Downloads\file\data\train_set\clean\synth_02415.wav,9.1
C:\Users\jeswa\Downloads\file\data\train_set\noisy\synth_02416.wav,C:\Users\jeswa\Downloads\file\data\train_set\clean\synth_02416.wav,-4.2
C:\Users\jeswa\Downloads\file\data\train_set\noisy\synth_02417.wav,C:\Users\jeswa\Downloads\file\data\train_set\clean\synth_02417.wav,-2.2
C:\Users\jeswa\Downloads\file\data\train_set\noisy\synth_02418.wav,C:\Users\jeswa\Downloads\file\data\train_set\clean\synth_02418.wav,13.7
C:\Users\jeswa\Downloads\file\data\train_set\noisy\synth_02419.wav,C:\Users\jeswa\Downloads\file\data\train_set\clean\synth_02419.wav,9.7
C:\Users\jeswa\Downloads\file\data\train_set\noisy\synth_02420.wav,C:\Users\jeswa\Downloads\file\data\train_set\clean\synth_02420.wav,-7.9
C:\Users\jeswa\Downloads\file\data\train_set\noisy\synth_02421.wav,C:\Users\jeswa\Downloads\file\data\train_set\clean\synth_02421.wav,9.3
C:\Users\jeswa\Downloads\file\data\train_set\noisy\synth_02422.wav,C:\Users\jeswa\Downloads\file\data\train_set\clean\synth_02422.wav,10.7
C:\Users\jeswa\Downloads\file\data\train_set\noisy\synth_02423.wav,C:\Users\jeswa\Downloads\file\data\train_set\clean\synth_02423.wav,11.2
C:\Users\jeswa\Downloads\file\data\train_set\noisy\synth_02424.wav,C:\Users\jeswa\Downloads\file\data\train_set\clean\synth_02424.wav,11.4
C:\Users\jeswa\Downloads\file\data\train_set\noisy\synth_02425.wav,C:\Users\jeswa\Downloads\file\data\train_set\clean\synth_02425.wav,12.0
C:\Users\jeswa\Downloads\file\data\train_set\noisy\synth_02426.wav,C:\Users\jeswa\Downloads\file\data\train_set\clean\synth_02426.wav,12.8
C:\Users\jeswa\Downloads\file\data\train_set\noisy\synth_02427.wav,C:\Users\jeswa\Downloads\file\data\train_set\clean\synth_02427.wav,12.1
C:\Users\jeswa\Downloads\file\data\train_set\noisy\synth_02428.wav,C:\Users\jeswa\Downloads\file\data\train_set\clean\synth_02428.wav,6.1
C:\Users\jeswa\Downloads\file\data\train_set\noisy\synth_02429.wav,C:\Users\jeswa\Downloads\file\data\train_set\clean\synth_02429.wav,10.3
C:\Users\jeswa\Downloads\file\data\train_set\noisy\synth_02430.wav,C:\Users\jeswa\Downloads\file\data\train_set\clean\synth_02430.wav,-9.9
C:\Users\jeswa\Downloads\file\data\train_set\noisy\synth_02431.wav,C:\Users\jeswa\Downloads\file\data\train_set\clean\synth_02431.wav,12.5
C:\Users\jeswa\Downloads\file\data\train_set\noisy\synth_02432.wav,C:\Users\jeswa\Downloads\file\data\train_set\clean\synth_02432.wav,2.2
C:\Users\jeswa\Downloads\file\data\train_set\noisy\synth_02433.wav,C:\Users\jeswa\Downloads\file\data\train_set\clean\synth_02433.wav,-8.2
C:\Users\jeswa\Downloads\file\data\train_set\noisy\synth_02434.wav,C:\Users\jeswa\Downloads\file\data\train_set\clean\synth_02434.wav,6.0
C:\Users\jeswa\Downloads\file\data\train_set\noisy\synth_02435.wav,C:\Users\jeswa\Downloads\file\data\train_set\clean\synth_02435.wav,-6.2
C:\Users\jeswa\Downloads\file\data\train_set\noisy\synth_02436.wav,C:\Users\jeswa\Downloads\file\data\train_set\clean\synth_02436.wav,0.6
C:\Users\jeswa\Downloads\file\data\train_set\noisy\synth_02437.wav,C:\Users\jeswa\Downloads\file\data\train_set\clean\synth_02437.wav,-0.9
C:\Users\jeswa\Downloads\file\data\train_set\noisy\synth_02438.wav,C:\Users\jeswa\Downloads\file\data\train_set\clean\synth_02438.wav,2.8
C:\Users\jeswa\Downloads\file\data\train_set\noisy\synth_02439.wav,C:\Users\jeswa\Downloads\file\data\train_set\clean\synth_02439.wav,-9.9
C:\Users\jeswa\Downloads\file\data\train_set\noisy\synth_02440.wav,C:\Users\jeswa\Downloads\file\data\train_set\clean\synth_02440.wav,3.3
C:\Users\jeswa\Downloads\file\data\train_set\noisy\synth_02441.wav,C:\Users\jeswa\Downloads\file\data\train_set\clean\synth_02441.wav,8.0
C:\Users\jeswa\Downloads\file\data\train_set\noisy\synth_02442.wav,C:\Users\jeswa\Downloads\file\data\train_set\clean\synth_02442.wav,3.2
C:\Users\jeswa\Downloads\file\data\train_set\noisy\synth_02443.wav,C:\Users\jeswa\Downloads\file\data\train_set\clean\synth_02443.wav,9.1
C:\Users\jeswa\Downloads\file\data\train_set\noisy\synth_02444.wav,C:\Users\jeswa\Downloads\file\data\train_set\clean\synth_02444.wav,1.9
C:\Users\jeswa\Downloads\file\data\train_set\noisy\synth_02445.wav,C:\Users\jeswa\Downloads\file\data\train_set\clean\synth_02445.wav,10.2
C:\Users\jeswa\Downloads\file\data\train_set\noisy\synth_02446.wav,C:\Users\jeswa\Downloads\file\data\train_set\clean\synth_02446.wav,-3.1
C:\Users\jeswa\Downloads\file\data\train_set\noisy\synth_02447.wav,C:\Users\jeswa\Downloads\file\data\train_set\clean\synth_02447.wav,3.6
C:\Users\jeswa\Downloads\file\data\train_set\noisy\synth_02448.wav,C:\Users\jeswa\Downloads\file\data\train_set\clean\synth_02448.wav,4.2
C:\Users\jeswa\Downloads\file\data\train_set\noisy\synth_02449.wav,C:\Users\jeswa\Downloads\file\data\train_set\clean\synth_02449.wav,-5.0
C:\Users\jeswa\Downloads\file\data\train_set\noisy\synth_02450.wav,C:\Users\jeswa\Downloads\file\data\train_set\clean\synth_02450.wav,4.8
C:\Users\jeswa\Downloads\file\data\train_set\noisy\synth_02451.wav,C:\Users\jeswa\Downloads\file\data\train_set\clean\synth_02451.wav,-6.7
C:\Users\jeswa\Downloads\file\data\train_set\noisy\synth_02452.wav,C:\Users\jeswa\Downloads\file\data\train_set\clean\synth_02452.wav,-7.4
C:\Users\jeswa\Downloads\file\data\train_set\noisy\synth_02453.wav,C:\Users\jeswa\Downloads\file\data\train_set\clean\synth_02453.wav,7.1
C:\Users\jeswa\Downloads\file\data\train_set\noisy\synth_02454.wav,C:\Users\jeswa\Downloads\file\data\train_set\clean\synth_02454.wav,-6.2
C:\Users\jeswa\Downloads\file\data\train_set\noisy\synth_02455.wav,C:\Users\jeswa\Downloads\file\data\train_set\clean\synth_02455.wav,2.3
C:\Users\jeswa\Downloads\file\data\train_set\noisy\synth_02456.wav,C:\Users\jeswa\Downloads\file\data\train_set\clean\synth_02456.wav,8.0
C:\Users\jeswa\Downloads\file\data\train_set\noisy\synth_02457.wav,C:\Users\jeswa\Downloads\file\data\train_set\clean\synth_02457.wav,-4.3
C:\Users\jeswa\Downloads\file\data\train_set\noisy\synth_02458.wav,C:\Users\jeswa\Downloads\file\data\train_set\clean\synth_02458.wav,14.5
C:\Users\jeswa\Downloads\file\data\train_set\noisy\synth_02459.wav,C:\Users\jeswa\Downloads\file\data\train_set\clean\synth_02459.wav,-1.8
C:\Users\jeswa\Downloads\file\data\train_set\noisy\synth_02460.wav,C:\Users\jeswa\Downloads\file\data\train_set\clean\synth_02460.wav,-1.6
C:\Users\jeswa\Downloads\file\data\train_set\noisy\synth_02461.wav,C:\Users\jeswa\Downloads\file\data\train_set\clean\synth_02461.wav,0.5
C:\Users\jeswa\Downloads\file\data\train_set\noisy\synth_02462.wav,C:\Users\jeswa\Downloads\file\data\train_set\clean\synth_02462.wav,2.3
C:\Users\jeswa\Downloads\file\data\train_set\noisy\synth_02463.wav,C:\Users\jeswa\Downloads\file\data\train_set\clean\synth_02463.wav,-5.0
C:\Users\jeswa\Downloads\file\data\train_set\noisy\synth_02464.wav,C:\Users\jeswa\Downloads\file\data\train_set\clean\synth_02464.wav,14.0
C:\Users\jeswa\Downloads\file\data\train_set\noisy\synth_02465.wav,C:\Users\jeswa\Downloads\file\data\train_set\clean\synth_02465.wav,8.2
C:\Users\jeswa\Downloads\file\data\train_set\noisy\synth_02466.wav,C:\Users\jeswa\Downloads\file\data\train_set\clean\synth_02466.wav,6.0
C:\Users\jeswa\Downloads\file\data\train_set\noisy\synth_02467.wav,C:\Users\jeswa\Downloads\file\data\train_set\clean\synth_02467.wav,5.3
C:\Users\jeswa\Downloads\file\data\train_set\noisy\synth_02468.wav,C:\Users\jeswa\Downloads\file\data\train_set\clean\synth_02468.wav,14.1
C:\Users\jeswa\Downloads\file\data\train_set\noisy\synth_02469.wav,C:\Users\jeswa\Downloads\file\data\train_set\clean\synth_02469.wav,13.4
C:\Users\jeswa\Downloads\file\data\train_set\noisy\synth_02470.wav,C:\Users\jeswa\Downloads\file\data\train_set\clean\synth_02470.wav,12.0
C:\Users\jeswa\Downloads\file\data\train_set\noisy\synth_02471.wav,C:\Users\jeswa\Downloads\file\data\train_set\clean\synth_02471.wav,0.3
C:\Users\jeswa\Downloads\file\data\train_set\noisy\synth_02472.wav,C:\Users\jeswa\Downloads\file\data\train_set\clean\synth_02472.wav,0.9
C:\Users\jeswa\Downloads\file\data\train_set\noisy\synth_02473.wav,C:\Users\jeswa\Downloads\file\data\train_set\clean\synth_02473.wav,1.7
C:\Users\jeswa\Downloads\file\data\train_set\noisy\synth_02474.wav,C:\Users\jeswa\Downloads\file\data\train_set\clean\synth_02474.wav,3.5
C:\Users\jeswa\Downloads\file\data\train_set\noisy\synth_02475.wav,C:\Users\jeswa\Downloads\file\data\train_set\clean\synth_02475.wav,-1.3
C:\Users\jeswa\Downloads\file\data\train_set\noisy\synth_02476.wav,C:\Users\jeswa\Downloads\file\data\train_set\clean\synth_02476.wav,7.0
C:\Users\jeswa\Downloads\file\data\train_set\noisy\synth_02477.wav,C:\Users\jeswa\Downloads\file\data\train_set\clean\synth_02477.wav,-3.7
C:\Users\jeswa\Downloads\file\data\train_set\noisy\synth_02478.wav,C:\Users\jeswa\Downloads\file\data\train_set\clean\synth_02478.wav,7.5
C:\Users\jeswa\Downloads\file\data\train_set\noisy\synth_02479.wav,C:\Users\jeswa\Downloads\file\data\train_set\clean\synth_02479.wav,7.8
C:\Users\jeswa\Downloads\file\data\train_set\noisy\synth_02480.wav,C:\Users\jeswa\Downloads\file\data\train_set\clean\synth_02480.wav,3.4
C:\Users\jeswa\Downloads\file\data\train_set\noisy\synth_02481.wav,C:\Users\jeswa\Downloads\file\data\train_set\clean\synth_02481.wav,-2.6
C:\Users\jeswa\Downloads\file\data\train_set\noisy\synth_02482.wav,C:\Users\jeswa\Downloads\file\data\train_set\clean\synth_02482.wav,3.3
C:\Users\jeswa\Downloads\file\data\train_set\noisy\synth_02483.wav,C:\Users\jeswa\Downloads\file\data\train_set\clean\synth_02483.wav,8.0
C:\Users\jeswa\Downloads\file\data\train_set\noisy\synth_02484.wav,C:\Users\jeswa\Downloads\file\data\train_set\clean\synth_02484.wav,-6.8
C:\Users\jeswa\Downloads\file\data\train_set\noisy\synth_02485.wav,C:\Users\jeswa\Downloads\file\data\train_set\clean\synth_02485.wav,2.8
C:\Users\jeswa\Downloads\file\data\train_set\noisy\synth_02486.wav,C:\Users\jeswa\Downloads\file\data\train_set\clean\synth_02486.wav,-4.4
C:\Users\jeswa\Downloads\file\data\train_set\noisy\synth_02487.wav,C:\Users\jeswa\Downloads\file\data\train_set\clean\synth_02487.wav,7.0
C:\Users\jeswa\Downloads\file\data\train_set\noisy\synth_02488.wav,C:\Users\jeswa\Downloads\file\data\train_set\clean\synth_02488.wav,-4.5
C:\Users\jeswa\Downloads\file\data\train_set\noisy\synth_02489.wav,C:\Users\jeswa\Downloads\file\data\train_set\clean\synth_02489.wav,-4.8
C:\Users\jeswa\Downloads\file\data\train_set\noisy\synth_02490.wav,C:\Users\jeswa\Downloads\file\data\train_set\clean\synth_02490.wav,9.8
C:\Users\jeswa\Downloads\file\data\train_set\noisy\synth_02491.wav,C:\Users\jeswa\Downloads\file\data\train_set\clean\synth_02491.wav,12.2
C:\Users\jeswa\Downloads\file\data\train_set\noisy\synth_02492.wav,C:\Users\jeswa\Downloads\file\data\train_set\clean\synth_02492.wav,5.6
C:\Users\jeswa\Downloads\file\data\train_set\noisy\synth_02493.wav,C:\Users\jeswa\Downloads\file\data\train_set\clean\synth_02493.wav,7.2
C:\Users\jeswa\Downloads\file\data\train_set\noisy\synth_02494.wav,C:\Users\jeswa\Downloads\file\data\train_set\clean\synth_02494.wav,6.5
C:\Users\jeswa\Downloads\file\data\train_set\noisy\synth_02495.wav,C:\Users\jeswa\Downloads\file\data\train_set\clean\synth_02495.wav,10.4
C:\Users\jeswa\Downloads\file\data\train_set\noisy\synth_02496.wav,C:\Users\jeswa\Downloads\file\data\train_set\clean\synth_02496.wav,12.2
C:\Users\jeswa\Downloads\file\data\train_set\noisy\synth_02497.wav,C:\Users\jeswa\Downloads\file\data\train_set\clean\synth_02497.wav,11.7
C:\Users\jeswa\Downloads\file\data\train_set\noisy\synth_02498.wav,C:\Users\jeswa\Downloads\file\data\train_set\clean\synth_02498.wav,11.3
C:\Users\jeswa\Downloads\file\data\train_set\noisy\synth_02499.wav,C:\Users\jeswa\Downloads\file\data\train_set\clean\synth_02499.wav,12.6
